ID,ARTICLE NO.,ITEM NAME,PRICE,Qty.
1,0005 38 40,BOYS (CARGO) PANT,250,20
2,001 (KB) 12 14,FROCK (A),360,8
3,00179 22 30,BOYS (R.F.D) PANT,505,15
4,0018 32 36,BOYS (CARGO) PANT,235,12
5,00192 32 40,BOYS (R.F.D) PANT,435,5
6,002 (KB) 12 14,FROCK (A),360,4
7,0025 22 30,BOYS (CARGO) PANT,275,10
8,0026 32 40,BOYS (CARGO) PANT,310,105
9,006 (KB) 12 14,FROCK (A),360,2
10,0066 (MMM) 12 14    [620442],GIRLS SET (A),460,0
11,007 FREE,TOP,250,-3
12,007(KB) 12 14,FROCK (A),310,49
13,0086006 32 40,GIRLS PANT(DNAM),555,-10
14,0086036 32 40,GIRLS PANT(DNAM),560,5
15,01014 M,LOWER,390,0
16,016 FREE,TOP,175,-1
17,019 FREE,TOP,275,-1
18,020087 28 34,LADIES JEGGING,450,-26
19,0254 30 36,GENTS PANT,625,-1
20,04003 30 36,GENTS PANT,695,-1
21,04010 30 36,GENTS PANT,695,1
22,04021 30 36,GENTS PANT,685,2
23,04245 XL,BERMUDA,145,15
24,053569 26 30,BOYS (R.F.D) PANT,560,18
25,073408 22 30,GIRLS PANT(DNAM),275,2
26,07778 28 34,LADIES SHRUG,435,8
27,084466 32 38,GIRLS JEGGING,395,-4
28,085912 32 40,GIRLS PANT(DNAM),515,-20
29,086619 32 40,GIRLS(R.F.D)PANT,570,-60
30,1 (MB) 12 14,FROCK (A),475,0
31,10042 (MMM) 12 14   [620442],GIRLS SET (A),460,0
32,1006 L,LOWER,370,0
33,1006 M,LOWER,360,0
34,1008 XXL,LOWER,405,0
35,1008 XXXL,LOWER,415,0
36,1009 L,LOWER,385,0
37,1009 M,LOWER,375,0
38,1009 XL,LOWER,395,0
39,1009 XXL,LOWER,400,0
40,1009 XXXL,LOWER,415,0
41,101(532) 0 1,KURTA PAJAMA,575,0
42,101(597) 16 26,GIRLS SET,830,0
43,1014 22 30,BOYS PANT,505,39
44,1014 32 40,BOYS PANT,625,45
45,102(597) 16 26,GIRLS SET,925,0
46,1027 L,LOWER,310,0
47,1027 XXXL,LOWER,340,0
48,103(597) 16 26,FROCK (A),795,0
49,1032 L,LOWER,330,0
50,1032 M,LOWER,320,0
51,1032 XL,LOWER,340,0
52,1032 XXL,LOWER,350,0
53,1032 XXXL,LOWER,360,0
54,1038 XXXL,LOWER,450,0
55,104(597) 16 26,GIRLS SET,840,0
56,1040 M,LOWER,375,0
57,1043 XXXL,LOWER,460,0
58,1045 M,LOWER,410,0
59,1045 XXXL,LOWER,450,0
60,105(597) 16 26,GIRLS SET,875,0
61,1051 18,BOYS SHIRTS,440,4
62,1052 L,LOWER,385,0
63,1052 M,LOWER,375,0
64,1052 XL,LOWER,395,0
65,1052 XXXL,LOWER,415,0
66,1059 20 26,GIRLS SET (K),630,0
67,106 (597) 16 26,FROCK (A),880,0
68,106 32 40,BOYS (R.F.D) PANT,550,20
69,107(597) 16 26,FROCK(L),850,0
70,1077 18,BOYS SHIRTS,440,5
71,108(597) 16 26,FROCK (A),850,6
72,1082 M,LOWER,410,0
73,1083 M,GENTS NICKER,300,0
74,109(597) 16 26,GIRLS SET,885,0
75,1096 M,LOWER,410,0
76,1097 M,LOWER,410,0
77,110(597) 16 26,FROCK (A),875,6
78,1101 XXXL,LOWER,465,0
79,1103 XL,LOWER,435,0
80,1104 XXL,LOWER,555,0
81,1104 XXXL,LOWER,565,0
82,11055 10 16,BOYS SHIRTS,250,4
83,1106 L,LOWER,485,0
84,1106 M,LOWER,475,0
85,1106 XL,LOWER,495,0
86,111(597) 16 26,FROCK (A),850,12
87,112(597) 16 26,FROCK(L),895,0
88,113(597) 16 26,FROCK(L),895,6
89,114(597) 16 26,FROCK(L),805,0
90,1143(450) 22 26,BABA SUIT,590,0
91,1143(450) 28 32,BABA SUIT,650,3
92,1148(450) 20,BABA SUIT,565,6
93,1148(450) 22 26,BABA SUIT,590,3
94,1148(450) 28 32,BABA SUIT,650,6
95,115(597) 16 26,FROCK,880,6
96,1150 10 16,BOYS SHIRTS,450,1
97,116 28 34,GENTS PANT,685,1
98,116(597) 16 26,FROCK,915,0
99,1160(450) 20,BABA SUIT,505,3
100,1160(450) 22 26,BABA SUIT,530,1
101,1160(450) 28 32,BABA SUIT,590,3
102,1165(450) 20,BABA SUIT,505,0
103,1165(450) 22 26,BABA SUIT,530,0
104,1165(450) 28 32,BABA SUIT,590,0
105,1167(450) 20,BABA SUIT,505,0
106,1167(450) 22 26,BABA SUIT,530,0
107,1167(450) 28 32,BABA SUIT,590,0
108,1168(450) 22 26,BABA SUIT,565,3
109,117(597) 16 26,FROCK,850,6
110,1170 18,BOYS SHIRTS,655,1
111,1170(450) 20,BABA SUIT,555,0
112,1170(450) 22 26,BABA SUIT,575,0
113,1170(450) 28 32,BABA SUIT,635,6
114,1171(450) 20,BABA SUIT,540,9
115,1171(450) 22 26,BABA SUIT,565,9
116,1171(450) 28 32,BABA SUIT,625,6
117,1173(450) 20,BABA SUIT,555,0
118,1173(450) 22 26,BABA SUIT,575,0
119,1173(450) 28 32,BABA SUIT,635,3
120,1175(450) 20,BABA SUIT,555,0
121,1175(450) 22 26,BABA SUIT,575,0
122,1175(450) 28 32,BABA SUIT,635,0
123,119(597) 16 26,FROCK(L),905,6
124,120(597) 16 26,FROCK(L),875,0
125,12024 4 8,BOYS SHIRTS,205,6
126,121(597) 16 26,FROCK(L),885,0
127,1216 30 38,GENTS PANT,425,1
128,1217 30 38,GENTS PANT,495,2
129,1219(532) 2 10,BABA SUIT,1235,0
130,122(597) 16 26,FROCK(L),885,6
131,1220 (53265) 2 10,"BOY,S INDO WESTERN",1205,0
132,1221 (53266) 2 10,"BOY,S INDO WESTERN",1205,0
133,1229 30 36,GENTS PANT,430,3
134,123(597) 16 26,FROCK(L),830,18
135,1235(450) 20,BABA SUIT,540,9
136,1235(450) 22 26,BABA SUIT,565,6
137,1235(450) 28 32,BABA SUIT,625,6
138,1237(450) 20,BABA SUIT,540,0
139,1237(450) 22 26,BABA SUIT,565,0
140,1237(450) 28 32,BABA SUIT,625,0
141,124(597) 16 26,FROCK(L),935,12
142,125(597) 16 26,FROCK(L),935,6
143,1253(532) 0 5,"BOY,S INDO WESTERN",915,0
144,1254(532) 0 5,"BOY,S INDO WESTERN",1145,0
145,1256(532) 2 10,"BOY,S INDO WESTERN",1180,0
146,1260(532) 2 10,BABA SUIT,1030,18
147,1261(532) 2 10,BABA SUIT,999,9
148,1262 (532) 2 10,"BOY,S INDO WESTERN",1145,0
149,1263(532) 2 10,BABA SUIT,1260,0
150,1272(532) 0 5,BABA SUIT,1110,0
151,1287 10 16,BOYS SHIRTS,325,4
152,1290(532) 0 5,BABA SUIT,915,0
153,1306(532) 0 5,BABA SUIT,915,6
154,1307(532) 0 5,BABA SUIT,915,0
155,1319(532) 2 10,KURTA PAJAMA,899,0
156,1320(532) 0 5,BABA SUIT,915,6
157,1322(532) 2 10,BABA SUIT,1030,0
158,1329(532) 1 10,BABA SUIT,895,0
159,1330(532) 0 5,BABA SUIT,720,0
160,1333(532) 2 10,BABA SUIT,975,0
161,1334(532) 2 10,"BOY,S INDO WESTERN",975,9
162,1335(532) 2 10,"BOY,S INDO WESTERN",995,0
163,1336(532) 12 16,KURTA PAJAMA,1105,6
164,1336(532) 2 10,KURTA PAJAMA,875,9
165,1339(532) 0 5,BABA SUIT,635,6
166,1340(532) 0 5,BABA SUIT,635,6
167,1342(532) 0 5,BABA SUIT,710,60
168,1343(532) 2 10,"BOY,S INDO WESTERN",890,0
169,1345(532) 0 5,BABA SUIT,1085,36
170,1347(532) 2 10,BABA SUIT,1110,18
171,1352(532) 0 5,BABA SUIT,1260,42
172,1353(532) 2 10,BABA SUIT,605,36
173,1357(532) 0 5,BABA SUIT,1145,6
174,1359(532) 1 6,BABA SUIT,1065,18
175,1361(532) 0 5,BABA SUIT,720,18
176,138 28 34,GENTS PANT,680,1
177,1391(532) 2 10,"BOY,S INDO WESTERN",1175,9
178,14045 10 16,BOYS SHIRTS,595,4
179,14524 10 16,BOYS SHIRTS,350,11
180,146 B (HG)   28 38    [610449],GOWN,1040,6
181,146 S (HG) 20 26    [610449],GOWN,820,4
182,149 32 38,GENTS PANT,685,1
183,152 18,BOYS SHIRTS,440,6
184,15968 28 34,LADIES PANT,325,20
185,16027 28 36,LADIES PANT,415,10
186,16088 28 36,LADIES PANT,415,35
187,16129 28 36,LADIES PANT,415,54
188,16537 28 32,LADIES PANT,390,40
189,166 SMALL,BABA SUIT WINTER,410,9
190,17131 28 34,LADIES PANT,405,3
191,17151 28 34,LADIES JEGGING,455,1
192,17152 28 34,LADIES JEGGING,475,16
193,172 18,BOYS SHIRTS,470,3
194,17256 28 32,LADIES PANT,400,20
195,17267 28 34,LADIES JEGGING,465,8
196,17287 34 36,LADIES PANT,425,11
197,17322 30 36,LADIES JEGGING,475,8
198,17403 28 32,LADIES DANGRI,655,-1
199,17421 34 36,LADIES PANT,410,68
200,17495 28 32,LADIES PANT,475,4
201,17579 28 34,LADIES (FORMAL) PANT,495,2
202,17602 28 34,LADIES JEGGING,435,4
203,1762 10 20,BOYS CAPRI,280,12
204,17881 28 34,LADIES JOGGER,400,0
205,17946 28 34,LADIES JEGGING,450,9
206,18343 28 32,LADIES PANT,400,4
207,18358 28 32,LADIES PANT,375,20
208,18386 28 34,LADIES JEGGING,455,8
209,18412 28 34,LADIES JEGGING,530,4
210,18450 28 34,LADIES DANGRI,605,3
211,18522 28 34,LADIES JEGGING,455,32
212,18597 36 38,LADIES JEGGING,495,2
213,18626 28 32,LADIES(R.F.D)PANT,485,5
214,18907 28 34,LADIES JEGGING,455,10
215,18954 28 34,LADIES JEGGING,465,10
216,18962 28 34,LADIES JEGGING,510,12
217,19004 36 40,LADIES PANT,445,-45
218,19184 28 34,LADIES PANT,530,11
219,19319 28 34,LADIES JEGGING,430,39
220,19484 28 32,LADIES PANT (VELVET),415,15
221,19485 28 32,LADIES PANT (VELVET),400,20
222,19486 28 32,LADIES PANT (VELVET),400,10
223,19532 36 40,LADIES PANT,570,1
224,19544 18,BOYS SHIRTS,480,1
225,19558 28 34,LADIES JEGGING,485,5
226,19598 28 34,LADIES PANT,495,0
227,19626 28 34,LADIES JEGGINGS,505,1
228,19671 30 36,LADIES JEGGING,510,1
229,19725 28 34,LADIES PANT,415,0
230,19727 28 34,LADIES(BLACK)PANT,480,19
231,19782 28 34,LADIES(WHITE)PANT,430,-3
232,19799 28 32,LADIES(R.F.D)PANT,515,12
233,19825 28 34,LADIES JEGGING,435,10
234,19837 28 34,LADIES JEGGING,445,8
235,20 GH/PANTS 12 15,BOYS (R.F.D.) NICKER,115,12
236,20 GH/PANTS 16 18,BOYS (R.F.D.) NICKER,125,9
237,2001(605) 24 34,GIRLS SET,695,0
238,2002(605) 24 34,CORD SET,595,0
239,20081 30 36,LADIES JOGGER,505,0
240,20087 28 34,LADIES JEGGING,395,47
241,20090 28 34,LADIES PANT,480,13
242,20092 28 34,LADIES JOGGER,515,15
243,2010 (605) 24 34,CORD SET,595,0
244,20150 28 34,LADIES JEGGING,465,4
245,20162 36 40,LADIES JOGGER,440,0
246,20176 28 34,LADIES JEGGINGS,510,-5
247,20177 28 34,LADIES JEGGINGS,510,5
248,20178 28 34,LADIES JEGGINGS,510,29
249,20227 28 34,LADIES JEGGING,275,56
250,20246 36 38,LADIES PANT,575,73
251,20248 28 34,LADIES JEGGING,375,18
252,20305 28 34,LADIES JEGGING,345,15
253,20312 28 34,LADIES PANT,535,70
254,20316 28 34,LADIES(BLACK)PANT,355,15
255,20366 28 36,GENTS PANT,405,-1
256,20367 28 36,GENTS PANT,340,-1
257,20386 28 34,DENIM PLAZO,595,-1
258,20387 28 34,DENIM PLAZO,665,4
259,20392 28 34,GENTS PANT,345,-1
260,20412 28 36,GENTS PANT,395,-2
261,20413 28 34,GENTS PANT,325,-1
262,20418 30 36,GENTS PANT,430,-2
263,20623 30 36,GENTS PANT,625,1
264,20626 28 34,GENTS PANT,505,-4
265,20634 28 34,GENTS PANT,570,1
266,20653 28 34,GENTS PANT,590,2
267,20657 28 34,GENTS PANT,500,-2
268,20660 28 34,GENTS PANT,550,6
269,20687 28 34,GENTS PANT,555,11
270,20690 28 34,GENTS PANT,535,14
271,20691 28 34,GENTS PANT,535,1
272,20699 30 36,GENTS PANT,560,1
273,20701 28 34,LADIES PANT,460,14
274,20735 28 34,LADIES(R.F.D)PANT,465,0
275,20748 28 34,LADIES(R.F.D)PANT,445,8
276,20774 28 34,LADIES PANT,575,1
277,20775 28 34,LADIES JEGGING,325,4
278,20778 28 34,LADIES JOGGER,525,0
279,20795 24 34,LADIES PANT,570,2
280,2081 2 10,BOYS NICKER,310,5
281,20830 28 34,LADIES PANT,550,20
282,20875 28 34,LADIES PANT,525,15
283,20929 22 30,GIRLS JEGGING,265,0
284,20930 22 30,GIRLS JEGGING,265,0
285,20931 22 30,GIRLS JEGGING,255,0
286,20936 28 34,LADIES(R.F.D)PANT,0,1
287,20963 28 34,LADIES PANT,465,16
288,20986 28 34,LADIES (STRAIT) PANT,455,15
289,21045 28 32,LADIES (FORMAL) PANT,425,10
290,21045 28 34,LADIES (FORMAL) PANT,0,15
291,21049 28 34,LADIES PANT,440,5
292,21081 28 34,LADIES JEGGING,410,3
293,21097 28 32,LADIES (BLK) JOGGER,455,0
294,21141 28 34,LADIES (R.F.D) DANGRI,720,12
295,21154 28 34,LADIES PANT,575,1
296,21197 28 32,LADIES (BALL BOTTOM) PANT,0,4
297,21198 36 38,LADIES (BALL BOTTOM) PANT,580,18
298,21211 28 34,LADIES (STRAIT) PANT,595,4
299,21223 28 34,LADIES JEGGING,430,8
300,21279 28 34,LADIES (R.F.D) JOGGER,705,16
301,21319 28 34,LADIES JEGGING,235,27
302,2133 2 12,BOYS NICKER,275,12
303,21344 36 38,LADIES JEGGING (DNAM),570,-6
304,21345 28 34,LADIES JEGGING (DNAM),515,48
305,21349 28 32,LADIES JOGGER,455,4
306,21356 28 34,LADIES(BLACK)PANT,530,36
307,21389 28 34,LADIES(BLACK)PANT,630,20
308,21402 28 34,LADIES CARGO,625,0
309,21434 28 34,LADIES JEGGING,465,16
310,21496 28 34,LADIES JOGGER,430,19
311,21502 28 34,LADIES (BALL BOTTOM) PANT,540,8
312,21515 28 32,LADIES(BLACK)PANT,505,15
313,21519 28 34,LADIES(R.F.D)PANT,615,0
314,21524 28 34,LADIES PANT,535,7
315,21528 28 34,LADIES(R.F.D)PANT,515,0
316,21539 28 32,LADIES(BLACK)PANT,585,20
317,21541 28 30,LADIES(BLACK)PANT,570,18
318,21555 36 40,LADIES JEGGING,430,2
319,21556 28 34,LADIES JEGGING,465,1
320,21574 28 34,LADIES PANT,575,24
321,21597 L XL,LADIES JEGGING,365,4
322,21599 28 34,LADIES JOGGER,605,20
323,21633 28 34,LADIES JOGGER,495,0
324,21634 36 38,LADIES PANT,450,1
325,21639 28 34,LADIES JOGGER,310,12
326,21643 16 26,LADIES(WHITE)PANT,0,-6
327,21643 28 32,LADIES(WHITE)PANT,585,6
328,21656 28 34,LADIES JOGGER,530,3
329,21665 28 34,LADIES PANT,495,0
330,21666 M 2XL,PLAZO (PANT),395,-36
331,21683 36 40,LADIES PANT,595,-11
332,21684 36 40,LADIES PANT,595,-45
333,21694 28 34,LADIES(R.F.D)PANT,535,1
334,21775 28 34,LADIES JOGGER,430,8
335,21786 28 32,LADIES (STRAIT) PANT,530,0
336,21790 28 34,LADIES (STRAIT) PANT,595,0
337,21791 28 34,LADIES PANT,490,4
338,21792 28 34,LADIES PANT,510,12
339,21794 28 34,LADIES PANT,475,-1
340,2180 M-2XL,LADIES SUIT (L),1250,7
341,21804 34 38,LADIES(WHITE)PANT,560,18
342,21810 28 32,LADIES (R.F.D) JOGGER,495,0
343,21817 28 34,LADIES JEGGING (DNAM),475,24
344,21823 28 34,LADIES(R.F.D)PANT,575,7
345,21825 28 34,LADIES(BLACK)PANT,445,25
346,21830 28 32,LADIES PANT,535,0
347,21839 28 32,LADIES JOGGER,405,45
348,21850 34 38,LADIES(R.F.D)PANT,615,2
349,21854 28 32,LADIES(R.F.D)PANT,565,0
350,21858 28 30,LADIES (STRAIT) PANT,485,-1
351,21858 28 34,LADIES (STRAIT) PANT,0,1
352,21867 28 34,LADIES(R.F.D)PANT,565,4
353,21871 28 34,LADIES(BLACK)PANT,665,12
354,21874 28 30,LADIES PANT,605,1
355,21894 28 32,GIRLS PANT(DNAM),410,0
356,21896 28 34,LADIES JEGGINGS,395,36
357,21902 28 34,LADIES (FORMAL) PANT,455,1
358,21918 28 34,LADIES PANT,440,1
359,21920 28 34,LADIES(R.F.D)PANT,575,2
360,21925 28 34,LADIES (STRAIT) PANT,535,4
361,21932 28 30,LADIES (STRAIT) PANT,590,3
362,21937 28 34,LADIES PANT,515,1
363,21947 28 34,LADIES(R.F.D)PANT,585,4
364,21952 28 32,LADIES(R.F.D)PANT,545,20
365,21976 28 34,LADIES (STRAIT) R.F.D,545,25
366,2198 M-2XL,LADIES SUIT (L),1135,20
367,21982 28 36,LADIES (FORMAL) PANT,335,4
368,21989 28 32,LADIES(R.F.D)PANT,480,0
369,21991 28 32,LADIES(R.F.D)PANT,580,7
370,21997 28 32,LADIES(R.F.D)PANT,585,1
371,22003 28 34,LADIES JEGGING,425,82
372,22004 28 34,LADIES JEGGING,435,0
373,22040 28 32,LADIES PANT,570,7
374,22045 28 34,LADIES (FORMAL) PANT,425,25
375,22052 28 34,LADIES JEGGING,440,69
376,22063 28 32,LADIES(R.F.D)PANT,580,0
377,22065 28 34,LADIES JEGGING,430,4
378,22066 28 32,LADIES (R.F.D) JOGGER,610,6
379,22075 28 32,LADIES (BLK) JOGGER,480,0
380,22087 28 34,LADIES (BALL BOTTOM) PANT,595,4
381,22111 28 34,LADIES(WHITE)PANT,575,-4
382,22114 28 34,LADIES JEGGING,300,12
383,22125 28 34,LADIES PANT,450,1
384,22131 36 38,LADIES JEGGING,570,5
385,22142 28 32,LADIES(BLACK)PANT,610,1
386,22149 28 32,LADIES PANT,445,1
387,22153 28 34,LADIES PANT,475,0
388,22165 28 30,LADIES PANT,595,1
389,22183 28 34,LADIES PANT,565,1
390,22191 28 34,LADIES (BALL BOTTOM) PANT,540,6
391,2220 M-2XL,LADIES SUIT (L),1225,28
392,22207 28 34,LADIES PANT,515,1
393,22218 36 38,LADIES(R.F.D)PANT,610,5
394,22219 28 34,LADIES (FORMAL) PANT,580,41
395,22221 28 34,LADIES (BLK) JOGGER,555,0
396,22226 28 34,LADIES PANT,485,1
397,22229 28 32,LADIES(BLACK)PANT,570,3
398,22245 28 32,LADIES(BLACK)PANT,485,5
399,22264 28 32,LADIES(BLACK)PANT,580,4
400,22286 28 32,LADIES (STRAIT) PANT,480,-35
401,22286 28 34,LADIES (STRAIT) PANT,480,-5
402,22293 28 34,LADIES(WHITE)PANT,595,14
403,22296 28 34,LADIES PANT,430,12
404,22297 28 34,LADIES PANT,405,8
405,2231 M-2XL,LADIES SUIT (L),1150,31
406,22312 28 34,LADIES (BALL BOTTOM) JAGGING,540,0
407,22313 28 34,LADIES(BLACK)PANT,555,3
408,22314 28 34,LADIES PANT,585,1
409,22329 28 34,LADIES PANT,545,4
410,22335 28 34,LADIES(WHITE)PANT,490,8
411,22343 28 34,LADIES PANT,455,11
412,22348 28 32,LADIES PANT,470,0
413,22349 28 32,LADIES PANT,505,1
414,22352 28 32,LADIES PANT,515,1
415,22353 28 34,LADIES JEGGING,510,20
416,22359 28 34,LADIES PANT,470,1
417,22374 28 34,LADIES PANT,520,2
418,22380 28 32,LADIES (R.F.D) JOGGER,535,6
419,22381 28 32,LADIES (R.F.D) JOGGER,510,0
420,22383 28 32,LADIES PANT,470,44
421,22389 28 34,LADIES (STRAIT) PANT,570,0
422,22400 36 38,LADIES PANT,615,1
423,22401 28 34,LADIES JOGGER,475,4
424,22411 28 32,LADIES PANT,465,1
425,22414 28 34,LADIES (STRAIT) R.F.D,695,-16
426,2242 6 16,BOYS CAPRI,395,5
427,22423 28 34,LADIES JOGGER,0,4
428,22424 28 34,LADIES(R.F.D)PANT,550,0
429,22435 28 34,LADIES (STRAIT) PANT,590,2
430,22442 28 32,LADIES (STRAIT) PANT,485,-5
431,22442 28 34,LADIES (STRAIT) PANT,0,5
432,22451 28 32,LADIES(R.F.D)PANT,455,2
433,22452 28 34,LADIES (STRAIT) PANT,505,4
434,2246 1 5,BOYS NICKER,325,30
435,22461 28 34,LADIES PANT,485,5
436,22464 28 32,LADIES(R.F.D)PANT,560,0
437,22465 28 32,LADIES(R.F.D)PANT,560,8
438,2247 1 5,BOYS NICKER,325,18
439,22495 28 34,LADIES JEGGING,425,23
440,22502 36 38,LADIES (STRAIT) PANT,605,2
441,22519 28 32,LADIES PANT,465,3
442,2252 6 16,BOYS CAPRI,370,30
443,22522 28 32,LADIES (STRAIT) PANT,555,-1
444,22524 28 34,LADIES PANT,385,8
445,2253 6 16,BOYS CAPRI,390,6
446,22539 28 34,LADIES (STRAIT) R.F.D,550,10
447,22541 28 34,LADIES (BALL BOTTOM) PANT,595,13
448,22543 28 34,LADIES (BALL BOTTOM) PANT,485,-4
449,22546 28 34,LADIES (STRAIT) PANT,495,7
450,22547 36 40,LADIES(WHITE)PANT,575,-1
451,22554 36 40,LADIES JEGGING,455,-3
452,22568 36 40,LADIES PANT,545,4
453,22571 36 40,LADIES (STRAIT) PANT,365,0
454,22572 36 40,LADIES PANT,355,0
455,22573 34 38,LADIES(R.F.D)PANT,590,3
456,22597 28 34,LADIES (STRAIT) PANT,595,0
457,22599 28 32,LADIES(R.F.D)PANT,540,1
458,22603 28 34,LADIES CARGO,440,-2
459,22610 28 36,LADIES (FORMAL) PANT,395,44
460,22611 28 36,LADIES (FORMAL) PANT,505,150
461,22614 28 34,LADIES PANT,575,0
462,22617 28 32,LADIES (STRAIT) PANT,585,0
463,22624 28 34,LADIES PANT,555,2
464,2263 12 20,BOYS CAPRI,380,10
465,22631 28 34,LADIES(BLACK)PANT,570,1
466,22636 28 34,LADIES (STRAIT) R.F.D,635,4
467,22638 36 38,LADIES (STRAIT) R.F.D,680,0
468,22639 28 32,LADIES(BLACK)PANT,555,5
469,22643 28 34,LADIES (BALL BOTTOM) PANT,610,-6
470,22651 28 34,LADIES PANT,565,1
471,22654 28 34,LADIES (BALL BOTTOM) PANT,615,0
472,22658 28 32,LADIES (STRAIT) PANT,535,0
473,22659 34 38,LADIES (STRAIT) PANT,605,5
474,22663 34 38,LADIES (STRAIT) PANT,470,2
475,22666 36 38,LADIES PANT,545,3
476,22667 28 34,LADIES (STRAIT) PANT,685,-1
477,22667 28 36,LADIES (STRAIT) PANT,0,2
478,22677 28 34,LADIES PANT,555,1
479,22686 28 34,LADIES(BLACK)PANT,430,6
480,22698 28 32,LADIES PANT,560,-4
481,22700 28 32,LADIES PANT,515,1
482,22719 28 34,LADIES PANT,465,0
483,22722 28 32,LADIES PANT,480,1
484,22727 28 32,LADIES PANT,580,-4
485,22731 28 34,LADIES(WHITE)PANT,535,20
486,22732 28 34,LADIES(WHITE)PANT,605,11
487,22738 28 34,LADIES PANT (COTRIS),535,4
488,22745 34 38,LADIES PANT,530,0
489,22748 28 34,LADIES PANT,630,0
490,22750 28 34,LADIES PANT,425,1
491,22765 28 34,LADIES (STRAIT) PANT,790,0
492,22790 28 34,LADIES (STRAIT) PANT,600,-2
493,22792 28 34,LADIES PANT,595,0
494,22793 28 34,LADIES PANT,455,0
495,22804 28 34,LADIES(R.F.D)PANT,495,0
496,22813 28 34,LADIES PANT,455,8
497,22819 28 34,LADIES(BLACK)PANT,360,7
498,2282 M-2XL,LADIES SUIT (L),1015,12
499,22831 28 32,LADIES (STRAIT) PANT,550,-9
500,22831 28 34,LADIES (STRAIT) PANT,0,4
501,22845 28 34,LADIES JOGGER,0,5
502,22862 28 30,LADIES(BLACK)PANT,535,8
503,22862 28 34,LADIES(BLACK)PANT,535,3
504,22865 28 34,LADIES(BLACK)PANT,525,4
505,22867 28 34,LADIES CARGO,475,1
506,22881 28 32,LADIES PANT,485,11
507,22882 28 32,LADIES (STRAIT) PANT,585,2
508,22882 28 34,LADIES (STRAIT) PANT,585,-2
509,22896 28 34,LADIES (STRAIT) PANT,485,-4
510,22902 28 34,LADIES(R.F.D)PANT,560,0
511,22906 28 32,LADIES (STRAIT) PANT,485,-2
512,22906 28 34,LADIES (STRAIT) PANT,0,10
513,22908 28 32,LADIES (FORMAL) PANT,395,1
514,22913 36 38,LADIES(WHITE)PANT,585,19
515,22923 28 34,LADIES (BALL BOTTOM) PANT,490,0
516,22926 28 34,LADIES (STRAIT) R.F.D,635,8
517,22931 36 40,LADIES(BLACK)PANT,470,5
518,22932 36 40,LADIES(BLACK)PANT,485,1
519,22933 28 34,LADIES PANT,480,-1
520,22934 28 34,LADIES (BALL BOTTOM) PANT,545,1
521,22956 28 34,LADIES (STRAIT) PANT,600,1
522,22965 28 32,LADIES(WHITE)PANT,520,0
523,22966 28 34,LADIES CARGO,550,-3
524,22970 28 34,LADIES PANT,595,16
525,22971 28 34,LADIES PANT,560,0
526,22972 36 40,LADIES PANT,635,-1
527,22973 36 40,LADIES PANT,595,-4
528,22976 28 32,LADIES (STRAIT) PANT,585,0
529,22989 36 40,LADIES (STRAIT) PANT,720,-1
530,2299 M-2XL,LADIES SUIT (L),1250,12
531,22990 28 34,LADIES (STRAIT) PANT,695,9
532,23007 28 34,LADIES (BALL BOTTOM) PANT,475,1
533,23008 28 34,LADIES (BALL BOTTOM) PANT,520,28
534,23013 28 32,LADIES(BLACK)PANT,475,1
535,23014 28 32,LADIES(BLACK)PANT,425,-5
536,23015 28 32,LADIES(R.F.D)PANT,440,0
537,23022 28 34,LADIES (STRAIT) JAGGING,425,52
538,23023 28 34,LADIES (STRAIT) JAGGING,450,0
539,23024 28 34,LADIES (STRAIT) JAGGING,480,36
540,23027 28 32,LADIES (BALL BOTTOM) R.F.D,580,2
541,23030 28 32,LADIES PANT,560,0
542,23031 28 32,LADIES PANT,595,0
543,23035 28 34,LADIES JOGGER,560,3
544,23041 28 34,LADIES(BLACK)PANT,465,0
545,23071 28 34,LADIES (STRAIT) PANT,690,12
546,23079 28 32,LADIES PANT,525,-4
547,23082 28 32,LADIES (STRAIT) PANT,615,1
548,23083 28 32,LADIES (STRAIT) PANT,640,0
549,23085 28 32,LADIES (STRAIT) PANT,395,0
550,23094 28 32,LADIES (R.F.D) JOGGER,535,0
551,23095 28 34,LADIES (STRAIT) PANT,595,0
552,23096 28 36,LADIES (STRAIT) JAGGING,530,2
553,23099 36 38,LADIES PANT,0,4
554,23099 36 40,LADIES PANT,590,-8
555,23100 36 40,LADIES PANT,590,0
556,23108 28 32,LADIES PANT,470,1
557,23110 28 34,LADIES(R.F.D)PANT,545,0
558,23112 28 34,LADIES CARGO,560,0
559,23114 28 32,LADIES PANT,525,1
560,23121 28 34,LADIES(BLACK)PANT,635,6
561,23125 28 34,LADIES(R.F.D)PANT,480,0
562,23127 28 34,LADIES PANT,505,0
563,23128 36 38,LADIES PANT,535,3
564,23131 36 40,LADIES (CARGO) STRAIT,515,0
565,23132 28 32,LADIES (STRAIT) PANT,445,0
566,23133 28 32,LADIES PANT,495,0
567,23135 28 32,LADIES (CARGO) STRAIT,515,0
568,23136 28 34,LADIES(R.F.D)PANT,545,0
569,23137 28 34,LADIES(R.F.D)PANT,545,0
570,23140 28 32,LADIES PANT,575,0
571,23141 28 32,LADIES PANT,560,0
572,23144 28 30,LADIES PANT,485,2
573,23150 28 30,LADIES (STRAIT) PANT,570,0
574,23151 28 30,LADIES (STRAIT) PANT,580,1
575,23152 28 34,LADIES (CARGO) STRAIT,590,0
576,23158 28 32,LADIES PANT,480,1
577,23159 28 32,LADIES PANT,480,2
578,23160 28 34,LADIES JOGGER,560,8
579,23161 28 34,LADIES (BLK) JOGGER,570,-5
580,23162 28 34,LADIES CARGO,625,1
581,23167 28 34,LADIES (CARGO) STRAIT,440,5
582,23169 28 34,LADIES (STRAIT) PANT,520,2
583,23173 L 2XL,LADIES (STRAIT) JAGGING,345,4
584,23175 28 34,LADIES (STRAIT) PANT,495,0
585,23177 28 34,LADIES (STRAIT) PANT,555,0
586,23179 28 32,LADIES (STRAIT) PANT,575,7
587,23183 28 32,LADIES PANT,555,0
588,23185 28 34,LADIES PANT,580,0
589,23201 28 32,LADIES PANT,555,13
590,23202 28 32,LADIES PANT,565,17
591,23203 28 30,LADIES PANT,580,0
592,23204 28 30,LADIES PANT,0,-12
593,23204 28 32,LADIES PANT,580,12
594,23205 28 30,LADIES (STRAIT) PANT,535,-1
595,23206 28 30,LADIES (STRAIT) PANT,535,-1
596,23213 28 32,LADIES PANT,630,0
597,23216 28,LADIES PANT,460,-1
598,23229 28 34,LADIES (STRAIT) R.F.D,495,3
599,2323 20 24,BOYS CAPRI,445,0
600,23231 28 32,LADIES PANT,565,0
601,23232 28 32,LADIES (CARGO) STRAIT,515,0
602,23233 28 30,LADIES (STRAIT) PANT,505,0
603,23239 36 38,LADIES(BLACK)PANT,575,40
604,23244 28 34,LADIES (CARGO) STRAIT,505,0
605,23246 28 30,LADIES (STRAIT) PANT,515,0
606,23247 28 34,LADIES(BLACK)PANT,485,0
607,23248 36 40,LADIES (STRAIT) PANT,630,29
608,23249 28 34,LADIES (CARGO) STRAIT,605,5
609,23251 28 34,LADIES(BLACK)PANT,550,0
610,23253 28 34,LADIES PANT,440,0
611,23260 28 34,LADIES (STRAIT) PANT,320,0
612,23265 28 34,LADIES (CARGO) STRAIT,510,1
613,23267 28 34,LADIES (STRAIT) PANT,535,0
614,23269 28 34,LADIES (CARGO) STRAIT,575,0
615,23273 28 34,LADIES (STRAIT) PANT,530,-11
616,23274 28 34,LADIES (STRAIT) PANT,555,0
617,23275 28 34,LADIES (CARGO) STRAIT,530,0
618,23279 28 32,LADIES PANT,495,0
619,23282 28 32,LADIES(BLACK)PANT,460,2
620,23288 34 38,LADIES PANT,610,-1
621,23289 28 32,LADIES (STRAIT) PANT,735,8
622,2329 22 24,BOYS CAPRI,480,4
623,23291 28 34,LADIES (STRAIT) PANT,705,1
624,23300 28 32,LADIES PANT,585,1
625,23301 28 32,LADIES JOGGER,545,10
626,23302 28 32,LADIES (STRAIT) PANT,595,0
627,23303 28 32,LADIES (CARGO) STRAIT,470,0
628,23304 28 30,LADIES (CARGO) STRAIT,505,0
629,23305 28 30,LADIES (CARGO) STRAIT,505,2
630,23311 28 34,LADIES JOGGER,560,0
631,23312 28 34,LADIES (STRAIT) PANT,430,1
632,23313 28 34,LADIES (CARGO) STRAIT,560,-1
633,23314 28 34,LADIES (STRAIT) PANT,440,0
634,23319 28 32,LADIES (STRAIT) PANT,595,0
635,23323 28 34,LADIES (STRAIT) R.F.D,545,14
636,23324 28 34,LADIES (STRAIT) R.F.D,535,2
637,23326 36 40,LADIES PANT,580,0
638,23327 28 34,LADIES (CARGO) STRAIT,545,0
639,23331 28 34,LADIES(BLACK)PANT,595,42
640,23332 28 34,LADIES (STRAIT) PANT,650,0
641,23334 28 32,LADIES (CARGO) STRAIT,565,-1
642,23336 28 32,LADIES(R.F.D)PANT,540,0
643,23337 28 32,LADIES JOGGER,505,0
644,23340 28 32,LADIES PANT,520,-5
645,23341 28 32,LADIES CARGO,400,0
646,23342 28 32,LADIES JOGGER,395,1
647,23343 28 34,LADIES (CARGO) STRAIT,340,0
648,23345 28 34,LADIES (CARGO) STRAIT,555,2
649,23346 28 32,LADIES JOGGER,520,0
650,23347 28 34,LADIES (CARGO) STRAIT,575,0
651,23353 28 34,LADIES (STRAIT) R.F.D,555,0
652,23357 28 34,LADIES (STRAIT) R.F.D,620,1
653,23361 28 34,LADIES (CARGO) STRAIT,575,5
654,23362 28 32,LADIES (STRAIT) PANT,580,0
655,23364 28 32,LADIES (STRAIT) PANT,530,1
656,23365 28 32,LADIES PANT,485,0
657,23369 28 30,LADIES (STRAIT) PANT,595,-7
658,23369 28 34,LADIES (STRAIT) PANT,595,14
659,23370 28 34,LADIES (STRAIT) PANT,595,0
660,23371 36 40,LADIES (STRAIT) PANT,525,0
661,23372 28 34,LADIES (STRAIT) PANT,630,7
662,23373 28 32,LADIES (STRAIT) PANT,0,4
663,23373 28 34,LADIES (STRAIT) PANT,475,55
664,23374 28 34,LADIES (STRAIT) PANT,455,1
665,23375 28 34,LADIES (STRAIT) R.F.D,575,4
666,23376 28 34,LADIES (CARGO) STRAIT,495,0
667,23377 28 34,LADIES (CARGO) STRAIT,495,0
668,23379 28 32,LADIES PANT,525,4
669,23380 28 34,LADIES (CARGO) STRAIT,510,0
670,23381 28 34,LADIES (CARGO) STRAIT,725,-1
671,23382 28 32,LADIES PANT,475,4
672,23383 28 32,LADIES (CARGO) STRAIT,515,0
673,23384 28 32,LADIES (CARGO) STRAIT,515,2
674,23390 28 32,LADIES (STRAIT) PANT,490,16
675,23391 28 32,LADIES (STRAIT) PANT,495,11
676,23392 28 32,LADIES (STRAIT) R.F.D,495,-1
677,23393 28 34,LADIES (STRAIT) R.F.D,545,0
678,23394 28 32,LADIES (STRAIT) PANT,615,-2
679,23395 28 34,LADIES (STRAIT) PANT,615,1
680,23396 28 32,LADIES (CARGO) STRAIT,535,1
681,23398 28,LADIES (CARGO) STRAIT,545,0
682,23399 28 30,LADIES(BLACK)PANT,455,6
683,2340 12 20,BOYS CAPRI,365,0
684,23400 28 32,LADIES(BLACK)PANT,460,1
685,23401 28 34,LADIES PANT,515,46
686,23404 36 40,LADIES PANT,455,30
687,23407 36 40,LADIES (STRAIT) PANT,550,-2
688,23408 28 34,LADIES (STRAIT) PANT,395,131
689,23409 28 34,LADIES (STRAIT) PANT,405,-1
690,23410 28 34,LADIES (STRAIT) PANT,745,0
691,23411,LADIES (STRAIT) PANT,730,0
692,23414 36 38,LADIES (CARGO) STRAIT,775,0
693,23415 28,LADIES(BLACK)PANT,505,0
694,23415 28 34,LADIES(BLACK)PANT,505,3
695,23417 28 32,LADIES (CARGO) STRAIT,350,-1
696,23419 28 32,LADIES (STRAIT) PANT,305,0
697,23421 28 32,LADIES PANT,345,0
698,23422 28 32,LADIES (STRAIT) PANT,345,24
699,23423 28 32,LADIES (CARGO) STRAIT,345,0
700,23424 28 30,LADIES (CARGO) STRAIT,355,0
701,23425 28 32,LADIES (CARGO) STRAIT,375,0
702,23427 28 34,LADIES (CARGO) STRAIT,590,0
703,23428 28 32,LADIES (CARGO) STRAIT,510,31
704,23429 28 32,LADIES (CARGO) STRAIT,515,0
705,23430 28 32,LADIES (CARGO) STRAIT,485,1
706,23432 28 34,LADIES PANT,545,0
707,23433 28 34,LADIES PANT,545,1
708,23434 28 34,LADIES (CARGO) STRAIT,745,0
709,23436 28 32,LADIES (STRAIT) PANT,620,0
710,23437 36 38,LADIES (STRAIT) PANT,775,0
711,23438 36 38,LADIES (STRAIT) R.F.D,625,25
712,23439 36 38,LADIES (STRAIT) PANT,615,0
713,23440 28 34,LADIES (CARGO) STRAIT,525,5
714,23441 28 34,LADIES (CARGO) STRAIT,535,0
715,23442 28 34,LADIES (CARGO) STRAIT,565,-1
716,23443 28 32,LADIES (CARGO) STRAIT,520,0
717,23444 28 34,LADIES (STRAIT) PANT,545,0
718,23445 28 34,LADIES (CARGO) STRAIT,570,0
719,23446 28 32,LADIES (STRAIT) R.F.D,510,1
720,23448 28 34,LADIES (STRAIT) PANT,570,0
721,23449 28 32,LADIES (CARGO) STRAIT,435,-4
722,23450 28 34,LADIES (STRAIT) PANT,580,0
723,23451 28 32,LADIES (STRAIT) PANT,570,0
724,23452 28 34,LADIES (STRAIT) PANT,570,0
725,23453 28 34,LADIES (STRAIT) PANT,590,0
726,23454 28 30,LADIES (STRAIT) PANT,590,8
727,23455 28 32,LADIES (STRAIT) PANT,535,10
728,23456 28 34,LADIES (CARGO) STRAIT,375,8
729,23457 28 34,LADIES (CARGO) STRAIT,455,17
730,23458 28 32,LADIES (STRAIT) PANT,310,0
731,23459 28 34,LADIES (CARGO) STRAIT,530,0
732,23460 28 34,LADIES (STRAIT) PANT,495,0
733,23461 28 32,LADIES (CARGO) STRAIT,505,-1
734,23462 28 32,LADIES PANT,620,0
735,23463 28 32,LADIES (STRAIT) PANT,605,0
736,23464 28 32,LADIES (STRAIT) PANT,565,35
737,23465 28 32,LADIES (STRAIT) PANT,565,18
738,23466 28 34,LADIES (CARGO) STRAIT,765,0
739,23467 28 34,LADIES (CARGO) STRAIT,765,0
740,23468 28 34,LADIES (CARGO) STRAIT,665,0
741,23470 28 34,LADIES (CARGO) STRAIT,720,0
742,23472 36 40,LADIES (CARGO) STRAIT,755,0
743,23473 36 38,LADIES(BLACK)PANT,670,0
744,23474 28 34,LADIES(BLACK)PANT,570,0
745,23475 28 34,LADIES PANT,670,2
746,23476 28 32,LADIES PANT,625,0
747,23477 28 34,LADIES PANT,665,0
748,23479 28 34,LADIES(WHITE)PANT,520,0
749,23481 28 34,LADIES (STRAIT) PANT,425,1
750,23482 36 40,LADIES PANT,590,4
751,23483 28 34,LADIES JOGGER,435,0
752,23484 34 38,LADIES (STRAIT) PANT,810,0
753,23485 34 38,LADIES (STRAIT) R.F.D,570,11
754,23486 28 34,LADIES (STRAIT) R.F.D,490,1
755,23487 28 32,LADIES PANT,480,8
756,23488 28 32,LADIES (STRAIT) R.F.D,560,0
757,23490 28 34,LADIES (STRAIT) PANT,565,0
758,23491 28 34,LADIES (CARGO) STRAIT,615,2
759,23492 28 34,LADIES (CARGO) STRAIT,590,1
760,23493 28 34,LADIES (CARGO) STRAIT,580,0
761,23494 28 34,LADIES (CARGO) STRAIT,615,0
762,23495 28 34,LADIES(BLACK)PANT,530,0
763,23496 28 34,LADIES (STRAIT) PANT,465,-1
764,23497 28 34,LADIES (STRAIT) PANT,490,-1
765,23498 28 34,LADIES (STRAIT) PANT,425,95
766,23499 36 38,LADIES (STRAIT) PANT,460,67
767,23500 28 32,LADIES PANT,330,0
768,23502 28 34,LADIES(MOM FIT),620,0
769,23503 28 34,LADIES JOGGER,565,0
770,23504 28 34,LADIES PANT,605,0
771,23505 28 34,LADIES (STRAIT) PANT,595,12
772,23506 28 34,LADIES(R.F.D)PANT,560,5
773,23507 28 34,LADIES PANT,565,0
774,23508 28 32,LADIES (STRAIT) PANT,455,0
775,23509 28 32,LADIES (STRAIT) R.F.D,510,15
776,23510 28 32,LADIES (STRAIT) R.F.D,510,0
777,23511 28 34,LADIES (STRAIT) PANT,530,4
778,23512 28 34,LADIES (CARGO) STRAIT,565,4
779,23513 28 34,LADIES (STRAIT) PANT,570,35
780,23514 28 34,LADIES (STRAIT) PANT,570,31
781,23515 28 34,LADIES (CARGO) STRAIT,410,-4
782,23516 28 34,LADIES (STRAIT) PANT,630,2
783,23517 28 34,LADIES(WHITE)PANT,605,35
784,23518 28 34,LADIES (CARGO) STRAIT,670,0
785,23519 34 38,LADIES (STRAIT) PANT,710,-1
786,23520 28 32,LADIES (CARGO) STRAIT,435,1
787,23522 28 32,LADIES PANT,570,15
788,23523 28 32,LADIES PANT,570,0
789,23524 28 32,LADIES PANT,570,7
790,23525 28 34,LADIES (STRAIT) PANT,435,0
791,23527 28 32,LADIES (CARGO) STRAIT,465,2
792,23528 28 32,LADIES (CARGO) STRAIT,510,1
793,23529 28 32,LADIES (CARGO) STRAIT,510,0
794,23532 28 34,LADIES (CARGO) STRAIT,565,5
795,23533 28 32,LADIES (CARGO) STRAIT,570,0
796,23534 28 32,LADIES (CARGO) STRAIT,575,0
797,23535 34 36,LADIES (CARGO) STRAIT,620,4
798,23536 36 38,LADIES (STRAIT) PANT,610,0
799,23537 28 34,LADIES (CARGO) STRAIT,515,0
800,23538 28 34,LADIES (CARGO) STRAIT,480,0
801,23541 28 32,LADIES (CARGO) STRAIT,555,0
802,23542 28 32,LADIES (CARGO) STRAIT,555,0
803,23543 28 34,LADIES (CARGO) STRAIT,605,4
804,23544 28 34,LADIES (STRAIT) PANT,585,0
805,23545 28 34,LADIES (STRAIT) PANT,585,0
806,23546 28 34,LADIES (STRAIT) PANT,585,0
807,23547 36 38,LADIES (STRAIT) R.F.D,640,-8
808,23548 28 34,LADIES (CARGO) STRAIT,635,0
809,23549 36 40,LADIES (FORMAL) PANT,565,0
810,23551 28 34,LADIES (STRAIT) PANT,735,3
811,23552 28 34,LADIES (STRAIT) PANT,680,0
812,23553 36 40,LADIES (CARGO) STRAIT,775,0
813,23554 28 34,LADIES (STRAIT) JAGGING,335,-8
814,23555 28 34,LADIES (CARGO) STRAIT,590,0
815,23556 28 32,LADIES (CARGO) STRAIT,470,0
816,23557 28 32,LADIES (CARGO) STRAIT,490,0
817,23558 28 32,LADIES (R.F.D) JOGGER,605,0
818,23559 28 32,LADIES (CARGO) STRAIT,440,0
819,23560 28 34,LADIES (CARGO) STRAIT,595,0
820,23561 28 32,LADIES (STRAIT) PANT,480,0
821,23562 28 32,LADIES (STRAIT) PANT,545,0
822,23563 28 32,LADIES (STRAIT) PANT,540,0
823,23564 28 34,LADIES (STRAIT) R.F.D,545,0
824,23565 28 32,LADIES (CARGO) STRAIT,310,12
825,23566 28 34,LADIES (STRAIT) PANT,495,0
826,23567 28 34,LADIES (STRAIT) PANT,480,0
827,23568 28 34,LADIES (STRAIT) PANT,495,0
828,23569 28 34,LADIES (CARGO) STRAIT,520,0
829,23570 28 34,LADIES (CARGO) STRAIT,495,4
830,23571 36 40,LADIES (CARGO) STRAIT,705,0
831,23572 28 32,LADIES (CARGO) STRAIT,520,0
832,23573 28 32,LADIES (CARGO) STRAIT,540,0
833,23574 28 32,LADIES (STRAIT) R.F.D,580,0
834,23575 28 32,LADIES (STRAIT) R.F.D,530,7
835,23576 28 34,LADIES (STRAIT) PANT,495,0
836,23577 28 32,LADIES PANT,365,27
837,23578 28 32,LADIES PANT,345,0
838,23579 28 34,LADIES (BLK) JOGGER,560,0
839,23580 28 34,LADIES (BLK) JOGGER,560,0
840,23581 28 34,LADIES (STRAIT) PANT,545,0
841,23582 28 34,LADIES (STRAIT) JAGGING,395,0
842,23583 28 32,LADIES(BLACK)PANT,475,1
843,23585 28 32,LADIES PANT,560,10
844,23586 28 34,LADIES JEGGING (BLACK),395,1
845,23587 28 34,LADIES JOGGER,580,0
846,23588 28 30,LADIES JOGGER,460,0
847,23589 28 34,LADIES (STRAIT) PANT,545,0
848,23590 28 32,LADIES (CARGO) STRAIT,520,-5
849,23591 28 32,LADIES PANT,505,0
850,23592 34 36,LADIES(WHITE)PANT,550,0
851,23593 28 32,LADIES PANT,590,0
852,23595 28 32,LADIES PANT,565,0
853,23597 28 32,LADIES CARGO,570,0
854,23598 28 32,LADIES JOGGER,565,0
855,23599 28 32,LADIES (CARGO) STRAIT,460,1
856,236 (KP)  1 10     [611190],KURTA PAJAMA,460,0
857,23600 28 34,LADIES (STRAIT) PANT,465,-2
858,23601 28 32,LADIES PANT,540,0
859,23603,LADIES (CARGO) STRAIT,675,0
860,23604,LADIES(WHITE)PANT,730,23
861,23605 28 34,LADIES(WHITE)PANT,695,0
862,23606 28 34,LADIES (CARGO) STRAIT,560,-4
863,23607 28 34,LADIES (CARGO) STRAIT,595,0
864,23608,LADIES (CARGO) STRAIT,505,0
865,23609,LADIES (CARGO) STRAIT,505,1
866,23610,LADIES (CARGO) STRAIT,475,-5
867,23611,LADIES (STRAIT) PANT,595,-6
868,23612,LADIES (STRAIT) PANT,610,0
869,23613,LADIES (STRAIT) PANT,0,0
870,23614,LADIES(WHITE)PANT,595,0
871,23615,LADIES (STRAIT) PANT,585,0
872,23616,LADIES (STRAIT) PANT,585,0
873,23617,LADIES (STRAIT) PANT,585,0
874,23618 28 34,LADIES (STRAIT) PANT,695,0
875,23619,LADIES (STRAIT) PANT,730,0
876,23620,LADIES (STRAIT) PANT,730,3
877,23621,LADIES (CARGO) STRAIT,765,0
878,23622,LADIES (STRAIT) PANT,730,-4
879,23623,LADIES (STRAIT) PANT,730,0
880,23624,LADIES (CARGO) STRAIT,730,0
881,23625 28 34,LADIES (CARGO) STRAIT,730,0
882,23626,LADIES (STRAIT) PANT,755,0
883,23627 28 34,LADIES (CARGO) STRAIT,580,0
884,23628 28 34,LADIES (STRAIT) R.F.D,530,0
885,23629,LADIES (CARGO) STRAIT,505,0
886,23630,LADIES (STRAIT) PANT,645,0
887,23631 28-34,LADIES (STRAIT) PANT,620,1
888,23632 28-32,LADIES (CARGO) STRAIT,615,0
889,23633 28-34,LADIES(WHITE)PANT,545,0
890,23634 28 32,LADIES (CARGO) STRAIT,440,0
891,23635 28 32,LADIES (STRAIT) R.F.D,665,0
892,23636 28 34,LADIES (CARGO) STRAIT,445,4
893,23637 28 34,LADIES (CARGO) STRAIT,325,0
894,23638 28 34,LADIES (STRAIT) JAGGING,300,0
895,23639 M to 2xl,LADIES (STRAIT) JAGGING,365,0
896,23640 26 34,LADIES (STRAIT) JAGGING,470,0
897,23641 M to 2xl,LADIES (STRAIT) JAGGING,365,0
898,23642 M-l-xl,LADIES (STRAIT) JAGGING,540,0
899,23643 M-l-xl,LADIES (STRAIT) JAGGING,450,11
900,23644 28 34,LADIES (STRAIT) JAGGING,505,8
901,23645 M to xl,LADIES (STRAIT) JAGGING,595,3
902,23646 28 32,LADIES (STRAIT) PANT,445,20
903,23647 28 32,LADIES (STRAIT) PANT,445,35
904,23648 28 32,LADIES (STRAIT) PANT,455,1
905,23649 28 32,LADIES (STRAIT) PANT,475,0
906,23650 28 32,LADIES (STRAIT) PANT,490,0
907,23651 34 36,LADIES (STRAIT) PANT,525,4
908,23652 28 34,LADIES (CARGO) STRAIT,695,4
909,23653 28 34,LADIES (STRAIT) PANT,585,0
910,23654 28 34,LADIES (CARGO) STRAIT,720,0
911,23655 36 40,LADIES (CARGO) STRAIT,760,0
912,23656 28 34,LADIES (STRAIT) PANT,670,0
913,23657 36 40,LADIES (STRAIT) PANT,710,-4
914,23658 28 32,LADIES (CARGO) STRAIT,440,0
915,23659 28 32,GIRLS (CARGO) STRAIT,475,0
916,23660 28 30,LADIES JOGGER,510,0
917,23661 28 32,LADIES (CARGO) STRAIT,355,0
918,23662 28 32,LADIES (STRAIT) PANT,375,0
919,23663 28 34,LADIES CARGO,560,0
920,23664 28 34,LADIES (STRAIT) PANT,605,0
921,23665 28 34,LADIES (STRAIT) PANT,670,20
922,23666 28 34,LADIES (CARGO) STRAIT,625,0
923,23667 28,LADIES (STRAIT) PANT,510,0
924,23668 28,LADIES (CARGO) STRAIT,545,0
925,23669 28 32,LADIES (STRAIT) PANT,425,0
926,23670 28 30,LADIES (CARGO) STRAIT,570,0
927,23671 28,LADIES (CARGO) STRAIT,570,0
928,23672 28 34,GIRLS (STRAIT) PANT,580,0
929,23673 28 32,GIRLS (STRAIT) PANT,475,0
930,23674 28 32,GIRLS (STRAIT) PANT,475,0
931,23675 28 32,GIRLS (STRAIT) PANT,475,0
932,23676 28 32,LADIES (STRAIT) PANT,535,0
933,23677 28 32,LADIES (STRAIT) PANT,550,0
934,23678 28 32,LADIES (CARGO) STRAIT,590,-4
935,23679 28 32,LADIES (CARGO) STRAIT,565,4
936,23680 28 32,LADIES (STRAIT) PANT,590,0
937,23681 28 32,LADIES (STRAIT) R.F.D,525,1
938,23682 28 32,LADIES (STRAIT) PANT,425,0
939,23683 28 34,LADIES (CARGO) STRAIT,670,0
940,23684 28 34,LADIES (BALL BOTTOM) PANT,585,1
941,23685 28 32,LADIES (STRAIT) R.F.D,0,0
942,23686 28 32,LADIES (CARGO) STRAIT,610,0
943,23687 28 32,LADIES (STRAIT) PANT,575,0
944,23688 28 32,LADIES (STRAIT) PANT,0,0
945,23689 28 32,LADIES (CARGO) STRAIT,670,0
946,23690 28 32,LADIES (CARGO) STRAIT,560,0
947,23691 28 32,LADIES (CARGO) STRAIT,690,0
948,23692 XL XXL,LADIES (CARGO) STRAIT,300,4
949,23693 28 32,LADIES (CARGO) STRAIT,485,0
950,23694 28 34,LADIES (STRAIT) PANT,290,0
951,23695 28 34,LADIES (STRAIT) PANT,610,0
952,23696 28 32,LADIES (CARGO) STRAIT,0,0
953,23697 28 34,LADIES (STRAIT) PANT,525,2
954,23698 28 34,LADIES (CARGO) STRAIT,540,0
955,23699 28 30,LADIES (CARGO) STRAIT,555,0
956,23700 28,LADIES (STRAIT) PANT,570,0
957,23701 28 32,LADIES (STRAIT) PANT,525,8
958,23701 36 38,LADIES (CARGO) STRAIT,0,0
959,23702 28 32,LADIES (STRAIT) R.F.D,590,0
960,23702 28 34,LADIES (STRAIT) PANT,0,0
961,23703 28 32,LADIES(BLACK)PANT,510,0
962,23704 28 32,LADIES(BLACK)PANT,535,0
963,23705 28 34,LADIES CARGO,360,0
964,23706 28 34,LADIES (CARGO) STRAIT,595,0
965,23707 28 34,LADIES (CARGO) STRAIT,585,0
966,23708 28 34,LADIES (CARGO) STRAIT,665,0
967,23709 28 34,LADIES PANT,525,0
968,23710 28 32,LADIES (STRAIT) PANT,505,0
969,23711 28 34,LADIES (STRAIT) PANT,750,0
970,23712 28 34,LADIES (STRAIT) PANT,705,1
971,23713 28 34,LADIES (STRAIT) PANT,695,0
972,23714 28 34,LADIES (STRAIT) PANT,730,0
973,23715 28 34,LADIES (STRAIT) PANT,640,0
974,23716 28,LADIES (STRAIT) PANT,565,0
975,23717 28 32,LADIES (STRAIT) PANT,480,1
976,23718 28 34,LADIES (STRAIT) PANT,515,1
977,23719 28 34,LADIES (STRAIT) PANT,595,0
978,23720 28 30,LADIES (STRAIT) PANT,560,0
979,23721 28 34,LADIES (STRAIT) PANT,410,4
980,23722 28 34,LADIES (CARGO) STRAIT,520,0
981,23723 28 34,LADIES (CARGO) STRAIT,545,0
982,23724 28 34,LADIES PANT,575,0
983,23725 28 34,LADIES(WHITE)PANT,590,7
984,23726 28 34,LADIES (STRAIT) PANT,650,0
985,23727 36 38,LADIES (CARGO) STRAIT,640,-4
986,23728 28 34,LADIES (STRAIT) PANT,525,0
987,23729 28,LADIES (CARGO) STRAIT,610,0
988,23730 28,LADIES (STRAIT) PANT,565,0
989,23731 28,LADIES (STRAIT) PANT,585,0
990,23732 28,LADIES (STRAIT) PANT,570,-8
991,23733 28,LADIES (STRAIT) R.F.D,560,1
992,23734 28,LADIES (STRAIT) PANT,0,0
993,23734 28 34,LADIES (STRAIT) PANT,0,0
994,23735 28 34,LADIES (CARGO) STRAIT,455,0
995,23736 28 34,LADIES (STRAIT) PANT,425,1
996,23737 28 34,LADIES (CARGO) STRAIT,450,4
997,23738 28 34,LADIES (STRAIT) PANT,415,0
998,23739 28 32,LADIES (STRAIT) PANT,510,0
999,23740 28 32,LADIES (STRAIT) PANT,520,0
1000,23741 28,LADIES (STRAIT) PANT,525,0
1001,23742 28,LADIES (STRAIT) PANT,555,0
1002,23743 28,LADIES JOGGER,590,0
1003,23744 28,LADIES (STRAIT) PANT,560,0
1004,23745 28 34,LADIES (CARGO) STRAIT,310,4
1005,23746 28 32,LADIES (STRAIT) PANT,575,0
1006,23747 28 32,LADIES (CARGO) STRAIT,620,0
1007,23748 28 34,LADIES (CARGO) STRAIT,630,0
1008,23749 28 34,LADIES (CARGO) STRAIT,655,0
1009,23750 28 34,LADIES (CARGO) STRAIT,620,0
1010,23751 28,LADIES (STRAIT) PANT,510,26
1011,23752 28 32,LADIES (STRAIT) PANT,430,0
1012,23753 XL XXL,LADIES (CARGO) STRAIT,255,14
1013,23754 28 32,LADIES (CARGO) STRAIT,555,0
1014,23755 28 32,LADIES (CARGO) STRAIT,520,1
1015,23756 28 32,LADIES (CARGO) STRAIT,435,0
1016,23757 28 32,LADIES (STRAIT) PANT,490,0
1017,23758 36 40,LADIES (STRAIT) PANT,675,-5
1018,23759 28 34,LADIES (STRAIT) PANT,705,1
1019,23760 28 32,LADIES (CARGO) STRAIT,510,0
1020,23761 28 32,LADIES (CARGO) STRAIT,495,0
1021,23762 28 32,LADIES JOGGER,455,0
1022,23763 28 30,LADIES(BLACK)PANT,475,0
1023,23764 28 32,LADIES (CARGO) STRAIT,605,10
1024,23765 28 30,LADIES(WHITE)PANT,530,0
1025,23766 28 30,LADIES(WHITE)PANT,565,-4
1026,23767 28 30,LADIES (CARGO) STRAIT,535,0
1027,23768 28 32,LADIES(BLACK)PANT,530,0
1028,23769 28 34,LADIES (CARGO) STRAIT,440,0
1029,23770 28 34,LADIES (STRAIT) R.F.D,545,0
1030,23771 28,LADIES (CARGO) STRAIT,570,0
1031,23772 36 38,LADIES (CARGO) STRAIT,645,0
1032,23773 28 34,LADIES (CARGO) STRAIT,690,1
1033,23774 28 34,LADIES (BALL BOTTOM) PANT,575,0
1034,23775 28 34,LADIES (BALL BOTTOM) PANT,535,0
1035,23776 28 34,LADIES(BLACK)PANT,570,4
1036,23777 28 34,LADIES (STRAIT) PANT,640,0
1037,23778 28 34,LADIES (STRAIT) PANT,515,0
1038,23779 28 34,LADIES (STRAIT) PANT,505,0
1039,23780 28 34,LADIES (STRAIT) PANT,480,0
1040,23781 28 32,LADIES(BLACK)PANT,455,3
1041,23782 28 34,LADIES (STRAIT) PANT,615,0
1042,23783 28 34,LADIES (STRAIT) PANT,0,0
1043,23784 28 32,LADIES (STRAIT) R.F.D,585,8
1044,23785 28 34,LADIES (STRAIT) PANT,695,0
1045,23786 28 34,LADIES (CARGO) STRAIT,730,1
1046,23787 28 34,LADIES (CARGO) STRAIT,0,0
1047,23788 28,LADIES (CARGO) STRAIT,545,0
1048,23789 28 32,LADIES (CARGO) STRAIT,545,0
1049,23790 28 34,LADIES (STRAIT) PANT,655,0
1050,23791 28 32,LADIES (STRAIT) PANT,565,0
1051,23792 34 38,LADIES (STRAIT) PANT,605,0
1052,23793 28 32,LADIES (CARGO) STRAIT,490,-1
1053,23794 28 34,LADIES (CARGO) STRAIT,565,0
1054,23795 28 32,LADIES (STRAIT) PANT,605,0
1055,23796 28 34,LADIES (STRAIT) JAGGING,345,1
1056,23797 28 30,LADIES (CARGO) STRAIT,0,0
1057,23798 28 32,LADIES (CARGO) STRAIT,465,0
1058,23799 28 32,LADIES (CARGO) STRAIT,555,0
1059,23800 28 32,LADIES (STRAIT) R.F.D,550,0
1060,23801 28 34,LADIES (STRAIT) R.F.D,615,0
1061,23802 28 34,LADIES (STRAIT) PANT,440,55
1062,23803 28 34,LADIES (CARGO) STRAIT,480,0
1063,23804 28 34,LADIES (STRAIT) PANT,540,1
1064,23805 28 32,LADIES(WHITE)PANT,530,0
1065,23806 28 32,LADIES (STRAIT) JAGGING,385,0
1066,23807 28 32,LADIES (STRAIT) JAGGING,375,1
1067,23808 28 34,LADIES(WHITE)PANT,540,0
1068,23809 28,LADIES (STRAIT) PANT,545,-2
1069,23809 28 34,LADIES (CARGO) STRAIT,545,2
1070,23810 28 32,LADIES (STRAIT) JAGGING,455,24
1071,23811 28 34,LADIES (CARGO) STRAIT,0,0
1072,23812 28 34,LADIES(WHITE)PANT,530,4
1073,23813 28 34,LADIES (STRAIT) PANT,640,0
1074,23814 28 32,LADIES (CARGO) STRAIT,570,0
1075,23815 28 32,LADIES CAPRI,480,16
1076,23816 28 34,LADIES CAPRI,485,16
1077,23817 28 34,LADIES (STRAIT) R.F.D,605,0
1078,23818 28 34,LADIES (STRAIT) JAGGING,360,0
1079,23819 28 32,LADIES (STRAIT) PANT,540,0
1080,23820 28 34,LADIES (STRAIT) PANT,545,0
1081,23821 28 32,LADIES (CARGO) STRAIT,505,0
1082,23822 28 32,LADIES (CARGO) STRAIT,505,0
1083,23822 28 34,LADIES WIDE LEG,0,0
1084,23823 28 32,LADIES CARGO,505,0
1085,23824 28 34,LADIES (STRAIT) PANT,530,0
1086,23825 28 34,LADIES (STRAIT) PANT,375,0
1087,23826 28 34,LADIES (STRAIT) PANT,435,0
1088,23827 28 34,LADIES (CARGO) STRAIT,555,28
1089,23828 28 34,LADIES (STRAIT) JAGGING,505,100
1090,23829 M L XL,LADIES (CARGO) STRAIT,590,6
1091,23830 28 34,LADIES JOGGER,465,-1
1092,23831 28 34,LADIES (BALL BOTTOM) PANT,725,0
1093,23832 28 36,LADIES (STRAIT) PANT,625,1
1094,23833 28,LADIES (STRAIT) PANT,570,0
1095,23834 28,LADIES (STRAIT) PANT,565,0
1096,23835 28 34,LADIES (CARGO) STRAIT,495,8
1097,23836 M L XL,LADIES (CARGO) STRAIT,565,15
1098,23837 28 34,LADIES (CARGO) STRAIT,470,44
1099,23838 28 34,LADIES (STRAIT) PANT,545,0
1100,23839 28 34,LADIES (STRAIT) PANT,495,1
1101,23840 28 34,LADIES (STRAIT) PANT,540,0
1102,23841 28 34,LADIES (STRAIT) R.F.D,455,1
1103,23842 28 34,LADIES (STRAIT) R.F.D,495,0
1104,23843 28 32,LADIES (CARGO) STRAIT,585,0
1105,23844 28 32,LADIES (BALL BOTTOM) PANT,545,0
1106,23844 28 34,LADIES (STRAIT) PANT,0,0
1107,23845 28 32,LADIES (BALL BOTTOM) PANT,545,1
1108,23846 28,LADIES (STRAIT) PANT,560,-4
1109,23846 28 34,LADIES (STRAIT) PANT,560,4
1110,23847 28 32,LADIES PANT,435,0
1111,23848 28 32,GIRLS P,505,-4
1112,23849 28,LADIES (CARGO) STRAIT,550,0
1113,23850 28,LADIES (CARGO) STRAIT,525,0
1114,23852 28 34,LADIES (FORMAL) PANT,335,1
1115,23853 28 34,LADIES (STRAIT) PANT,415,-5
1116,23854 28 34,LADIES (STRAIT) PANT,415,0
1117,23855 28 34,LADIES (STRAIT) PANT,465,0
1118,23856 34 38,LADIES (STRAIT) PANT,560,0
1119,23857 34 38,LADIES (CARGO) STRAIT,615,0
1120,23858 34 38,LADIES (CARGO) STRAIT,580,23
1121,23859 28 34,LADIES (CARGO) STRAIT,455,0
1122,23860 28,LADIES (CARGO) STRAIT,545,0
1123,23861 28 34,LADIES (STRAIT) PANT,495,0
1124,23862 28 32,LADIES (CARGO) STRAIT,555,0
1125,23863 28 32,LADIES (CARGO) STRAIT,605,0
1126,23864 28 34,LADIES (CARGO) STRAIT,535,0
1127,23865 28 34,LADIES (CARGO) STRAIT,550,0
1128,23866 28 34,LADIES (STRAIT) PANT,585,0
1129,23867 28 34,LADIES (CARGO) STRAIT,575,1
1130,23868 28 34,LADIES (CARGO) STRAIT,570,1
1131,23869 28 34,LADIES (CARGO) STRAIT,610,0
1132,23870 28 34,LADIES (CARGO) STRAIT,570,0
1133,23871 28 34,LADIES (STRAIT) PANT,535,0
1134,23872 28 34,LADIES (STRAIT) PANT,545,0
1135,23873 28 32,LADIES (STRAIT) R.F.D,590,0
1136,23874 28 32,LADIES (FORMAL) PANT,470,24
1137,23875 28 32,LADIES (FORMAL) PANT,395,0
1138,23876 28 32,LADIES (FORMAL) PANT,365,1
1139,23877 28 34,LADIES (CARGO) STRAIT,595,0
1140,23878 28 34,LADIES (STRAIT) PANT,545,0
1141,23879 36 40,LADIES (STRAIT) PANT,0,0
1142,23880 28 34,LADIES (STRAIT) JAGGING,435,3
1143,23881 28 34,LADIES (STRAIT) PANT,515,0
1144,23882 28 34,LADIES (STRAIT) PANT,590,0
1145,23883 28 34,LADIES (STRAIT) PANT,440,-1
1146,23884 28 32,LADIES (STRAIT) PANT,570,0
1147,23885 36 38,LADIES (STRAIT) PANT,610,0
1148,23886 28 34,LADIES (STRAIT) PANT,640,0
1149,23887 28 32,LADIES (STRAIT) PANT,475,1
1150,23888 28 34,LADIES(WHITE)PANT,545,1
1151,23889 28 34,LADIES (BALL BOTTOM) PANT,510,0
1152,23890 28 34,LADIES (STRAIT) PANT,445,2
1153,23891 28 34,LADIES (STRAIT) PANT,470,1
1154,23892 28 34,LADIES (STRAIT) PANT,530,6
1155,23893 28 34,LADIES (CARGO) STRAIT,525,0
1156,23894 28 34,LADIES (CARGO) STRAIT,655,0
1157,23895 28 34,LADIES (CARGO) STRAIT,640,0
1158,23896 28 34,LADIES (BALL BOTTOM) PANT,615,0
1159,23897 28 34,LADIES (STRAIT) PANT,555,0
1160,23898 28 34,LADIES (CARGO) STRAIT,635,0
1161,23899 28 34,LADIES (STRAIT) PANT,530,-4
1162,23900 28 34,GIRLS (STRAIT) PANT,560,0
1163,23901 28 34,LADIES (STRAIT) PANT,675,0
1164,23902 28 34,LADIES (STRAIT) PANT,660,0
1165,23903 28 34,LADIES (STRAIT) PANT,720,0
1166,23904 28 34,LADIES (STRAIT) PANT,720,-17
1167,23905 28,LADIES (CARGO) STRAIT,475,0
1168,23906 28,LADIES (CARGO) STRAIT,480,0
1169,23907 28,LADIES (STRAIT) PANT,455,0
1170,23908 28 34,LADIES (STRAIT) R.F.D,625,16
1171,23909 28 34,LADIES (STRAIT) PANT,625,0
1172,23910 28 34,LADIES (BALL BOTTOM) PANT,605,0
1173,23911 28 34,LADIES (BALL BOTTOM) PANT,525,0
1174,23912 28 34,LADIES (BALL BOTTOM) PANT,510,0
1175,23913 28 34,LADIES (BALL BOTTOM) JAGGING,415,0
1176,23914 28 34,LADIES (STRAIT) JAGGING,365,0
1177,23915 28 34,LADIES (BALL BOTTOM) PANT,570,0
1178,23916 28 34,LADIES (BALL BOTTOM) PANT,560,0
1179,23917 28 34,LADIES (BALL BOTTOM) PANT,570,8
1180,23918 28 34,LADIES (BALL BOTTOM) PANT,490,0
1181,23919 28 32,LADIES (STRAIT) PANT,580,0
1182,23920 28 32,LADIES (STRAIT) PANT,0,0
1183,23921 28 34,LADIES (BALL BOTTOM) PANT,720,0
1184,23922 36 40,LADIES (STRAIT) PANT,525,0
1185,23923 28 34,LADIES (STRAIT) PANT,715,0
1186,23924 28 34,LADIES (STRAIT) PANT,715,16
1187,23925 28 34,LADIES (CARGO) STRAIT,670,0
1188,23926 28 32,LADIES (STRAIT) R.F.D,550,21
1189,23927 28 32,LADIES (STRAIT) PANT,0,0
1190,23928 28 34,LADIES (FORMAL) PANT,510,12
1191,23929 28 34,LADIES (STRAIT) PANT,585,0
1192,23930 28 34,LADIES (CARGO) STRAIT,445,0
1193,23931 28 34,LADIES (BALL BOTTOM) JAGGING,310,0
1194,23932 28 34,LADIES (STRAIT) JAGGING,275,15
1195,23933 28 32,LADIES (CARGO) STRAIT,580,0
1196,23934 28 34,LADIES (CARGO) STRAIT,595,0
1197,23935 28 34,LADIES (STRAIT) PANT,585,87
1198,23936 28 34,LADIES (CARGO) STRAIT,395,0
1199,23937 28 32,LADIES (FORMAL) PANT,375,-2
1200,23938 28 34,LADIES (CARGO) STRAIT,590,0
1201,23939 28 34,LADIES (CARGO) STRAIT,585,0
1202,23940 28 34,LADIES (BALL BOTTOM) PANT,345,0
1203,23941 36 40,LADIES (BALL BOTTOM) PANT,375,9
1204,23942 28 34,LADIES (CARGO) STRAIT,380,5
1205,23943 36 38,LADIES (BALL BOTTOM) PANT,620,0
1206,23944 36 38,LADIES (CARGO) STRAIT,645,-3
1207,23945 36 38,LADIES (CARGO) STRAIT,610,-1
1208,23946 36 38,LADIES (CARGO) STRAIT,645,0
1209,23947 36 40,LADIES (STRAIT) PANT,580,0
1210,23948 36 40,LADIES (BALL BOTTOM) PANT,575,0
1211,23949 28 34,LADIES PANT,390,1
1212,23950 28 32,LADIES (CARGO) STRAIT,440,0
1213,23951 28 34,LADIES (STRAIT) PANT,530,0
1214,23952 28,LADIES (STRAIT) PANT,510,0
1215,23953 28 34,LADIES (STRAIT) PANT,715,0
1216,23954 28 34,LOWER,380,0
1217,23955 28 34,LADIES (STRAIT) PANT,590,0
1218,23956 28 34,LADIES (STRAIT) R.F.D,715,4
1219,23957 28 34,LADIES (STRAIT) PANT,590,0
1220,23958 28 30,LADIES (CARGO) STRAIT,570,0
1221,23959 28 30,LADIES (STRAIT) PANT,545,0
1222,23960 34 36,LADIES (CARGO) STRAIT,460,0
1223,23961 28 32,LADIES (CARGO) STRAIT,520,-4
1224,23962 28 34,LADIES (CARGO) STRAIT,690,0
1225,23963 28 34,LADIES (STRAIT) PANT,645,0
1226,23964 28 34,LADIES (STRAIT) PANT,635,4
1227,23965 28 34,LADIES (BALL BOTTOM) PANT,645,0
1228,23966 28 34,LADIES (CARGO) STRAIT,595,12
1229,23967 28 32,LADIES (FORMAL) PANT,365,0
1230,23968 28 32,LADIES (FORMAL) PANT,390,0
1231,23969 28 32,LADIES (FORMAL) PANT,370,0
1232,23970 28 32,LADIES (FORMAL) PANT,385,0
1233,23971 28 32,LADIES (STRAIT) PANT,630,0
1234,23972 28 32,LADIES (STRAIT) PANT,0,0
1235,23973 28 32,LADIES (STRAIT) PANT,430,1
1236,23974 28 30,LADIES (CARGO) STRAIT,530,0
1237,23975 28 34,LADIES (STRAIT) PANT,0,0
1238,23976 28 30,LADIES (STRAIT) PANT,560,0
1239,23977 28 30,LADIES (STRAIT) PANT,545,2
1240,23978 28 30,LADIES (STRAIT) PANT,535,0
1241,23979 28 30,LADIES (CARGO) STRAIT,575,0
1242,23980 28,LADIES (CARGO) STRAIT,555,0
1243,23981 28 30,LADIES (CARGO) STRAIT,525,0
1244,23982 28 34,LADIES (BALL BOTTOM) PANT,695,0
1245,23983 28 34,LADIES (STRAIT) PANT,665,0
1246,23984 28 34,LADIES (CARGO) STRAIT,665,1
1247,23985 36 38,LOWER,400,0
1248,23986 28 34,LADIES (CARGO) STRAIT,640,0
1249,23987 28 34,LADIES (CARGO) STRAIT,625,0
1250,23988 28 32,LADIES (STRAIT) PANT,550,0
1251,23989 28 30,LADIES (CARGO) STRAIT,545,1
1252,23990 28 32,LADIES (STRAIT) PANT,515,0
1253,23991 28 30,LADIES (STRAIT) PANT,435,0
1254,23992 28 32,LADIES (STRAIT) PANT,545,0
1255,23993 28 34,LADIES (STRAIT) PANT,550,0
1256,23994 28 34,LADIES (STRAIT) R.F.D,585,12
1257,23995 28 34,LADIES (STRAIT) PANT,465,8
1258,23996 28 32,LADIES (STRAIT) PANT,425,0
1259,23997 28 34,LADIES (STRAIT) PANT,745,0
1260,23998 30 36,LADIES (STRAIT) PANT,415,0
1261,23999 28 34,LADIES (STRAIT) PANT,415,0
1262,24000 36 38,LADIES (STRAIT) PANT,720,3
1263,24001 28 34,LADIES (CARGO) STRAIT,780,0
1264,24002 28 34,LADIES (STRAIT) PANT,725,0
1265,24003 28 34,LADIES (STRAIT) PANT,455,0
1266,24004 28 34,LADIES (STRAIT) PANT,405,0
1267,24005 28 34,LADIES (STRAIT) PANT,495,0
1268,24006 36 40,LADIES (STRAIT) PANT,605,0
1269,24007 36 38,LADIES (STRAIT) PANT,370,64
1270,24008 28 34,LADIES (STRAIT) PANT,730,0
1271,24009 28 34,LADIES (STRAIT) PANT,625,0
1272,24010 28,LADIES (STRAIT) PANT,530,0
1273,24010 28 34,LADIES (STRAIT) PANT,0,0
1274,24011 28 34,LADIES (STRAIT) PANT,560,8
1275,24012 28 34,LADIES (STRAIT) PANT,745,0
1276,24013 28 34,LADIES (BALL BOTTOM) PANT,715,0
1277,24014 34 38,LADIES (STRAIT) PANT,405,9
1278,24015 28 34,LADIES (STRAIT) PANT,680,0
1279,24016 28 34,LADIES (STRAIT) PANT,710,0
1280,24017 28 34,LADIES (CARGO) STRAIT,645,0
1281,24018 28 34,LADIES (CARGO) STRAIT,645,0
1282,24019 28 34,LADIES (STRAIT) PANT,720,0
1283,24020 28 34,LADIES (STRAIT) PANT,445,0
1284,24021 28 34,LADIES (STRAIT) PANT,690,0
1285,24022 28 34,LADIES (STRAIT) PANT,595,0
1286,24023 28 32,LADIES (STRAIT) PANT,605,0
1287,24024 32 38,LADIES (STRAIT) PANT,795,-4
1288,24025 28 32,LADIES (STRAIT) PANT,460,0
1289,24026 28 34,LADIES (STRAIT) PANT,605,0
1290,24027 28 32,LADIES (STRAIT) PANT,495,0
1291,24028 28 34,LADIES (STRAIT) PANT,615,0
1292,24029 28 34,LADIES (STRAIT) PANT,760,13
1293,24030 28 34,LADIES (STRAIT) PANT,765,2
1294,24031 28 34,LADIES(BLACK)PANT,595,0
1295,24032 28 34,LADIES (STRAIT) PANT,620,0
1296,24033 28 34,LADIES (STRAIT) PANT,605,0
1297,24034 28 34,LADIES (STRAIT) R.F.D,585,0
1298,24035 28 34,LADIES(BLACK)PANT,505,0
1299,24036 28 34,LADIES(BLACK)PANT,590,0
1300,24037 28 34,LADIES (STRAIT) PANT,570,0
1301,24038 36 40,LADIES (STRAIT) PANT,685,0
1302,24039 28 34,LADIES (STRAIT) PANT,670,0
1303,24040 28 34,LADIES (FORMAL) PANT,0,0
1304,24041 28 34,LADIES (FORMAL) PANT,0,0
1305,24042 28 34,LADIES (CARGO) STRAIT,675,0
1306,24043 28 34,LADIES (STRAIT) PANT,525,19
1307,24044 28 34,LADIES (STRAIT) PANT,540,0
1308,24045 28 34,LADIES (STRAIT) PANT,455,0
1309,24046 28 34,LADIES (STRAIT) PANT,525,0
1310,24047 38 46,LADIES (STRAIT) PANT,655,0
1311,24048 28 34,TROUSER,330,0
1312,24049 28 34,LADIES (FORMAL) PANT,395,27
1313,24050 28 34,LADIES (STRAIT) PANT,510,0
1314,24051 28 34,LADIES (CARGO) STRAIT,490,20
1315,24052 28 34,LOWER,380,41
1316,24053 28 34,LADIES (STRAIT) PANT,460,0
1317,24054 28 34,LADIES (STRAIT) PANT,425,0
1318,24055 28 34,LADIES (STRAIT) PANT,665,0
1319,24056 28 34,LADIES (STRAIT) PANT,640,0
1320,24057 28 32,LADIES (STRAIT) PANT,360,8
1321,24058 28 34,LADIES (STRAIT) PANT,760,0
1322,24059 28 34,LADIES (STRAIT) PANT,775,1
1323,24060 28 34,LADIES (STRAIT) PANT,680,0
1324,24061 28 34,LADIES (STRAIT) PANT,445,0
1325,24062 28 34,LADIES (STRAIT) PANT,615,0
1326,24063 36 40,LADIES (STRAIT) PANT,675,-1
1327,24064 28 34,LADIES (STRAIT) PANT,645,49
1328,24065 28 34,LADIES (STRAIT) PANT,430,0
1329,24066 28 34,LADIES(WHITE)PANT,565,4
1330,24067 28 32,LADIES (STRAIT) R.F.D,470,1
1331,24068 28 32,LADIES (STRAIT) R.F.D,475,0
1332,24069 28 34,LADIES (FORMAL) PANT,525,0
1333,24070 28 32,LADIES (CARGO) STRAIT,545,0
1334,24071 28 34,LADIES (STRAIT) PANT,645,0
1335,24072 28 34,LADIES (STRAIT) PANT,615,0
1336,24073 28 34,LADIES (STRAIT) PANT,675,0
1337,24074 28 34,LADIES (STRAIT) PANT,675,0
1338,24075 28 34,LADIES (STRAIT) PANT,730,0
1339,24076 28 34,LADIES (STRAIT) PANT,415,0
1340,24077  28 34,LADIES (STRAIT) PANT,285,0
1341,24077 28 34,LADIES (FORMAL) PANT,285,121
1342,24078 28 34,LADIES (STRAIT) PANT,355,0
1343,24079 36 38,LADIES (STRAIT) PANT,375,0
1344,24080 28 32,LADIES (STRAIT) PANT,405,-12
1345,24081 28 34,LADIES (STRAIT) PANT,670,3
1346,24082 36 38,LADIES (STRAIT) PANT,695,0
1347,24083 28 34,LADIES (STRAIT) PANT,470,0
1348,24084 28 34,LADIES (STRAIT) PANT,470,0
1349,24085 28 34,LADIES (STRAIT) PANT,470,0
1350,24086 28 34,LADIES (STRAIT) PANT,625,45
1351,24087 28 34,LADIES (STRAIT) PANT,415,0
1352,24088 28 34,LADIES (STRAIT) PANT,555,0
1353,24089 28 32,LADIES (STRAIT) PANT,455,5
1354,24090 28 34,LADIES (STRAIT) PANT,825,0
1355,24091 28 34,LADIES (STRAIT) PANT,555,0
1356,24092 28 34,LADIES (CARGO) STRAIT,625,0
1357,24093 28 34,LADIES (STRAIT) PANT,525,0
1358,24094 28 32,LADIES (STRAIT) PANT,505,1
1359,24095 28 34,LADIES (STRAIT) PANT,440,1
1360,24096 28 30,LADIES (STRAIT) R.F.D,550,4
1361,24097 28 34,LADIES (CARGO) STRAIT,630,24
1362,24098 28 34,LADIES (STRAIT) PANT,490,44
1363,24099 28 32,LADIES (STRAIT) PANT,385,0
1364,24100 28 34,LADIES (CARGO) STRAIT,440,0
1365,24101 28 34,LADIES (STRAIT) PANT,535,0
1366,24102 28 34,LADIES (STRAIT) PANT,505,1
1367,24103 28 32,LADIES (STRAIT) R.F.D,530,0
1368,24104 28 34,LADIES (STRAIT) PANT,710,0
1369,24105 28 34,LADIES (STRAIT) R.F.D,555,0
1370,24106 36 38,LADIES (STRAIT) PANT,835,10
1371,24107 28 30,LADIES (STRAIT) R.F.D,485,0
1372,24108 28 30,LADIES (STRAIT) PANT,475,0
1373,24109 28 30,LADIES (CARGO) STRAIT,550,0
1374,24110 28 34,LADIES (STRAIT) PANT,0,0
1375,24111 36 38,LADIES (STRAIT) PANT,0,0
1376,24112 28 34,LADIES (STRAIT) PANT,455,8
1377,24113 28 34,LADIES (STRAIT) PANT,415,-1
1378,24114 28 34,LADIES (STRAIT) PANT,430,4
1379,24115 28 34,LADIES (STRAIT) PANT,615,0
1380,24116 28 34,LADIES (STRAIT) PANT,540,0
1381,24117 28 34,LADIES (STRAIT) PANT,505,36
1382,24118 28 34,LADIES (STRAIT) PANT,415,0
1383,24119 28 34,LADIES (STRAIT) PANT,515,21
1384,24120 28 34,LADIES (STRAIT) PANT,710,0
1385,24121 28 32,LADIES (STRAIT) PANT,560,0
1386,24122 28 32,LADIES (STRAIT) PANT,495,0
1387,24123 28,LADIES (STRAIT) PANT,570,0
1388,24124 28 34,LADIES (CARGO) STRAIT,535,0
1389,24125 36 38,LADIES (CARGO) STRAIT,685,0
1390,24126 28 34,LADIES (STRAIT) PANT,710,0
1391,24127 28 34,LADIES (STRAIT) PANT,715,0
1392,24128 28 32,LADIES (STRAIT) PANT,475,0
1393,24129 28 34,LADIES(BLACK)PANT,510,0
1394,24130 28 34,LADIES (STRAIT) PANT,660,0
1395,24131 28 34,LADIES (STRAIT) PANT,730,0
1396,24132 28 34,LADIES (STRAIT) PANT,660,0
1397,24133 28 34,LADIES (STRAIT) PANT,660,0
1398,24134 28 32,LADIES (STRAIT) PANT,545,0
1399,24135 28 32,LADIES (CARGO) STRAIT,575,0
1400,24136 28 34,LADIES (STRAIT) PANT,580,0
1401,24137 28,LADIES (STRAIT) PANT,605,0
1402,24138 28 32,LADIES(WHITE)PANT,530,0
1403,24139 28 34,LADIES (STRAIT) PANT,505,3
1404,24140 28 34,LADIES (STRAIT) PANT,475,0
1405,24141 28 34,LADIES (STRAIT) PANT,0,0
1406,24142 28 34,LADIES (STRAIT) PANT,555,0
1407,24143 28 32,LADIES (CARGO) STRAIT,580,0
1408,24144 28 32,LADIES (STRAIT) R.F.D,605,1
1409,24145 28 34,LADIES (STRAIT) PANT,810,0
1410,24146 28 34,LADIES (STRAIT) PANT,780,0
1411,24147 36 38,LADIES (STRAIT) PANT,695,0
1412,24148 28 34,LADIES (STRAIT) PANT,520,0
1413,24149 28 32,LADIES (STRAIT) PANT,470,1
1414,24150 28 32,LADIES (STRAIT) PANT,525,0
1415,24151 28 32,LADIES (STRAIT) PANT,450,0
1416,24152 28 34,LADIES (STRAIT) PANT,370,0
1417,24153 28 32,LADIES(BLACK)PANT,575,-4
1418,24154 28 32,LADIES(WHITE)PANT,555,0
1419,24155 28 34,LADIES (STRAIT) PANT,480,0
1420,24156 28 34,LADIES (STRAIT) PANT,495,0
1421,24157 28 34,LADIES(BLACK)PANT,535,0
1422,24158 30 36,LADIES(WHITE)PANT,550,0
1423,24159 28 32,LADIES (STRAIT) R.F.D,550,0
1424,24160 36 40,LADIES(BLACK)PANT,580,-3
1425,24161 28 32,LADIES(BLACK)PANT,495,0
1426,24162 28 30,LADIES (STRAIT) R.F.D,530,0
1427,24163 28,LADIES (STRAIT) R.F.D,530,0
1428,24164 28 34,LADIES (STRAIT) PANT,495,0
1429,24165 28 32,LADIES (STRAIT) PANT,345,9
1430,24166 28 32,LADIES (STRAIT) PANT,395,0
1431,24167 28 34,LADIES (STRAIT) PANT,545,-1
1432,24168 28 34,LADIES (STRAIT) PANT,680,0
1433,24169 28 34,LADIES (STRAIT) PANT,680,0
1434,24170 28 34,LADIES (STRAIT) PANT,605,-3
1435,24171 28 32,LADIES (STRAIT) PANT,615,0
1436,24172 28 34,LADIES (CARGO) STRAIT,560,8
1437,24173 28 34,LADIES (STRAIT) PANT,710,16
1438,24174 28 34,LADIES (BALL BOTTOM) PANT,530,-5
1439,24175 28 34,LADIES (STRAIT) PANT,510,0
1440,24176 28 34,LADIES (STRAIT) PANT,525,0
1441,24177 28 34,LADIES (STRAIT) PANT,645,0
1442,24178 28 34,LADIES (STRAIT) PANT,670,0
1443,24179 28 34,LADIES (STRAIT) PANT,595,0
1444,24180 28 34,LADIES (STRAIT) PANT,570,0
1445,24181 28 32,LADIES (STRAIT) PANT,390,4
1446,24182 28 34,LADIES(WHITE)PANT,545,0
1447,24183 28 32,LADIES (STRAIT) PANT,580,0
1448,24184 28 32,LADIES (STRAIT) PANT,625,4
1449,24185 28 34,LADIES (STRAIT) PANT,470,0
1450,24186 28 34,LADIES (CARGO) STRAIT,505,0
1451,24187 28 34,LADIES (STRAIT) PANT,510,0
1452,24188 28 32,LADIES (CARGO) STRAIT,470,0
1453,24189 28 32,LADIES (CARGO) STRAIT,495,0
1454,24190 28 34,LADIES (CARGO) STRAIT,655,1
1455,24191 28 34,LADIES (STRAIT) PANT,615,0
1456,24192 24 34,LADIES (STRAIT) PANT,580,0
1457,24193 28 34,LADIES (BALL BOTTOM) PANT,615,-5
1458,24194 28 34,LADIES (STRAIT) PANT,810,0
1459,24195 28 34,LADIES (STRAIT) PANT,710,20
1460,24196 28 32,LADIES (STRAIT) R.F.D,580,0
1461,24197 28 32,LADIES (STRAIT) PANT,480,1
1462,24198 28 34,LADIES(BLACK)PANT,475,-1
1463,24199 28 32,LADIES (STRAIT) R.F.D,510,28
1464,24200 28 30,LADIES (STRAIT) PANT,510,0
1465,24201 28 34,LADIES (STRAIT) PANT,605,0
1466,24202 28 34,LADIES (STRAIT) PANT,475,0
1467,24203 3XL TO 5XL,LADIES (STRAIT) PANT,405,7
1468,24204 28 32,LADIES (STRAIT) PANT,560,1
1469,24205 28 32,LADIES (STRAIT) PANT,565,1
1470,24206 28 32,LADIES (STRAIT) PANT,425,0
1471,24207 28 32,LADIES (CARGO) STRAIT,445,0
1472,24208 28,LADIES (CARGO) STRAIT,610,0
1473,24209 28,LADIES (STRAIT) PANT,590,0
1474,24210 28,LADIES (CARGO) STRAIT,555,0
1475,24211 28,LADIES (STRAIT) PANT,490,0
1476,24212 28 34,LADIES (STRAIT) PANT,445,0
1477,24213 28 30,LADIES (CARGO) STRAIT,510,0
1478,24213 28 34,LADIES (CARGO) STRAIT,510,20
1479,24214 28 34,LADIES (CARGO) STRAIT,455,0
1480,24215 28 32,LADIES(BLACK)PANT,565,0
1481,24216 28 32,LADIES (STRAIT) R.F.D,625,0
1482,24217 28 32,LADIES (STRAIT) PANT,590,4
1483,24218 36 40,LADIES (STRAIT) PANT,635,-4
1484,24219 28,LADIES (STRAIT) R.F.D,505,-5
1485,24219 28 34,LADIES (STRAIT) R.F.D,505,0
1486,24220 28 34,LADIES (STRAIT) PANT,710,6
1487,24221 28 34,LADIES (STRAIT) PANT,665,0
1488,24222 28 34,LADIES (CARGO) STRAIT,585,0
1489,24223 28 34,LADIES (STRAIT) PANT,615,0
1490,24224 28 32,LADIES(BLACK)PANT,555,0
1491,24225 28 32,LADIES(BLACK)PANT,535,0
1492,24226 28 34,LADIES (STRAIT) PANT,670,12
1493,24227 28 34,LADIES (CARGO) STRAIT,595,0
1494,24228 28 34,LADIES (CARGO) STRAIT,595,28
1495,24229 28 32,LADIES (STRAIT) PANT,535,0
1496,24230 28 32,LADIES (STRAIT) PANT,545,0
1497,24231 28 34,LADIES (STRAIT) PANT,655,0
1498,24232 28 32,LADIES (CARGO) STRAIT,480,0
1499,24233 28 34,LADIES (STRAIT) PANT,615,4
1500,24234 28 34,LADIES (STRAIT) PANT,645,-1
1501,24235 28 34,LADIES (STRAIT) PANT,465,1
1502,24236 28 30,LADIES (STRAIT) R.F.D,515,0
1503,24237 28 34,LADIES (STRAIT) PANT,425,0
1504,24238 36 40,LADIES (CARGO) STRAIT,540,-1
1505,24239 28 32,LADIES (STRAIT) PANT,530,0
1506,24240 28 32,LADIES (CARGO) STRAIT,425,0
1507,24241 28 34,LADIES (STRAIT) PANT,425,0
1508,24242 28 32,LADIES (STRAIT) PANT,425,0
1509,24243 28 34,LADIES(BLACK)PANT,545,0
1510,24244 28 34,LADIES (STRAIT) PANT,610,0
1511,24245 28 34,LADIES (STRAIT) PANT,510,0
1512,24246 28,LADIES (STRAIT) R.F.D,475,0
1513,24247 28 34,LADIES (STRAIT) PANT,525,10
1514,24248 28 32,LADIES(WHITE)PANT,495,0
1515,24249 28 32,LADIES (STRAIT) R.F.D,530,0
1516,24250 28 32,LADIES (STRAIT) R.F.D,525,0
1517,24251 28 32,LADIES(WHITE)PANT,505,0
1518,24252 28 34,LADIES (STRAIT) PANT,415,0
1519,24253 28 32,LADIES (STRAIT) PANT,445,0
1520,24254 28 34,LADIES (STRAIT) PANT,510,0
1521,24255 28 32,LADIES (STRAIT) PANT,585,4
1522,24256 28 32,LADIES (STRAIT) PANT,605,0
1523,24257 28 34,LADIES (STRAIT) PANT,710,20
1524,24258 28 34,LADIES (STRAIT) PANT,675,0
1525,24259 28,LADIES (STRAIT) PANT,540,0
1526,24260 28 34,LADIES(WHITE)PANT,560,16
1527,24261 28 34,LADIES (STRAIT) R.F.D,555,0
1528,24262 28 34,LADIES (STRAIT) R.F.D,590,0
1529,24263 28 34,LADIES (STRAIT) PANT,590,3
1530,24264 28 34,LADIES (STRAIT) PANT,605,0
1531,24265 28 34,LADIES (STRAIT) PANT,630,0
1532,24266 28 34,LADIES (STRAIT) PANT,625,0
1533,24267 36 40,LADIES (STRAIT) PANT,430,0
1534,24268 28 32,LADIES (STRAIT) PANT,475,0
1535,24269 28 34,LADIES (STRAIT) PANT,470,0
1536,24270 36 40,LADIES (STRAIT) PANT,675,-1
1537,24271 28 30,LADIES (STRAIT) PANT,455,0
1538,24272 28 30,LADIES (STRAIT) PANT,540,0
1539,24273 28 30,LADIES (STRAIT) PANT,540,0
1540,24274 28 30,LADIES (STRAIT) PANT,560,0
1541,24275 28 30,LADIES (STRAIT) PANT,505,20
1542,24276 28 30,LADIES (STRAIT) PANT,515,0
1543,24277 28 30,LADIES (STRAIT) PANT,505,0
1544,24278 28 30,LADIES (STRAIT) PANT,525,0
1545,24279 28 34,LADIES (CARGO) STRAIT,635,-1
1546,24280 28 32,LADIES (CARGO) STRAIT,595,12
1547,24281 28 34,LADIES (CARGO) STRAIT,635,8
1548,24282 28 34,LADIES (CARGO) STRAIT,615,5
1549,24283 28 34,LADIES (STRAIT) PANT,635,4
1550,24284 28 34,LADIES (CARGO) STRAIT,635,0
1551,24285 34 38,LADIES (STRAIT) PANT,470,0
1552,24286 34 38,LADIES (STRAIT) PANT,485,-4
1553,24287 28 34,LADIES (STRAIT) PANT,0,0
1554,24288 28 34,LADIES (STRAIT) PANT,515,0
1555,24289 28 32,LADIES (STRAIT) PANT,405,0
1556,24290 28 34,LADIES (STRAIT) PANT,455,0
1557,24291 28 34,LADIES(WHITE)PANT,625,-3
1558,24292 28 34,LADIES(BLACK)PANT,410,0
1559,24293 28 34,LOWER,370,80
1560,24294 36 38,LADIES (STRAIT) PANT,665,0
1561,24295 28 34,LADIES (STRAIT) PANT,485,1
1562,24296 28 34,LADIES (STRAIT) PANT,485,0
1563,24297 28 34,LADIES (STRAIT) PANT,465,0
1564,24298 28 34,LADIES (STRAIT) PANT,475,0
1565,24299 28 34,LADIES(WHITE)PANT,545,16
1566,24300 28 32,LADIES (STRAIT) PANT,570,0
1567,24301 28 34,LADIES (STRAIT) PANT,545,0
1568,24302 28 32,LADIES (STRAIT) PANT,510,5
1569,24303 28 34,LADIES (STRAIT) PANT,465,0
1570,24304 28 32,LADIES(WHITE)PANT,540,0
1571,24305 28 32,LADIES(WHITE)PANT,565,15
1572,24306 28 34,LADIES (STRAIT) R.F.D,530,6
1573,24307 28 34,LADIES (STRAIT) R.F.D,425,0
1574,24308 28 34,LADIES (STRAIT) PANT,645,-36
1575,24309 36 40,LADIES (STRAIT) PANT,685,0
1576,24310 28 34,LADIES (STRAIT) PANT,615,0
1577,24311 28 32,LADIES (STRAIT) PANT,445,0
1578,24312 28 34,LADIES (STRAIT) PANT,430,0
1579,24313 36 38,LADIES (STRAIT) PANT,665,0
1580,24314 28 30,LADIES (STRAIT) PANT,0,0
1581,24315 28 34,LADIES (STRAIT) PANT,0,0
1582,24316 28 34,LADIES (STRAIT) PANT,540,0
1583,24317 36 38,LADIES (STRAIT) PANT,565,0
1584,24318 28 34,LADIES (STRAIT) PANT,430,0
1585,24319 28 32,LADIES (CARGO) STRAIT,0,0
1586,24320 28,LADIES (STRAIT) PANT,530,0
1587,24321 28,LADIES (STRAIT) PANT,440,0
1588,24322 28 34,LADIES (STRAIT) PANT,635,0
1589,24323 28 34,LADIES (STRAIT) PANT,495,0
1590,24324 28 34,LADIES (STRAIT) PANT,485,15
1591,24325 28 32,LADIES (STRAIT) PANT,455,0
1592,24326 28 34,LADIES (STRAIT) PANT,585,0
1593,24327 28 34,LADIES (STRAIT) PANT,425,0
1594,24328 28 34,LADIES (STRAIT) PANT,415,0
1595,24329 28 34,LADIES (STRAIT) PANT,465,0
1596,24330 28 34,LADIES (BALL BOTTOM) PANT,675,5
1597,24331 28 34,LADIES (BALL BOTTOM) PANT,690,-1
1598,24332 28 34,LADIES(BLACK)PANT,515,12
1599,24333 28 34,LADIES (STRAIT) PANT,690,0
1600,24334 28 34,LADIES (BALL BOTTOM) PANT,505,0
1601,24335 28 34,LADIES (STRAIT) PANT,425,5
1602,24336 28 32,LADIES (STRAIT) PANT,0,0
1603,24337 28 30,LADIES (STRAIT) PANT,705,1
1604,24338 28 34,LADIES (STRAIT) PANT,695,12
1605,24339 28 34,LADIES (STRAIT) PANT,515,0
1606,24340 28 34,LADIES (CARGO) STRAIT,455,0
1607,24341 28 32,LADIES (STRAIT) PANT,460,0
1608,24342 28 32,LADIES (STRAIT) PANT,510,0
1609,24343 28 34,LADIES (STRAIT) PANT,590,0
1610,24344 28 34,LADIES (STRAIT) PANT,520,0
1611,24345 28 34,LADIES (STRAIT) PANT,570,16
1612,24346 28 34,LADIES (STRAIT) PANT,0,0
1613,24347 36 44,LADIES (STRAIT) PANT,690,0
1614,24348 28 32,LADIES (STRAIT) PANT,425,0
1615,24349 28 34,LADIES (CARGO) STRAIT,475,4
1616,24350 28 32,LADIES CARGO,475,15
1617,24351 28 30,LADIES CARGO,485,0
1618,24352 28,LADIES (STRAIT) PANT,460,25
1619,24353 28,LADIES (CARGO) STRAIT,475,0
1620,24354 28 34,LADIES (CARGO) STRAIT,455,13
1621,24355 28 34,LADIES (STRAIT) PANT,560,2
1622,24356 28 34,LADIES(BLACK)PANT,670,0
1623,24357 28 34,LADIES (STRAIT) PANT,555,0
1624,24358 28 34,LADIES (STRAIT) PANT,460,3
1625,24359 28 34,LADIES (STRAIT) PANT,560,0
1626,24360 28 34,LADIES (STRAIT) PANT,685,0
1627,24361 28 34,LADIES (STRAIT) PANT,605,0
1628,24362 28 34,LADIES (STRAIT) PANT,595,0
1629,24363 28 32,LADIES (STRAIT) R.F.D,525,28
1630,24364 28 34,LADIES (STRAIT) PANT,625,0
1631,24365 28 34,LADIES (STRAIT) PANT,425,0
1632,24366 28 34,LADIES (STRAIT) PANT,435,0
1633,24367 28 32,LADIES (STRAIT) PANT,570,0
1634,24368 28 32,LADIES (STRAIT) R.F.D,575,0
1635,24369 28 34,LADIES (STRAIT) PANT,610,-4
1636,24370 28,LADIES (STRAIT) PANT,570,0
1637,24371 28 34,LADIES (STRAIT) PANT,565,1
1638,24372 34 38,LADIES (STRAIT) PANT,505,0
1639,24373 28 34,LADIES (STRAIT) PANT,575,0
1640,24374 28 34,LADIES(BLACK)PANT,525,0
1641,24375 28 34,LADIES (STRAIT) PANT,470,0
1642,24376 28 34,LADIES (STRAIT) PANT,475,0
1643,24377 28 32,LADIES (STRAIT) PANT,475,0
1644,24378 28 32,LADIES (STRAIT) PANT,475,30
1645,24379 28 34,LADIES (STRAIT) PANT,620,0
1646,24380 28 34,LADIES(BLACK)PANT,590,0
1647,24381 32 38,LADIES(WHITE)PANT,595,0
1648,24382 28 34,LADIES (STRAIT) PANT,625,0
1649,24383 28 34,LADIES (STRAIT) PANT,785,0
1650,24384 28 32,LADIES (STRAIT) PANT,475,0
1651,24385 28 32,LADIES (STRAIT) PANT,505,-5
1652,24386 28 34,LADIES (STRAIT) PANT,530,0
1653,24387 28 34,LADIES (STRAIT) PANT,465,0
1654,24388 28 34,LADIES (STRAIT) PANT,540,0
1655,24389 28 34,LADIES (STRAIT) PANT,530,0
1656,24390 28 34,LADIES(BLACK)PANT,425,0
1657,24391 28 32,LADIES (STRAIT) PANT,510,31
1658,24392 28 34,LADIES (STRAIT) PANT,395,0
1659,24393 28 34,LADIES (STRAIT) PANT,395,-10
1660,24394 28 34,LADIES (STRAIT) PANT,360,0
1661,24395 28 34,LADIES (STRAIT) R.F.D,470,0
1662,24396 36 40,LADIES (STRAIT) R.F.D,505,0
1663,24397 28 34,LADIES (STRAIT) PANT,535,0
1664,24398 28 34,LADIES (STRAIT) PANT,725,0
1665,24399 28 34,LADIES (STRAIT) PANT,660,1
1666,24400 28 34,LADIES (STRAIT) PANT,645,0
1667,24401 28,LADIES (STRAIT) R.F.D,515,0
1668,24402 28,LADIES (STRAIT) PANT,470,0
1669,24403 28 30,LADIES (STRAIT) PANT,580,0
1670,24404 28 34,LADIES (STRAIT) PANT,475,4
1671,24405 28 34,LADIES (STRAIT) PANT,555,31
1672,24406 28 34,LADIES (STRAIT) PANT,470,3
1673,24407 28 34,LADIES (STRAIT) PANT,530,0
1674,24408 28 34,LADIES (STRAIT) PANT,660,0
1675,24409 28 34,LADIES (STRAIT) PANT,430,0
1676,24410 28 34,LADIES (STRAIT) PANT,475,0
1677,24411 28 34,LADIES (STRAIT) PANT,550,1
1678,24412 28 30,LADIES (CARGO) STRAIT,575,8
1679,24413 28 34,LADIES (STRAIT) PANT,435,0
1680,24414 28 34,LADIES (STRAIT) PANT,485,0
1681,24415 28 34,LADIES (STRAIT) PANT,485,0
1682,24416 28 34,LADIES (CARGO) STRAIT,540,1
1683,24417 28 34,LADIES (STRAIT) PANT,645,2
1684,24418 28 34,LADIES TROUSER PANT,330,234
1685,24419 28 32,LADIES (STRAIT) R.F.D,565,0
1686,24420 28 34,LADIES(BLACK)PANT,530,0
1687,24421 28,LADIES (STRAIT) PANT,495,0
1688,24422 28,LADIES (STRAIT) PANT,475,0
1689,24423 36 38,LADIES (STRAIT) PANT,485,0
1690,24424 28 34,LADIES (STRAIT) PANT,545,4
1691,24425 28 34,LADIES (CARGO) STRAIT,535,55
1692,24426 28 34,LADIES (STRAIT) PANT,660,1
1693,24427 28 32,LADIES (STRAIT) PANT,435,0
1694,24428 28 32,LADIES (STRAIT) PANT,475,0
1695,24429 28 34,LADIES (STRAIT) PANT,475,0
1696,24430 28 32,LADIES (STRAIT) PANT,510,0
1697,24431 28 32,LADIES (STRAIT) PANT,0,0
1698,24432 28 32,LADIES (STRAIT) PANT,415,0
1699,24433 28 34,LADIES(BLACK)PANT,495,0
1700,24434 28 34,LADIES (STRAIT) R.F.D,560,0
1701,24435 28 34,LADIES (STRAIT) PANT,425,0
1702,24436 28 34,LADIES (STRAIT) PANT,475,-1
1703,24437 28 34,LADIES (STRAIT) PANT,635,0
1704,24438 28 34,LADIES (STRAIT) PANT,615,0
1705,24439 28 34,LADIES (STRAIT) PANT,625,1
1706,24440 28 34,LADIES (STRAIT) PANT,490,11
1707,24441 28 30,LADIES (STRAIT) PANT,635,0
1708,24442 36 40,LADIES (STRAIT) PANT,665,0
1709,24443 36 40,LADIES (STRAIT) PANT,525,0
1710,24444 28 34,LADIES (STRAIT) PANT,475,-1
1711,24445 28 34,LADIES (STRAIT) R.F.D,580,16
1712,24446 28 34,LADIES (BALL BOTTOM) PANT,605,12
1713,24447 40 46,LADIES(BLACK)PANT,655,11
1714,24448 28 32,LADIES (STRAIT) R.F.D,575,0
1715,24449 28 34,LADIES (BALL BOTTOM) PANT,585,0
1716,24450 36 38,LADIES (STRAIT) PANT,625,0
1717,24451 28 34,LADIES (BALL BOTTOM) PANT,435,0
1718,24452 36 38,LADIES (STRAIT) PANT,590,0
1719,24453 28 34,LADIES (STRAIT) PANT,625,0
1720,24454 28 34,LADIES (STRAIT) PANT,545,0
1721,24455 28 34,LADIES (STRAIT) PANT,585,2
1722,24456 30 36,LADIES WIDE LEG,640,0
1723,24457 28 34,LADIES (STRAIT) PANT,560,1
1724,24458 28 34,LADIES WIDE LEG,445,0
1725,24459 28 34,LADIES WIDE LEG,450,0
1726,24460 28 34,LADIES WIDE LEG,670,0
1727,24461 28 34,LADIES (STRAIT) PANT,505,15
1728,24462 28 34,LADIES (STRAIT) PANT,590,1
1729,24463 28 32,LADIES (STRAIT) JAGGING,535,45
1730,24464 34 38,LADIES (STRAIT) JAGGING,575,23
1731,24465 28 34,LADIES(BLACK)PANT,540,0
1732,24466 28 34,LADIES WIDE LEG,550,0
1733,24467 28 32,LADIES (STRAIT) R.F.D,515,27
1734,24468 28 32,LADIES (STRAIT) PANT,425,39
1735,24469 28 32,LADIES (STRAIT) PANT,555,15
1736,24470 28 32,LADIES(BLACK)PANT,470,0
1737,24471 36 40,LADIES WIDE LEG,450,0
1738,24472 28 34,LADIES (STRAIT) PANT,450,0
1739,24473 28 34,LADIES WIDE LEG,490,5
1740,24474 28 34,LADIES WIDE LEG,535,0
1741,24475 36 40,LADIES (STRAIT) R.F.D,615,44
1742,24476 36 40,LADIES (STRAIT) PANT,615,0
1743,24477 36 40,LADIES (CARGO) STRAIT,635,3
1744,24478 28 34,LADIES (STRAIT) R.F.D,585,0
1745,24479 28 34,LADIES WIDE LEG,550,2
1746,24480 28,LADIES (STRAIT) PANT,0,0
1747,24481 36 40,LADIES WIDE LEG,585,0
1748,24482 28 34,LADIES (CARGO) STRAIT,505,0
1749,24483 28 32,LADIES (STRAIT) PANT,505,-2
1750,24484 28 34,LADIES (BALL BOTTOM) PANT,525,34
1751,24485 28 34,LADIES (STRAIT) PANT,520,0
1752,24486 28 34,LADIES (STRAIT) PANT,565,0
1753,24487 M 2XL,LADIES (STRAIT) PANT,545,16
1754,24488 28 34,LADIES WIDE LEG,550,0
1755,24489 28 34,LADIES(BLACK)PANT,565,0
1756,24490 28 34,LADIES (STRAIT) PANT,640,0
1757,24491 28 34,LADIES WIDE LEG,705,2
1758,24492 28 34,LADIES (BALL BOTTOM) PANT,670,0
1759,24493 28 34,LADIES (FORMAL) PANT,395,10
1760,24494 28 34,LADIES (FORMAL) PANT,405,0
1761,24495 28 32,LADIES (STRAIT) R.F.D,585,0
1762,24496 28 30,LADIES WIDE LEG,575,0
1763,24497 28 32,LADIES WIDE LEG,480,0
1764,24498 28 32,LADIES (STRAIT) PANT,0,0
1765,24499 36 40,LADIES(BLACK)PANT,570,-3
1766,24500 34 38,LADIES (STRAIT) PANT,530,17
1767,24501 36 40,LADIES (STRAIT) PANT,665,0
1768,24502 34 38,LADIES (STRAIT) PANT,455,0
1769,24503 28 34,LADIES (STRAIT) PANT,435,0
1770,24504 28 32,LADIES(BLACK)PANT,530,0
1771,24505 28 34,LADIES (STRAIT) PANT,610,0
1772,24506 28 34,LADIES (STRAIT) PANT,550,0
1773,24507 36 38,LADIES (STRAIT) PANT,605,0
1774,24508 34 38,LADIES (FORMAL) PANT,415,24
1775,24509 28 34,LADIES (STRAIT) PANT,515,0
1776,24510 28 34,LADIES(BLACK)PANT,605,20
1777,24511 28 30,LADIES (STRAIT) PANT,580,20
1778,24511 28 34,LADIES(BLACK)PANT,580,12
1779,24512 28 30,LADIES(BLACK)PANT,485,0
1780,24513 28 34,LADIES (STRAIT) PANT,395,321
1781,24514 28 30,BLACK CARGO,510,4
1782,24515 28 34,LADIES (STRAIT) PANT,510,0
1783,24516 28 34,LADIES (STRAIT) PANT,565,0
1784,24517 36 40,LADIES (STRAIT) PANT,610,0
1785,24518 28 34,LADIES WIDE LEG,485,0
1786,24519 36 40,LADIES (BALL BOTTOM) PANT,685,0
1787,24520 28 34,LADIES WIDE LEG,485,0
1788,24521 28 34,LADIES WIDE LEG,545,0
1789,24522 28 34,LADIES (STRAIT) PANT,455,0
1790,24523 28 30,LADIES (STRAIT) PANT,505,0
1791,24524 28 34,LADIES PANT,450,35
1792,24525 28 34,LADIES (STRAIT) PANT,665,8
1793,24526 28 34,LADIES WIDE LEG,590,0
1794,24527 28 34,LADIES(BLACK)PANT,555,4
1795,24528 28 34,LADIES (STRAIT) PANT,360,73
1796,24529 34 38,LADIES (STRAIT) PANT,390,253
1797,24530 34 38,LADIES (STRAIT) PANT,0,0
1798,24531 28 34,LADIES(BLACK)PANT,560,0
1799,24532 28 34,LADIES (STRAIT) PANT,580,1
1800,24533 28 30,LADIES (STRAIT) PANT,475,0
1801,24534 28 32,LADIES WIDE LEG,485,0
1802,24535 28 32,LADIES (STRAIT) R.F.D,565,20
1803,24536 28 30,LADIES (STRAIT) PANT,555,0
1804,24537 28 32,LADIES(BLACK)PANT,560,-8
1805,24538 28 34,LADIES (STRAIT) PANT,695,49
1806,24539 28 34,LADIES (STRAIT) PANT,655,3
1807,24540 28 34,LADIES (STRAIT) PANT,0,0
1808,24541 28 32,LADIES (STRAIT) PANT,480,0
1809,24542 28 34,LADIES(BLACK)PANT,555,0
1810,24543 28 34,LADIES (STRAIT) PANT,590,0
1811,24544 28 34,LADIES (FORMAL) PANT,410,76
1812,24545 28 34,LADIES (FORMAL) PANT,405,3
1813,24546 28 34,LADIES (FORMAL) PANT,400,-5
1814,24547 28 34,LADIES PANT,475,15
1815,24548 28 34,LADIES (STRAIT) PANT,560,0
1816,24549 28 34,LADIES (STRAIT) PANT,610,1
1817,24550 28 32,LADIES (STRAIT) PANT,575,1
1818,24551 28 30,LADIES (STRAIT) PANT,545,0
1819,24552 28 30,LADIES (STRAIT) PANT,455,0
1820,24553 28 30,LADIES (STRAIT) PANT,485,1
1821,24554 28 34,LADIES PANT,550,0
1822,24555 34 38,LADIES (IMPORTED) PANT,390,219
1823,24556 28 34,LADIES (STRAIT) PANT,510,0
1824,24557 28 34,LADIES (STRAIT) PANT,590,23
1825,24558 28 34,LADIES (STRAIT) PANT,0,0
1826,24559 28 34,LADIES WIDE LEG,0,0
1827,24560 36 40,LADIES WIDE LEG,575,22
1828,24561 28 34,LADIES (STRAIT) PANT,475,4
1829,24562 28 34,LADIES (STRAIT) PANT,475,1
1830,24563 36 40,LADIES (STRAIT) PANT,610,5
1831,24564 28 32,LADIES (STRAIT) PANT,550,0
1832,24565 28 32,LADIES (STRAIT) PANT,470,0
1833,24566 28 34,LADIES (STRAIT) PANT,605,-1
1834,24567 36 42,LADIES (STRAIT) PANT,715,3
1835,24568 28 34,LADIES (STRAIT) PANT,615,2
1836,24569 28 34,LADIES (STRAIT) PANT,535,4
1837,24570 36 38,LADIES (STRAIT) PANT,665,0
1838,24571 28 34,LADIES (STRAIT) PANT,745,52
1839,24572 28 34,LADIES (STRAIT) PANT,595,4
1840,24573 28 34,LADIES (STRAIT) PANT,605,-3
1841,24573 36 40,LADIES WIDE LEG,605,5
1842,24574 28,LADIES (STRAIT) PANT,580,0
1843,24575 28 30,LADIES (STRAIT) PANT,495,0
1844,24576 28 34,LADIES (STRAIT) PANT,360,0
1845,24577 28 34,LADIES (STRAIT) PANT,520,7
1846,24578 28 34,LADIES (STRAIT) PANT,685,0
1847,24579 28 34,LADIES (STRAIT) PANT,495,20
1848,24580 36 38,LADIES (STRAIT) PANT,505,0
1849,24581 28 34,LADIES (STRAIT) PANT,465,3
1850,24582 28 34,LADIES (STRAIT) PANT,455,32
1851,24583 28 34,LADIES (STRAIT) PANT,490,2
1852,24584 28 34,LADIES (STRAIT) PANT,475,0
1853,24585 38 40,LADIES (STRAIT) PANT,635,0
1854,24586 28 32,LADIES (STRAIT) PANT,470,0
1855,24587 28,LADIES (STRAIT) PANT,485,0
1856,24588 28 30,LADIES (STRAIT) PANT,470,0
1857,24589 28 34,LADIES (STRAIT) PANT,325,0
1858,24590 28 34,LADIES (CARGO) STRAIT,350,0
1859,24591 28 34,LADIES (STRAIT) PANT,485,15
1860,24592 28 34,LADIES(BLACK)PANT,470,0
1861,24593 28 34,LADIES(WHITE)PANT,540,0
1862,24594 34 38,LADIES WIDE LEG,535,0
1863,24595 28 34,LADIES (STRAIT) PANT,450,0
1864,24596 28 34,LADIES (STRAIT) R.F.D,520,0
1865,24597 28,LADIES (STRAIT) PANT,0,0
1866,24598 28,LADIES (STRAIT) PANT,470,0
1867,24599 28 32,LADIES (STRAIT) PANT,590,0
1868,246 (KP)  1 10     [611190],KURTA PAJAMA,599,0
1869,24600 28 30,LADIES (STRAIT) PANT,485,0
1870,24601 28 32,LADIES (STRAIT) PANT,575,0
1871,24602 28 34,LADIES (STRAIT) PANT,495,1
1872,24603 28 34,LADIES (STRAIT) PANT,635,0
1873,24604 28 34,LADIES WIDE LEG,465,4
1874,24605 28 34,LADIES WIDE LEG,665,0
1875,24606 28 34,LADIES WIDE LEG,675,0
1876,24607 28 32,LADIES (STRAIT) PANT,460,-2
1877,24608 28 32,LADIES (STRAIT) PANT,485,-1
1878,24609 28 32,LADIES (STRAIT) PANT,485,0
1879,24610 28 32,LADIES (STRAIT) PANT,670,1
1880,24611 28 32,LADIES (STRAIT) PANT,470,0
1881,24612 28  32,LADIES (STRAIT) PANT,480,2
1882,24613 28 34,LADIES (STRAIT) PANT,525,12
1883,24614 28 32,LADIES (STRAIT) PANT,520,0
1884,24615 28 34,LADIES (STRAIT) PANT,690,32
1885,24616 28 34,LADIES (STRAIT) PANT,585,32
1886,24617 28 34,LADIES (STRAIT) PANT,655,32
1887,24618 28 34,LADIES (STRAIT) PANT,515,17
1888,24619 28 34,LADIES (STRAIT) PANT,515,0
1889,24620 28 34,LADIES (STRAIT) PANT,495,20
1890,24621 XL XXL,LOWER,305,16
1891,24622 28 30,LADIES (STRAIT) PANT,520,12
1892,24623 28 30,LADIES (STRAIT) PANT,535,0
1893,24624 36 38,LADIES (STRAIT) PANT,535,0
1894,24625 28 34,LADIES (STRAIT) PANT,545,3
1895,24626 28 34,LADIES (STRAIT) PANT,550,0
1896,24627 36 40,LADIES (STRAIT) PANT,590,16
1897,24628 36 40,LADIES (STRAIT) PANT,625,0
1898,24629 28 34,LADIES (STRAIT) PANT,585,-16
1899,24630 28 34,LADIES (STRAIT) PANT,450,40
1900,24631 28 34,LADIES (STRAIT) PANT,460,0
1901,24632 28 34,LADIES (STRAIT) PANT,475,0
1902,24633 28 34,LADIES (STRAIT) PANT,625,0
1903,24634 28 34,LADIES (STRAIT) PANT,615,0
1904,24635 28 34,LADIES (STRAIT) PANT,695,1
1905,24636 28 34,LADIES (STRAIT) PANT,505,0
1906,24637 28 30,LADIES (STRAIT) PANT,525,8
1907,24638 28 34,LADIES (STRAIT) PANT,535,33
1908,24639 28 32,LADIES (STRAIT) PANT,695,17
1909,24640 28 34,LADIES (FORMAL) PANT,585,1
1910,24641 28 34,LADIES (STRAIT) PANT,360,195
1911,24642 28 34,LADIES (STRAIT) PANT,410,59
1912,24643 28 34,LADIES (STRAIT) PANT,610,43
1913,24644 36 38,LADIES (STRAIT) PANT,560,11
1914,24645 28 32,LADIES (STRAIT) PANT,635,18
1915,24646 28 30,GIRLS (STRAIT) PANT,580,0
1916,24647 28 34,LADIES (STRAIT) PANT,675,0
1917,24648 28 34,LADIES (STRAIT) PANT,690,45
1918,24649 28 30,LADIES (STRAIT) PANT,520,4
1919,24650 28 32,LADIES (STRAIT) PANT,560,40
1920,24651 28 30,LADIES (STRAIT) PANT,495,0
1921,24652 28 34,LADIES (STRAIT) PANT,475,11
1922,24653 28 34,LADIES (STRAIT) PANT,625,4
1923,24654 28 32,LADIES (STRAIT) PANT,720,0
1924,24655 28 34,LADIES (STRAIT) PANT,685,20
1925,24656 28 34,LADIES (STRAIT) PANT,605,51
1926,24657 28 32,LADIES (STRAIT) PANT,685,0
1927,24658 28 34,LADIES (STRAIT) PANT,635,0
1928,24659 28 34,LADIES (STRAIT) PANT,625,2
1929,24660 28 34,LADIES (STRAIT) PANT,675,9
1930,24661 28 34,LADIES (STRAIT) PANT,590,24
1931,24662 28 32,LADIES (STRAIT) PANT,0,0
1932,24663 28 34,LADIES (STRAIT) PANT,510,52
1933,24664 28 32,LADIES (STRAIT) PANT,590,24
1934,24665 36 40,LADIES (STRAIT) PANT,650,1
1935,24666 28 34,LADIES (STRAIT) PANT,560,0
1936,24667 28 30,LADIES (STRAIT) PANT,625,8
1937,24667 28 34,LADIES (STRAIT) PANT,0,-8
1938,24668 28 34,LADIES (STRAIT) PANT,360,270
1939,24669 36 40,LADIES (STRAIT) PANT,390,225
1940,24670 28 34,LADIES (STRAIT) PANT,455,15
1941,24671 28 34,LADIES(BLACK)PANT,525,20
1942,24672 28 34,LADIES (STRAIT) PANT,555,0
1943,24673 28 34,LADIES (STRAIT) PANT,555,26
1944,24674 28 34,LADIES (STRAIT) PANT,550,17
1945,24675 36 40,LADIES(BLACK)PANT,635,0
1946,24676 28 30,LADIES(BLACK)PANT,545,0
1947,24676 28 34,LADIES(BLACK)PANT,545,0
1948,24677 28 34,LADIES(BLACK)PANT,0,0
1949,24678 28,LADIES (STRAIT) PANT,490,0
1950,24678 28 34,LADIES (STRAIT) PANT,490,33
1951,24679 28 34,LADIES WIDE LEG,490,0
1952,24680 28 34,LADIES WIDE LEG,695,28
1953,24681 28 34,LADIES WIDE LEG,650,31
1954,24682 28 30,LADIES WIDE LEG,480,0
1955,24683 28 34,LADIES (STRAIT) PANT,575,17
1956,24684 36 38,LADIES (STRAIT) PANT,735,24
1957,24685 28,LADIES (STRAIT) PANT,530,0
1958,24686 28 32,LADIES WIDE LEG,470,0
1959,24687 28 32,LADIES WIDE LEG,470,0
1960,24688 28 32,LADIES WIDE LEG,485,0
1961,24689 28 32,LADIES WIDE LEG,505,0
1962,24690 28 32,LADIES WIDE LEG,505,0
1963,24691 28 32,LADIES WIDE LEG,505,0
1964,24692 28 32,LADIES (BALL BOTTOM) PANT,515,0
1965,24693(1331) 28 34,LADIES WIDE LEG,785,0
1966,24694(1325) 28 34,LADIES WIDE LEG,675,0
1967,24695(1322) 28 30,LADIES WIDE LEG,760,0
1968,24696(1306) 28 34,LADIES WIDE LEG,660,0
1969,24697(1285) 36 40,LADIES WIDE LEG,725,0
1970,24698(1323) 36 40,LADIES WIDE LEG,0,0
1971,24699 36 40,LADIES WIDE LEG,605,5
1972,24700 28 34,LADIES WIDE LEG,565,0
1973,24701 28 34,LADIES WIDE LEG,590,1
1974,24702 36 38,LADIES (STRAIT) PANT,540,8
1975,24703 28 34,LADIES (STRAIT) PANT,720,20
1976,24704 28 34,LADIES (STRAIT) PANT,630,0
1977,24705 28 30,LADIES (STRAIT) PANT,555,0
1978,24706 36 38,LADIES (STRAIT) PANT,675,0
1979,24707 28 34,LADIES (STRAIT) PANT,670,47
1980,24708 L XL XXL,PLAZO (PANT),290,51
1981,24709 28 34,LADIES WIDE LEG,485,0
1982,24710 28,LADIES (STRAIT) PANT,515,0
1983,24711 28 34,LADIES WIDE LEG,645,1
1984,24712 28 34,LADIES WIDE LEG,695,4
1985,24713 28 34,LADIES WIDE LEG,695,0
1986,24714 28 34,LADIES JOGGER,380,15
1987,24715 28 34,LADIES WIDE LEG,485,0
1988,24716 28 34,LADIES WIDE LEG,535,0
1989,24717 28 34,LADIES WIDE LEG,535,0
1990,24718 28 34,LADIES (STRAIT) PANT,545,58
1991,24719 28 34,LADIES WIDE LEG,710,1
1992,24720 28 32,LADIES (STRAIT) PANT,475,86
1993,24721 28 34,LADIES WIDE LEG,495,0
1994,24722 28,LADIES (STRAIT) PANT,535,4
1995,24723 28,LADIES (STRAIT) PANT,565,0
1996,24724 28 32,LADIES (STRAIT) PANT,530,0
1997,24725 28 34,LADIES WIDE LEG,395,100
1998,24726 28 34,LADIES (STRAIT) PANT,535,1
1999,24727 36 40,LADIES (BALL BOTTOM) PANT,665,28
2000,24728 36 40,LADIES (STRAIT) PANT,605,25
2001,24729 28 34,LADIES WIDE LEG,690,13
2002,24730 36 40,LADIES (CARGO) STRAIT,640,32
2003,24731 36 40,LADIES (STRAIT) PANT,615,14
2004,24732 28 34,LADIES WIDE LEG,395,35
2005,24733 36 28,LADIES WIDE LEG,525,10
2006,24734 28 34,LADIES WIDE LEG,535,0
2007,24735 28 30,LADIES WIDE LEG,560,1
2008,24736 36 38,LADIES(BLACK)PANT,535,0
2009,24737 28 34,LADIES (STRAIT) PANT,335,36
2010,24738 28 34,LADIES (STRAIT) PANT,315,20
2011,24739 28 30,LADIES WIDE LEG,475,20
2012,24740 28 34,LADIES (STRAIT) PANT,560,1
2013,24741 28 34,LADIES (FORMAL) PANT,595,0
2014,24742 28 34,LADIES (STRAIT) JAGGING,585,30
2015,24743 28 34,LADIES WIDE LEG,590,0
2016,24744 36 40,LADIES WIDE LEG,695,0
2017,24745 28 34,LADIES WIDE LEG,655,-4
2018,24746 28 34,LADIES WIDE LEG,650,1
2019,24747 28 32,LADIES (STRAIT) R.F.D,570,0
2020,24748 28 32,LADIES WIDE LEG,435,5
2021,24749 28 32,LADIES WIDE LEG,445,0
2022,24750 28 34,LADIES WIDE LEG,495,0
2023,24751 28 34,LADIES WIDE LEG,475,0
2024,24752 28 32,LADIES (STRAIT) PANT,495,0
2025,24753 28 32,LADIES (STRAIT) PANT,0,0
2026,24754 28 32,LADIES (STRAIT) PANT,505,0
2027,24755 28 32,LADIES (STRAIT) PANT,495,47
2028,24756 28 34,LADIES WIDE LEG,535,36
2029,24757 28 34,LADIES WIDE LEG,575,36
2030,24758 28 34,LADIES WIDE LEG,575,36
2031,24759 28 32,LADIES WIDE LEG,495,6
2032,24760  28 32,LADIES(BLACK)PANT,495,45
2033,24761 28 32,LADIES(BLACK)PANT,525,21
2034,24762 36 40,LADIES(BLACK)PANT,565,9
2035,24763 28 32,LADIES(WHITE)PANT,540,0
2036,24764 28 30,LADIES WIDE LEG,595,0
2037,24765 28,LADIES WIDE LEG,505,-9
2038,24766 28 30,LADIES WIDE LEG,505,0
2039,24767 XL XLL,LOWER,345,24
2040,24768 34 38,LADIES WIDE LEG,530,28
2041,24769 28 34,LADIES WIDE LEG,530,5
2042,24770 28 30,LADIES WIDE LEG,525,0
2043,24771 28 34,LADIES(BLACK)PANT,595,16
2044,24772 28 34,LADIES WIDE LEG,495,11
2045,24773 28 34,LADIES WIDE LEG,510,8
2046,24774 28 30,LADIES (STRAIT) PANT,470,-16
2047,24775 36 38,LADIES (STRAIT) PANT,680,4
2048,24776 36 40,LADIES WIDE LEG,590,5
2049,24777 L 2XL,LOWER,355,18
2050,24778 L 2XL,LOWER,360,12
2051,24779 28 34,LADIES WIDE LEG,480,13
2052,24780 28 34,LADIES WIDE LEG,625,44
2053,24781 28 32,LADIES (STRAIT) PANT,530,0
2054,24782 28 32,LADIES (STRAIT) PANT,510,0
2055,24783 28 34,LADIES(WHITE)PANT,505,20
2056,24784 28 34,LADIES WIDE LEG,490,0
2057,24785 28 34,LADIES WIDE LEG,515,0
2058,24786 28 34,LADIES WIDE LEG,650,12
2059,24787 28 34,LADIES WIDE LEG,505,0
2060,24788 28 32,LADIES (STRAIT) R.F.D,590,0
2061,24789 28 34,LADIES WIDE LEG,580,2
2062,24790 28 32,LADIES WIDE LEG,505,15
2063,24791 28 32,LADIES WIDE LEG,505,7
2064,24792 28 32,LADIES WIDE LEG,505,35
2065,24793 28 34,LADIES WIDE LEG,495,4
2066,24794 36 38,LADIES WIDE LEG,530,28
2067,24795 28 34,LADIES WIDE LEG,665,35
2068,24796 36 42,LADIES WIDE LEG,710,25
2069,24797 28 32,LADIES WIDE LEG,525,110
2070,24798 28 32,LADIES WIDE LEG,525,80
2071,24799 28 34,LADIES WIDE LEG,505,24
2072,24800 28 34,LADIES (STRAIT) PANT,395,205
2073,24801 XL,DENIM PLAZO,415,12
2074,24802 28 34,LADIES  R.F.D WIDE LEG,0,0
2075,24803 28 34,LADIES WIDE LEG,585,8
2076,24804 28 34,LADIES WIDE LEG,590,64
2077,24805 28 34,LADIES WIDE LEG,590,0
2078,24806 36 38,LADIES WIDE LEG,555,44
2079,24807 28 34,LADIES WIDE LEG,595,45
2080,24808 28 34,LADIES WIDE LEG,620,36
2081,24809 28 34,LADIES WIDE LEG,570,28
2082,24810 28 34,LADIES (STRAIT) R.F.D,580,20
2083,24811 36 40,LADIES (STRAIT) R.F.D,615,45
2084,24812 28 34,LADIES  R.F.D WIDE LEG,670,28
2085,24813 28 34,LADIES WIDE LEG,355,5
2086,24814 28 34,LADIES WIDE LEG,505,47
2087,24815 36 42,LADIES WIDE LEG,715,37
2088,24816 28 34,LADIES (STRAIT) PANT,640,0
2089,24817 28 34,LADIES (STRAIT) PANT,315,96
2090,24818 36 38,LADIES WIDE LEG,585,72
2091,24819 28 34,LADIES(BLACK)PANT,510,4
2092,24820 28 34,LADIES (BALL BOTTOM) PANT,545,48
2093,24821 28 34,LADIES WIDE LEG,690,12
2094,24822 36 38,LADIES WIDE LEG,505,66
2095,24823 28 34,LADIES WIDE LEG,415,60
2096,24824 28 34,LADIES (STRAIT) PANT,0,0
2097,24825 28 34,LADIES(WHITE)PANT,630,40
2098,24826 28 34,LADIES(BLACK)PANT,495,35
2099,24827 28 32,LADIES (STRAIT) PANT,0,0
2100,24828 28 34,LADIES (STRAIT) PANT,0,0
2101,24829 28 34,LADIES WIDE LEG,0,0
2102,24830 28 34,LADIES (STRAIT) PANT,355,36
2103,24831 28 34,LADIES WIDE LEG,720,48
2104,24832 28 34,LADIES WIDE LEG,0,0
2105,24833 28 30,LADIES WIDE LEG,0,0
2106,24834 28 34,LADIES WIDE LEG,670,48
2107,24835 28 34,LADIES WIDE LEG,655,40
2108,24836 28 34,LADIES WIDE LEG,0,0
2109,24837 28 34,LADIES WIDE LEG,0,0
2110,24838 28 34,LADIES WIDE LEG,0,0
2111,24839 28 34,LADIES WIDE LEG,510,115
2112,24840 36 40,LADIES WIDE LEG,510,100
2113,24841 28 34,LADIES WIDE LEG,0,0
2114,2497 6 16,BOYS CAPRI,410,1
2115,25 12 15,BOYS (R.F.D.) NICKER,145,12
2116,25 16 18,BOYS (R.F.D.) NICKER,155,3
2117,250 (KP)  1 10     [611190],KURTA PAJAMA,635,0
2118,25083 (601) 24 34,MIDI SET,1170,0
2119,25089 (601) 24 34,CORD SET,1205,0
2120,25092(601) 24 34,MIDI SET,1225,0
2121,25093 (601) 24 34,MIDI SET,1225,0
2122,2521 10 20,BOYS (R.F.D.) CAPRI,395,0
2123,2531 36 40,GIRLS SET,695,0
2124,2534 36 40,GIRLS SET,695,0
2125,2535 36 40,GIRLS SET,695,0
2126,2538 36 40,GIRLS SET,695,0
2127,254 30 36,GENTS PANT,695,1
2128,254619 28 34,LADIES (STRAIT) PANT,0,0
2129,25507 28 34,LADIES (STRAIT) PANT,555,1
2130,25507 36 40,LADIES (STRAIT) PANT,590,0
2131,2564 6 16,BOYS CAPRI,195,-1
2132,2591 12 20,BOYS CAPRI,410,-10
2133,2593 6 16,BOYS (DNAM) CAPRI,325,0
2134,2596 10 20,BOYS CAPRI,310,6
2135,26012 (601) 24 34,GIRLS SET (K),999,0
2136,26033 (601) 24 34,GIRLS SET (K),1065,0
2137,2626 10 20,BOYS CAPRI,535,6
2138,2642 10 20,BOYS (R.F.D.) CAPRI,550,6
2139,2676 6 16,BOYS CAPRI,460,12
2140,2677 6 16,BOYS CAPRI,460,12
2141,2679 12 20,BOYS (R.F.D.) CAPRI,475,0
2142,2680 12 20,BOYS (R.F.D.) CAPRI,475,0
2143,2691 12 16,BOYS (BLK) CAPRI,295,10
2144,2694 12 20,BOYS CAPRI,450,-1
2145,2695 12 20,BOYS CAPRI,450,0
2146,2696 2 10,BOYS NICKER,425,15
2147,2701 22 24,BOYS (R.F.D.) CAPRI,485,7
2148,2703 10 20,BOYS CAPRI,445,53
2149,2707 12 20,BOYS CAPRI,450,1
2150,2708 22 24,BOYS CAPRI,480,4
2151,2709 12 20,BOYS CAPRI,485,20
2152,2713 16 24,BOYS (R.F.D.) CAPRI,480,0
2153,2715 10 20,BOYS CAPRI,445,0
2154,272 30 36,GENTS PANT,645,4
2155,2721 2 10,BOYS (R.F.D.) NICKER,425,40
2156,2727 10 20,BOYS (BLK) CAPRI,495,6
2157,2731 6 16,BOYS CAPRI,255,12
2158,2737 6 16,BOYS (R.F.D.) CAPRI,410,30
2159,2738 12 20,BOYS (R.F.D.) CAPRI,425,34
2160,2742 10 20,BOYS (R.F.D.) CAPRI,395,1
2161,2754 6 16,BOYS (R.F.D.) CAPRI,460,36
2162,2756 6 16,BOYS (DNAM) CAPRI,421,18
2163,2763 16 20,BOYS CAPRI,445,15
2164,2763 6 16,BOYS (BLK) CAPRI,375,18
2165,2765 16 20,BOYS CAPRI,385,60
2166,2770 6 16,BOYS CAPRI,250,6
2167,2772 12 20,BOYS CAPRI,260,-1
2168,2773 6 16,BOYS CAPRI,335,24
2169,2794 10 20,BOYS (COTTON) CAPPRI,310,0
2170,2795 1 5,BOYS (COTTON) CAPPRI,265,10
2171,2796 1 5,BOYS (COTTON) CAPPRI,265,25
2172,2797 18 24,BOYS (COTTON) CAPPRI,330,0
2173,2800 22 30,GIRLS CAPRI,330,20
2174,2800 32 40,GIRLS CAPRI,355,30
2175,2801 18 24,BOYS (COTTON) CAPPRI,330,24
2176,2803 6 16,BOYS CAPRI,405,0
2177,2804 16 24,BOYS (R.F.D.) CAPRI,505,0
2178,2807 12 20,BOYS (R.F.D.) CAPRI,465,2
2179,28105 FREE,JACKETS,535,6
2180,28110 FREE,LOWER,250,5
2181,2819 6 16,BOYS (DNAM) CAPRI,385,24
2182,2820 6 16,BOYS (COTTON) CAPPRI,320,0
2183,2821 6 16,BOYS (BLK) CAPRI,385,36
2184,2822 6 16,BOYS (BLK) CAPRI,415,0
2185,2823 6 16,BOYS CAPRI,535,0
2186,2825 12 20,BOYS (R.F.D.) CAPRI,380,0
2187,2827 6 16,BOYS CAPRI,425,34
2188,2828 10 20,BOYS CAPRI,445,0
2189,2829 16 20,BOYS (DNAM) CAPRI,395,0
2190,2830 12 20,BOYS (DNAM) CAPRI,345,0
2191,2831 6 16,BOYS (DNAM) CAPRI,330,1
2192,2832 6 16,BOYS CAPRI,535,0
2193,2836 10 20,BOYS (R.F.D.) CAPRI,565,0
2194,2837 6 16,BOYS (DNAM) CAPRI,540,0
2195,2838 10 20,BOYS (BLK) CAPRI,515,0
2196,2839 12 20,BOYS CAPRI,480,0
2197,2840 12 20,BOYS CAPRI,480,0
2198,2841 6 16,BOYS CAPRI,460,0
2199,2842 6 16,BOYS CAPRI,375,30
2200,2843 12 20,BOYS CAPRI,425,0
2201,2844 10 20,BOYS (DNAM) CAPRI,395,6
2202,2845 10 20,BOYS CAPRI,310,0
2203,2846 6 16,BOYS (R.F.D.) CAPRI,310,0
2204,2847 18 24,BOYS (DNAM) CAPRI,365,16
2205,2848 18 24,BOYS (DNAM) CAPRI,425,4
2206,2849 6 16,BOYS CAPRI,330,0
2207,2850 12 20,BOYS CAPRI,370,0
2208,2851 20 24,BOYS CAPRI,520,6
2209,2852 12 20,BOYS (BLK) CAPRI,455,0
2210,2853 6 16,BOYS (BLK) CAPRI,435,0
2211,2854 12 20,BOYS (DNAM) CAPRI,425,0
2212,2855 20 24,BOYS (DNAM) CAPRI,450,-6
2213,2856 6 16,BOYS CAPRI,0,0
2214,2857 12 20,BOYS CAPRI,575,0
2215,2858 6 16,BOYS CAPRI,550,60
2216,2859 20 24,BOYS (BLK) CAPRI,510,0
2217,2860 6 16,BOYS CAPRI,480,23
2218,28601 M 2XL,CORD SET,630,0
2219,28602 M 2XL,CORD SET,630,0
2220,28603 M 2XL,CORD SET,630,0
2221,28604 L XL 2XL,CORD SET,640,5
2222,28605 L XL 2XL,CORD SET,660,0
2223,28606 L XL XXL,CORD SET,630,1
2224,28607 L XL XXL,CORD SET,630,0
2225,28608 L XL XXL,CORD SET,650,3
2226,28609 L XL XXL,CORD SET,650,2
2227,2861 12 20,BOYS CAPRI,505,10
2228,28610 L XL 2XL,PLAZO (PANT),385,12
2229,28611 3XL 4XL 5XL,CORD SET,695,12
2230,2862 12 20,BOYS CAPRI,505,20
2231,2864 12 20,BOYS (BLK) CAPRI,435,0
2232,2865 12 20,BOYS (DNAM) CAPRI,470,5
2233,2866 6 16,BOYS (DNAM) CAPRI,455,42
2234,2867 16 20,BOYS (R.F.D.) CAPRI,455,39
2235,2868 12 20,BOYS (DNAM) CAPRI,485,0
2236,2869 8 16,BOYS CAPRI,465,35
2237,2870 16 20,BOYS (DNAM) CAPRI,510,17
2238,2871 16 20,BOYS (DNAM) CAPRI,510,15
2239,2872 10 20,BOYS (DNAM) CAPRI,0,0
2240,2873 12 20,BOYS CAPRI,345,60
2241,2874 12 20,BOYS CAPRI,395,30
2242,3004 XL,GENTS NICKER,320,0
2243,3032 18,BOYS SHIRTS,445,1
2244,3058 18,BOYS SHIRTS,445,8
2245,3063 18,BOYS SHIRTS,470,4
2246,3100 22 30,GIRLS (HOT) NICKER,150,59
2247,3100 32 40,GIRLS (HOT) NICKER,150,45
2248,3101 22 30,GIRLS (HOT) NICKER,205,5
2249,31481 FREE,GENTS JACKETS,1090,1
2250,31901 MASTER,BOYS JACKET,635,1
2251,31960 L 2XL,BOYS JACKET,810,2
2252,31965 38 42,GENTS JACKETS,1030,4
2253,31969 L 2XL,BOYS JACKET,0,3
2254,32028 FREE,GENTS JACKETS,1110,1
2255,32031 XL XXL,GENTS JACKETS,1510,1
2256,32055 S.M.L.,BOYS JACKET,400,3
2257,32057 XL,GENTS JACKETS,620,3
2258,32062 M XL,GENTS JACKETS,895,1
2259,32066 FREE,GENTS JACKETS,535,6
2260,32069 L 2XL,GENTS JACKETS,895,1
2261,32070 FREE,GENTS JACKETS,535,2
2262,32083 L XL,GENTS JACKETS,905,1
2263,32086 L XL,GENTS JACKETS,780,1
2264,32089 FREE,GENTS JACKETS,1295,1
2265,32092 M 2XL,GENTS JACKETS,1195,1
2266,32711 28 34,LADIES (STRAIT) PANT,0,0
2267,33000 M XL,GENTS JACKETS,1300,1
2268,33044 FREE,GENTS JACKETS,535,2
2269,33045 FREE,GENTS JACKETS,560,3
2270,33050 FREE,GENTS JACKETS,535,1
2271,33053 L 2XL,GENTS JACKETS,1195,1
2272,33064 FREE,GENTS JACKETS,500,1
2273,33067 FREE,JACKETS,380,1
2274,33106 XL,JACKETS,475,1
2275,33120 M 2XL,JACKETS,705,5
2276,33139 FREE,JACKETS,475,1
2277,33140 FREE,JACKETS,530,-5
2278,33143 M XL,JACKETS,530,1
2279,33145 S XL,JACKETS,375,2
2280,33146 S XL,JACKETS,355,0
2281,33152 M 2XL,JACKETS,655,3
2282,33161 FREE,JACKETS,665,3
2283,33162 FREE,JACKETS,495,2
2284,33165 26 32,JACKETS,485,-2
2285,33191 XL,JACKETS,485,1
2286,33193 S XL,JACKETS,465,1
2287,33195 S.M.L.,JACKETS,475,1
2288,33196 M LXL,JACKETS,575,-3
2289,33198 M LXL,JACKETS,585,6
2290,33216 FREE,JACKETS,615,-12
2291,33222 L 2XL,JACKETS,670,7
2292,33226 XL,JACKETS,690,1
2293,33233 32 36,JACKETS,560,0
2294,33235 S 2XL,BLAZER,545,8
2295,33243,JACKETS,735,5
2296,33250 32 36,JACKETS,550,6
2297,33251 M LXL,JACKETS,630,6
2298,33255 M 2XL,BLAZER,535,23
2299,33258 36 40,JACKETS,425,-2
2300,33276,JACKET,570,0
2301,33285 26 34,JACKETS,555,-5
2302,33287 26 34,JACKET,405,-5
2303,33291 M 2XL,BLAZER,790,14
2304,33295 M LXL,JACKETS,665,-3
2305,33296 M LXL,JACKETS,680,3
2306,33297 M LXL,JACKETS,510,0
2307,33299 M LXL,JACKETS,475,10
2308,33305 M LXL,JACKETS,605,6
2309,33307 M,JACKETS,480,0
2310,33308 M LXL,JACKETS,505,21
2311,33309 M LXL,JACKETS,515,-2
2312,33310 M LXL,JACKETS,505,2
2313,33314 M LXL,JACKETS,750,0
2314,33315 M LXL,JACKETS,455,3
2315,33316 M LXL,JACKETS,455,0
2316,33317 XL,JACKETS,355,0
2317,33319 XL,JACKETS,545,0
2318,3332 (605)  28 38,FARSI,1395,0
2319,33320 XL,JACKETS,590,0
2320,33321 XL,JACKETS,590,0
2321,33322 XL,JACKETS,525,11
2322,33323 XL,JACKETS,545,2
2323,33324 XL,JACKETS,595,0
2324,33325 XL,JACKETS,560,0
2325,33327 L 2XL,JACKETS,580,3
2326,33328 M 2XL,BLAZER,665,8
2327,33329 26 36,JACKETS,595,0
2328,33330 26 36,JACKETS,565,0
2329,33331,JACKETS,570,15
2330,33332,JACKETS,520,0
2331,33333,JACKETS,560,0
2332,33334,JACKETS,560,0
2333,33335,JACKET,590,0
2334,33336 26 34,JACKET,435,18
2335,33337,JACKET,525,0
2336,33338,JACKET,525,0
2337,33339,JACKET,445,16
2338,3334 (605) 28 38,SHARARA,1395,0
2339,33340,JACKET,555,0
2340,33341,JACKET,610,1
2341,33342,JACKET,545,18
2342,33343 L,JACKET,475,0
2343,33344 L,JACKET,530,24
2344,33345 L,JACKET,510,0
2345,33346 M 2XL,BLAZER,695,8
2346,33347 L XL,MIDDY,690,4
2347,33348 L XL,MIDDY,690,6
2348,33349 26 36,JACKET,565,0
2349,33350 26 36,JACKET,565,6
2350,33351 26 36,JACKET,565,0
2351,33352 26 36,JACKET,565,14
2352,33353 M L XL,JACKET,585,24
2353,33354 M L XL,JACKET,585,27
2354,33355 M L XL,JACKET,540,3
2355,33356 M.L.XL,JACKET,525,0
2356,33357 M.L.XL,JACKET,525,0
2357,33358 M 2XL,JACKET,625,8
2358,33359 M 2XL,JACKET,655,4
2359,33360 XXL,JACKET,555,18
2360,3340 (605) 28 38,FARSI,1195,0
2361,3351(605)  30 40,PLAZO SET,1395,0
2362,3352(605) 28 38,GIRLS SET,1295,0
2363,33528 M 2XL,LOWER,445,-1
2364,33529 M 2XL,LOWER,445,-1
2365,33530 M 2XL,LOWER,445,-2
2366,33538 L 2XL,ZIPPER,575,1
2367,3354(605)  28 38,PLAZO SET,1395,0
2368,33542 M 2XL,LOWER,385,3
2369,33543 M 2XL,LOWER,385,7
2370,33544 M 2XL,LOWER,385,2
2371,33552 M 2XL,LOWER,515,4
2372,33554 M 2XL,LOWER,410,4
2373,33556 M XL,LOWER,280,-2
2374,33557 M XL,LOWER,240,7
2375,33558 M XL,LOWER,240,16
2376,33561 L,LOWER,245,-1
2377,33562 M,LOWER,245,1
2378,33562 XL,LOWER,255,-1
2379,3368(605) 28 38,GIRLS SET,1395,0
2380,3370(605) 28 38,GIRLS SET,1295,0
2381,3375(605) 28 38,GIRLS SET,1395,0
2382,34003 L 2XL,BOYS JACKET,180,7
2383,34004 L 2XL,BOYS JACKET,170,3
2384,3420 28 38,GIRLS SET (K),715,0
2385,3522(605) 28 38,GIRLS SET,1255,0
2386,3529(605) 28 38,GIRLS SET,1360,0
2387,3535 (605) 28 38,GIRLS SET,1195,0
2388,3543(605) 28 38,GIRLS SET,1195,0
2389,3545 (605) 28 38,GIRLS SET,1295,0
2390,3547(605) 26 36,SHARARA,1255,0
2391,3552(605) 28 38,GIRLS SET,1295,0
2392,3553(605) 28 38,GIRLS SET,1395,0
2393,3554(605) 28 38,GIRLS SET,1295,0
2394,3565(605) 28 38,PLAZO SET,1295,0
2395,3567(605) 28 38,GIRLS SET,1395,0
2396,3568(605) 28 38,PLAZO SET,1295,6
2397,36(MB) 12 14,FROCK (A),475,0
2398,3648 24 34,GIRLS SET (K),690,0
2399,3663 32 40,GIRLS CAPRI,310,1
2400,369 22 30,BOYS PANT,355,0
2401,3701(605) 28 38,GIRLS SET,1295,6
2402,3702(605) 28 38,GIRLS SET,1395,0
2403,3707(605) 28 38,GIRLS SET,1295,0
2404,378(598) 2 10,"BOY,S INDO WESTERN",755,0
2405,383 24 34,GIRLS SET,915,0
2406,3837 32 40,GIRLS CAPRI,255,1
2407,389(598) 2 10,KURTA PAJAMA,715,0
2408,390(598) 1 10,"BOY,S INDO WESTERN",735,30
2409,391(598) 2 10,KURTA PAJAMA,599,27
2410,3941 26 32,GIRLS CAPRI,455,2
2411,3954 22 30,GIRLS CAPRI,260,20
2412,3961 24 34,GIRLS CAPRI,255,11
2413,39701 28 34,LOWER,315,-3
2414,39702 L XL,LOWER,265,8
2415,39704 L 3XL,LOWER,265,-1
2416,39705 L 3XL,LOWER,265,4
2417,398 (NW) 30 40     [620419],SHARARA (H),1195,0
2418,4 4 5Y,GIRLS LEGGING,75,0
2419,4004 28 34,LADIES CAPRI,365,3
2420,4008(598) 2 10,"BOY,S INDO WESTERN",615,0
2421,4017 28 32,LADIES CAPRI,395,3
2422,4026 28 34,LADIES CAPRI,410,1
2423,407 26 30,BOYS PANT,475,0
2424,407 32 40,BOYS PANT,525,10
2425,4072 28 34,LADIES CAPRI,300,4
2426,40788 16 26,BOYS CAPRI,340,6
2427,4095 32 40,GIRLS CAPRI,270,10
2428,4102 (SC)  30  40      [620442],PLAZO SET,973,0
2429,4103 22 30,GIRLS (HOT) NICKER,310,-35
2430,4107B (SC)  24 34     [620442],MIDDY,745,0
2431,4107S (SC)  16 22     [620442],MIDDY,625,0
2432,41601 L,LOWER,205,2
2433,4176 22 30,GIRLS NICKER,335,15
2434,4180 22 30,GIRLS NICKER,405,5
2435,4191 22 30,GIRLS NICKER,220,0
2436,4192 32 40,GIRLS NICKER,265,10
2437,421(532) 0 5,BABA SUIT,630,0
2438,4242 28 34,LADIES NICKER,385,2
2439,4249 28 34,LADIES NICKER,435,21
2440,4252 34 36,LADIES CAPRI,310,19
2441,4293 22 30,GIRLS DANGARI (CAPRI),445,5
2442,4303 22 30,GIRLS NICKER,310,4
2443,4304 32 40,GIRLS NICKER,295,10
2444,4309 22 30,GIRLS CAPRI,355,1
2445,4316 28 34,LADIES CAPRI,405,7
2446,4332 32 40,GIRLS (NICKER) DANGRI,425,10
2447,4333 22 30,GIRLS (NICKER) DANGRI,435,15
2448,4337 32 40,GIRLS DANGARI (CAPRI),415,20
2449,4340 28 32,LADIES DANGRI (CAPRI),505,20
2450,4341 22 30,GIRLS DANGARI (CAPRI),415,45
2451,4366 28 34,GIRLS (NICKER) DANGRI,645,4
2452,439 SMALL,BABA SUIT WINTER,465,-10
2453,44403 30 36,GENTS PANT,555,1
2454,4457 10 13,BOYS NICKER,175,4
2455,4462 10 13,BOYS NICKER,175,8
2456,4500 32 40,GIRLS (NICKER) DANGRI,335,45
2457,45008 28 32,BABA SUIT,550,0
2458,4503 22 30,GIRLS NICKER,220,0
2459,45032(615) 28 32,BABA SUIT,570,3
2460,45037(575) 20,BABA SUIT,490,3
2461,45037(575) 22 26,BABA SUIT,510,3
2462,45037(575) 28 32,BABA SUIT,570,3
2463,4504 22 30,GIRLS (NICKER) DANGRI,405,25
2464,45047(644) 28 32,BABA SUIT,630,3
2465,4505 32 40,GIRLS (NICKER) DANGRI,450,40
2466,45050 22 26,BABA SUIT,480,0
2467,45051(1065) 20,BABA SUIT,565,0
2468,45051(1065) 22 26,BABA SUIT,590,0
2469,45051(1065) 28 32,BABA SUIT,645,1
2470,45052(1062) 22 26,BABA SUIT,575,0
2471,45053(1063) 22 26,BABA SUIT,470,0
2472,45053(1063) 28 32,BABA SUIT,515,0
2473,45054(1060) 20,BABA SUIT,565,0
2474,45054(1060) 22 26,BABA SUIT,590,0
2475,45054(1060) 28 32,BABA SUIT,645,0
2476,45055(1059) 22 26,BABA SUIT,670,0
2477,45056(1053) 22 26,BABA SUIT,560,0
2478,45057(1066) 20,BABA SUIT,565,0
2479,45057(1066) 22 26,BABA SUIT,590,0
2480,45057(1066) 28 32,BABA SUIT,645,0
2481,45058(1061) 20,BABA SUIT,555,0
2482,45058(1061) 22 26,BABA SUIT,575,0
2483,45059(126) 1 10,BABA SUIT,540,0
2484,45060(125) 1 10,BABA SUIT,690,20
2485,45061(131) 20 32,BABA SUIT,430,0
2486,45062(132) 20 32,BABA SUIT,430,0
2487,45063(1074) 20,BABA SUIT,540,0
2488,45063(1074) 22 26,BABA SUIT,565,0
2489,45063(1074) 28 32,BABA SUIT,625,3
2490,45064(1152) 20,BABA SUIT,550,6
2491,45064(1152) 22 26,BABA SUIT,575,0
2492,45064(1152) 28 32,BABA SUIT,635,0
2493,45101(321) 20,BABA SUIT,630,0
2494,45101(321) 22 26,BABA SUIT,655,0
2495,45101(321) 28 32,BABA SUIT,715,0
2496,45102(327) 20,BABA SUIT,630,0
2497,45102(327) 22 26,BABA SUIT,655,0
2498,45102(327) 28 32,BABA SUIT,715,0
2499,45103(330) 20,BABA SUIT,580,0
2500,45103(330) 22 26,BABA SUIT,605,0
2501,45103(330) 28 32,BABA SUIT,665,0
2502,45104(336) 20,BABA SUIT,560,0
2503,45104(336) 22 26,BABA SUIT,730,0
2504,45105(6) 20,BABA SUIT,335,0
2505,45105(6) 22 26,BABA SUIT,360,0
2506,45106(15) 22 26,BABA SUIT,360,0
2507,45107(24) 20,BABA SUIT,275,0
2508,45107(24) 22 26,CORD SET,300,0
2509,45108(357) 20,BABA SUIT,550,0
2510,45108(357) 22 26,BABA SUIT,575,0
2511,45108(357) 28 32,BABA SUIT,635,0
2512,45109(325) 20,BABA SUIT,528,0
2513,45109(325) 22 26,BABA SUIT,552,0
2514,45109(325) 28 32,BABA SUIT,612,0
2515,45110(12) 22 26,CORD SET,310,0
2516,45111(348) 22 26,BABA SUIT,395,0
2517,45112(303) 20,BABA SUIT,515,0
2518,45112(303) 22 26,BABA SUIT,540,0
2519,45112(303) 28 32,BABA SUIT,600,0
2520,45113(148) 20,BABA SUIT,480,0
2521,45113(148) 22 26,BABA SUIT,505,0
2522,45114(372) 22 26,BABA SUIT,550,0
2523,45114(372) 28 32,BABA SUIT,610,0
2524,45114(372)20,BABA SUIT,530,0
2525,45115(1139)  20,BABA SUIT,565,0
2526,45115(1139) 22 26,BABA SUIT,590,0
2527,45115(1139) 28 32,BABA SUIT,650,0
2528,45116(1146) 20,BABA SUIT,510,0
2529,45116(1146) 22 26,BABA SUIT,535,0
2530,45116(1146) 28 32,BABA SUIT,595,0
2531,45117(1128) 20,BABA SUIT,540,0
2532,45117(1128) 22 26,BABA SUIT,565,0
2533,45117(1128) 28 32,BABA SUIT,590,3
2534,45118(1135) 20,BABA SUIT,565,0
2535,45118(1135) 22 26,BABA SUIT,590,0
2536,45118(1135) 28 32,BABA SUIT,650,0
2537,4529 32 40,GIRLS (NICKER) DANGRI,335,45
2538,4551 26 30,GIRLS CAPRI,460,1
2539,4561 24 34,GIRLS NICKER,220,-1
2540,4564 22 30,GIRLS (HOT) NICKER,220,0
2541,4574 26 30,GIRLS CAPRI,355,3
2542,4576 30 38,GIRLS (SKIRTS),380,-9
2543,45903 L 2XL,TRACK SUIT,770,-2
2544,45909 L 2XL,TRACK SUIT,805,6
2545,45910 L 2XL,TRACK SUIT,790,-3
2546,45917 L 2XL,LOWER,275,-1
2547,45918 L 2XL,LOWER,300,-3
2548,45919 L 2XL,LOWER,285,3
2549,45921 L 2XL,LOWER,285,3
2550,45923 L 2XL,LOWER,605,2
2551,4603 28 34,LADIES CAPRI,490,10
2552,4618 22 30,GIRLS DANGARI (CAPRI),460,15
2553,4619 32 40,GIRLS DANGARI (CAPRI),510,5
2554,46206(1038) 22 26,BABA SUIT,640,0
2555,46206(1038) 28 32,BABA SUIT,695,0
2556,46207(1039) 22 26,BABA SUIT,640,0
2557,46207(1039) 28 32,BABA SUIT,695,0
2558,46208(1059) 22 26,BABA SUIT,640,0
2559,46208(1059) 28 32,BABA SUIT,695,0
2560,4625 24 34,GIRLS (NICKER) DANGRI,485,36
2561,4627 28 34,GIRLS NICKER,425,4
2562,4644 28 34,LADIES SHRUG,430,4
2563,4680 24 34,GIRLS (NICKER) DANGRI,455,18
2564,46901 FREE,PLAZO (PANT),130,-11
2565,46905 FREE,PLAZO (PANT),180,5
2566,46921 FREE,TROUSER,285,-3
2567,46930 FREE,NICKER,105,-6
2568,46931 FREE,PLAZO (PANT),155,3
2569,46961 FREE,NICKER,125,-1
2570,46979 FREE,TROUSER,290,-2
2571,46981 FREE,PLAZO (PANT),130,10
2572,46985 FREE,NICKER,170,3
2573,46989 FREE,NICKER,105,14
2574,47101 XL 2XL,CORD SET,550,0
2575,47102 L XL,CORD SET,545,6
2576,47103 L XL,CORD SET,835,5
2577,4722 32 40,GIRLS (R.F.D) CAPRI,430,10
2578,4724 26 30,GIRLS (R.F.D) CAPRI,395,6
2579,4725 26 30,GIRLS (R.F.D) CAPRI,380,1
2580,4733 32 40,GIRLS DANGARI (CAPRI),560,15
2581,4739 32 40,GIRLS CAPRI,440,10
2582,4743 26 30,GIRLS CAPRI,390,33
2583,4745 32 40,GIRLS CAPRI,405,30
2584,4771 28 34,LADIES (SHORTS) DANGRI,565,20
2585,4799 22 30,GIRLS CAPRI (JEGGING),140,25
2586,4802 22 30,GIRLS CAPRI,140,159
2587,4803 32 40,GIRLS CAPRI,155,175
2588,4804 22 30,GIRLS CAPRI,145,220
2589,4805 16 22,GIRLS SET (K),350,0
2590,4808 22 30,GIRLS CAPRI,120,30
2591,4815 32 40,GIRLS CAPRI,170,70
2592,4817 32 40,GIRLS CAPRI,455,10
2593,4820 28 34,LADIES NICKER,405,4
2594,4822 22 30,GIRLS NICKER,305,30
2595,4834 32 40,GIRLS CAPRI,455,20
2596,4850 28 34,LADIES CAPRI,485,12
2597,4851 28 34,LADIES CAPRI,440,5
2598,4853 28 34,LADIES CAPRI,485,14
2599,4857 24 34,GIRLS (HOT) NICKER,220,0
2600,4859 32 40,GIRLS CAPRI,435,35
2601,4860 26 30,GIRLS CAPRI,390,12
2602,4864 32 40,GIRLS CAPRI,375,-10
2603,4872 26 30,GIRLS CAPRI,315,25
2604,4883 26 30,GIRLS CAPRI,390,1
2605,4891 22 30,GIRLS CAPRI (JEGGING),170,110
2606,4892 32 40,GIRLS CAPRI (JEGGING),195,90
2607,4899 32 40,GIRLS CAPRI,355,15
2608,4920 22 30,GIRLS NICKER,375,5
2609,4922 22 30,GIRLS NICKER,350,19
2610,4928 32 40,GIRLS NICKER,380,10
2611,4929 24 30,GIRLS NICKER,345,24
2612,4931 32 40,GIRLS NICKER,380,5
2613,4939 16 20,GIRLS PANT(DNAM),355,1
2614,4950 26 36,GIRLS CAPRI (BLACK),415,0
2615,4961 32 40,GIRLS (HOT) NICKER,375,0
2616,4962 28 34,LADIES CAPRI,495,58
2617,4963 32 40,LADIES CAPRI,410,25
2618,4964 32 40,GIRLS (HOT) NICKER,355,5
2619,4966 32 40,GIRLS (HOT) NICKER,345,0
2620,4968 36 40,GIRLS (R.F.D) CAPRI,505,2
2621,497 M-2XL,CORD SET (L),810,29
2622,4971 22 30,GIRLS (R.F.D) CAPRI,405,17
2623,4975 26 36,GIRLS NICKER (BLACK),355,10
2624,4989 22 30,GIRLS NICKER,390,0
2625,4996 24 34,GIRLS SKIRT,455,0
2626,5001 36 40,GIRLS SKIRT,4103,24
2627,5005 24 34,GIRLS SKIRT,455,0
2628,5008 (605) 28 38,PLAZO SET,1295,0
2629,501 22 30,BOYS (COTTON) PANT,445,5
2630,5012 28 34,LADIES NICKER,405,8
2631,5019 32 40,GIRLS CAPRI,435,35
2632,502 (597) 16 26,FROCK(L),670,0
2633,502021 24 36,TOP SET,330,7
2634,502023 24 36,TOP SET,330,0
2635,502024 22 30,TOP SET,340,1
2636,502024 32 40,TOP SET,350,9
2637,502025 22 30,TOP SET,340,24
2638,502025 32 40,TOP SET,350,25
2639,502026 22 30,TOP SET,340,5
2640,502026 32 40,TOP SET,350,0
2641,502029 32 40,TOP SET,350,5
2642,502031 22 36,BOYS SET,390,0
2643,502032 22 36,BOYS SET,390,32
2644,502033 22 36,BOYS SET,390,32
2645,502034 22 36,BOYS SET,390,16
2646,502035 22 36,BOYS SET,390,0
2647,502037 22 36,BOYS SET,390,40
2648,502038 22 36,BOYS SET,390,8
2649,502039 24 36,CORD SET,350,0
2650,502040 24 36,CORD SET,350,0
2651,502041 24 36,CORD SET,370,0
2652,502042 32 40,CORD SET,365,5
2653,502043 32 40,CORD SET,370,0
2654,502044 32 40,CORD SET,390,0
2655,502045 26 36,CORD SET,365,0
2656,502046 26 36,GIRLS SET,370,0
2657,502047 26 36,CORD SET,455,5
2658,502048 24 36,CORD SET,385,0
2659,502049 24 36,CORD SET,405,0
2660,50205 26 36,T SHIRTS,245,4
2661,502052 26 36,CORD SET,440,0
2662,502053 22 36,CORD SET,395,1
2663,502054 22 36,CORD SET,395,0
2664,502055 26 36,CORD SET,440,0
2665,502056 26 36,CORD SET,320,0
2666,502057 26 36,CORD SET,355,13
2667,502058 24 36,TOP,165,0
2668,502059 24 36,TOP,165,1
2669,50206 26 36,T SHIRTS,255,-5
2670,502060 24 36,TOP,165,0
2671,502061 26 36,CORD SET,520,0
2672,502062 22 36,CORD SET,485,0
2673,502063,CORD SET,425,0
2674,502064 26 36,CORD SET,385,0
2675,502065 26 36,CORD SET,385,0
2676,502066 24 36,CORD SET,395,-7
2677,502067 24 36,CORD SET,395,7
2678,502068 26 36,CORD SET,435,0
2679,502069 24 36,TOP SET,355,0
2680,502070 24 36,TOP SET,335,-7
2681,502071 24 36,TOP SET,385,0
2682,502072 24 36,TOP SET,335,7
2683,502073 24 36,CORD SET,360,0
2684,502074 24 36,CORD SET,270,0
2685,502075 24 36,CORD SET,360,0
2686,502076 24 36,CORD SET,370,0
2687,502077 24 36,CORD SET,360,0
2688,502078 24 36,CORD SET,360,0
2689,502079 32 40,CORD SET,370,0
2690,502080 32 40,CORD SET,375,0
2691,502081 24 36,CORD SET,360,0
2692,502082 24 36,CORD SET,365,0
2693,502083 24 36,CORD SET,480,1
2694,502084 32 40,CORD SET,385,0
2695,502085 32 40,CORD SET,375,0
2696,502086 32 40,CORD SET,350,1
2697,502087 32 40,CORD SET,365,0
2698,502088 24 36,CORD SET,275,0
2699,502089 32 40,CORD SET,360,0
2700,50209 26 36,TOP SET,445,6
2701,502090 24 36,CORD SET,355,0
2702,502091 32 40,CORD SET,365,5
2703,502092 24 36,CORD SET,360,0
2704,502093 24 36,CORD SET,360,0
2705,502094 24 36,CORD SET,360,0
2706,502095 26 36,CORD SET,435,0
2707,502096 24 36,CORD SET,355,7
2708,502097 24 36,CORD SET,355,-14
2709,502098 24 36,CORD SET,355,8
2710,502099 24 36,CORD SET,345,0
2711,502100 24 36,CORD SET,370,0
2712,502101 24 36,CORD SET,585,35
2713,502102 24 36,CORD SET,565,0
2714,502103 24 36,CORD SET,585,0
2715,502104 24 36,CORD SET,570,0
2716,502105 24 36,CORD SET,585,0
2717,502106 24 36,CORD SET,555,35
2718,502107 24 36,CORD SET,550,-4
2719,502108 24 36,CORD SET,565,49
2720,5022 28 30,LADIES (R.F.D) CAPRI,540,18
2721,50224 32 40,TOP,230,-1
2722,50225 22 30,TOP,230,18
2723,50226 32 40,TOP,250,15
2724,50227 30 40,TOP,185,168
2725,5023 28 30,LADIES (R.F.D) CAPRI,540,0
2726,50234 22 30,TOP,220,5
2727,50236 24 30,TOP SET,435,-4
2728,50236 32 36,TOP SET,460,3
2729,50238 22 30,TOP,220,35
2730,50239 32 40,TOP,240,15
2731,50240 22 30,TOP,220,-5
2732,50241 32 40,TOP,240,-5
2733,50242 42 44,TOP,285,14
2734,50243 32 40,TOP,240,35
2735,50244 22 30,TOP,220,25
2736,50245 32 40,TOP,240,25
2737,50246 42 44,TOP,285,4
2738,50247 22 30,TOP,220,50
2739,50249 32 40,TRACK SUIT,400,-5
2740,50250 32 40,TRACK SUIT,400,-7
2741,50252 22 30,TRACK SUIT,390,1
2742,50256 22 30,TOP SET,190,0
2743,50264 22 30,T SHIRTS,195,0
2744,50265 32 40,T SHIRTS,225,0
2745,50270 22 30,TOP SET,400,10
2746,50271 32 40,TOP SET,430,45
2747,50278 22 30,TOP,195,1
2748,5028(ITALY) M-XXL,LADIES SUIT (L),1675,12
2749,50282 32 40,TOP,220,-1
2750,50284 22 30,TOP,195,25
2751,50285 32 40,TOP,225,5
2752,50286 M LXL,TOP,245,3
2753,50287 22 30,TOP,200,0
2754,5029 (94107) 14 18,AFGANI SET,795,0
2755,5029 (94107) 20 30,AFGANI SET,985,0
2756,5029 (94107) 32 40,AFGANI SET,1185,0
2757,5029(84) 14 18,GIRLS SET,795,0
2758,50293 22 30,TOP,195,0
2759,5034 32 40,GIRLS CAPRI (BLACK),380,40
2760,5035 26 30,GIRLS CAPRI (BLACK),330,6
2761,5037 28 32,LADIES NICKER,315,0
2762,5040 32 40,GIRLS CAPRI,375,-10
2763,50406 (161) 16 20,BABA SUIT,445,3
2764,50413 (171) 22 26,BABA SUIT,640,5
2765,50413 (171) 28 32,BABA SUIT,715,6
2766,50415(189) 22 26,"BOY,S INDO WESTERN",640,5
2767,50415(189) 28 32,"BOY,S INDO WESTERN",715,6
2768,5049 (84) 32 40,GIRLS SET,1485,0
2769,5049(84) 20 30,GIRLS SET,1265,0
2770,5051 M-2XL,LADIES SUIT (L),715,20
2771,5051(ROLLS ROYCE) M-XXL,LADIES SUIT (L),1435,7
2772,5052 24 30,GIRLS (R.F.D) CAPRI,305,0
2773,5052(84) 14 18,GIRLS SET,940,0
2774,5052(84) 20 30,GIRLS SET,1170,13
2775,5052(84) 32 40,GIRLS SET,1380,1
2776,5053 M-2XL,LADIES SUIT (L),1190,2
2777,5053(84) 20 30,GIRLS SET,1040,0
2778,5053(84) 32 40,GIRLS SET,1205,0
2779,5055 (94266) 32 40,AFGANI SET,1205,0
2780,5055(84) 14 18,GIRLS SET,840,0
2781,5055(94266) 20 30,AFGANI SET,999,0
2782,5059 32 40,GIRLS CAPRI,370,5
2783,5060 32 40,GIRLS CAPRI,370,5
2784,5062 (94302) 20 30,AFGANI SET,1160,0
2785,5062 (94302) 32 40,AFGANI SET,1345,0
2786,5063 28 34,GIRLS NICKER,405,0
2787,50641 L,LOWER,310,3
2788,50652 M,LOWER,235,0
2789,50653 (2XL),LOWER,315,-4
2790,50653 (L),LOWER,305,0
2791,50653 (M),LOWER,300,0
2792,50653 (XL),LOWER,310,4
2793,50654 (2XL),LOWER,380,0
2794,50654 (L),LOWER,365,0
2795,50654 (M),LOWER,360,0
2796,50654 (XL),LOWER,370,0
2797,50655 (2XL),LOWER,335,0
2798,50655 (L),LOWER,325,0
2799,50655 (M),LOWER,320,0
2800,50655 (XL),LOWER,330,0
2801,50656 (2XL),LOWER,340,3
2802,50656 (L),LOWER,330,3
2803,50656 (M),LOWER,325,0
2804,50656 (XL),LOWER,335,0
2805,50657 (2XL),LOWER,340,12
2806,50657 (L),LOWER,330,4
2807,50657 (M),LOWER,325,0
2808,50657 (XL),LOWER,335,-7
2809,50658 (2XL),LOWER,320,0
2810,50658 (L),LOWER,310,6
2811,50658 (M),LOWER,305,12
2812,50658 (XL),LOWER,315,10
2813,50659 (2XL),LOWER,380,5
2814,50659 (L),LOWER,370,1
2815,50659 (M),LOWER,365,0
2816,50659 (XL),LOWER,375,1
2817,5066 28 34,LADIES CAPRI,520,4
2818,50660 (26 36),LOWER,275,0
2819,50660 (32 36),LOWER,275,0
2820,50662 26 36,LOWER,270,0
2821,50663 2XL,LOWER,380,0
2822,50663 L,LOWER,370,-6
2823,50663 M,LOWER,365,0
2824,50663 XL,LOWER,375,6
2825,50664 2XL,LOWER,365,6
2826,50664 L,LOWER,355,0
2827,50664 M,LOWER,350,-6
2828,50664 XL,LOWER,360,0
2829,50665 32 40,LOWER,325,20
2830,50666 L,LOWER,245,0
2831,50666 M,LOWER,240,0
2832,50666 XL,LOWER,250,0
2833,50666 XXL,LOWER,255,0
2834,50667 L,LOWER,305,0
2835,50667 M,LOWER,300,0
2836,50667 XL,LOWER,310,0
2837,50667 XXL,LOWER,315,0
2838,50668 2XL,LOWER,345,12
2839,50668 L,LOWER,335,6
2840,50668 M,LOWER,330,12
2841,50668 XL,LOWER,340,6
2842,50669 2XL,LOWER,365,0
2843,50669 L,LOWER,355,0
2844,50669 M,LOWER,350,0
2845,50669 XL,LOWER,360,0
2846,5067 34 40,GIRLS NICKER,135,11
2847,50670 2XL,LOWER,385,0
2848,50670 L,LOWER,375,0
2849,50670 M,LOWER,370,0
2850,50670 XL,LOWER,380,0
2851,50671 2XL,LOWER,395,12
2852,50671 L,LOWER,385,6
2853,50671 M,LOWER,380,12
2854,50671 XL,LOWER,390,0
2855,5068 18 22,BOYS (STAIT) PANT,0,0
2856,5068 34 40,GIRLS NICKER,140,10
2857,5069 32 40,GIRLS CAPRI,145,95
2858,5070 32 40,GIRLS CAPRI,155,100
2859,5072(84) 14 18,GIRLS SET,985,3
2860,5072(84) 20 30,GIRLS SET,1205,6
2861,5072(84) 32 40,GIRLS SET,1425,0
2862,5073(84) 20 30,GIRLS SET,1085,0
2863,5075 (84) 20 30,AFGANI SET,1015,0
2864,5075 (84) 32 40,AFGANI SET,1225,0
2865,5075 32 40,GIRLS NICKER,380,0
2866,5076 (84) 20 30,AFGANI SET,1205,0
2867,5077 (84) 20 30,KURTA SHARARA,1270,0
2868,5078 (84) 20 30,KURTA SHARARA,1205,6
2869,5079 (84) 20 30,KURTA PATIYALA,1125,6
2870,5079 (84) 32 40,AFGANI SET,1335,0
2871,5080(84) 20 30,GIRLS SET,1315,0
2872,5081(84) 20 30,GIRLS SET,1040,18
2873,5081(84) 32 40,GIRLS SET,1205,5
2874,5082(84) 20 30,GIRLS SET,1095,12
2875,5083 24 34,GIRLS NICKER,380,2
2876,5083(84) 20 30,GIRLS SET,1060,6
2877,5084(84) 20 30,GIRLS SET,1045,0
2878,5084(84) 32 40,GIRLS SET,1260,0
2879,5085(84) 20 30,GIRLS SET,1095,24
2880,5086 32 40,GIRLS NICKER,355,0
2881,5086(84) 20 30,GIRLS SET,1235,18
2882,5087 22 30,GIRLS NICKER,345,0
2883,5087(84) 20 30,GIRLS SET,1095,0
2884,5088(84) 14 18,GIRLS SET,905,15
2885,5088(84) 20 30,GIRLS SET,1050,6
2886,5088(84) 32 40,GIRLS SET,1250,0
2887,5089 22 30,GIRLS(R.F.D)NICKER,375,10
2888,5089(84) 14 18,GIRLS SET,830,0
2889,5090(84) 14 18,GIRLS SET,875,0
2890,5091(84) 14 18,GIRLS SET,865,0
2891,5091(84) 20 30,GIRLS SET,1075,0
2892,5091(84) 32 40,GIRLS SET,1235,5
2893,5092(84) 20 30,GIRLS SET,1040,12
2894,5093(84) 20 30,GIRLS SET,1095,18
2895,5094(84) 14 18,DRESS (G),910,0
2896,5095 28 34,LADIES NICKER,460,12
2897,5095(84) 14 18,DRESS (G),1095,0
2898,5096 32 40,GIRLS(R.F.D)NICKER,440,8
2899,5096(84) 14 18,GIRLS SET,910,3
2900,5097 32 40,GIRLS(R.F.D)NICKER,440,0
2901,5097(84) 14 18,GIRLS SET,910,3
2902,5098 22 30,GIRLS(R.F.D)NICKER,385,0
2903,5098(84) 14 18,GIRLS SET,875,9
2904,5099 22 30,GIRLS(R.F.D)NICKER,385,9
2905,5099(84) 14 18,GIRLS SET,865,0
2906,5099(DEFENDER) L-XXXL,LADIES SUIT (L),1495,4
2907,5100(RANGE ROVER) L-XXXL,LADIES SUIT (L),1495,12
2908,5109 M 2XL,G. SHIRT,475,1
2909,5110 26 30,GIRLS CAPRI (BLACK),415,8
2910,5113 28 32,GIRLS CAPRI (BLACK),485,5
2911,5127 32 40,GIRLS CAPRI,475,5
2912,5131 32 40,GIRLS CAPRI,535,1
2913,5138 26 30,GIRLS (R.F.D) CAPRI,425,6
2914,5141 32 40,GIRLS (R.F.D) CAPRI,455,30
2915,5143 22 30,GIRLS CAPRI,370,10
2916,5144 22 30,GIRLS CAPRI,421,-10
2917,5145 22 30,GIRLS CAPRI (BLACK),355,25
2918,5156 32 40,GIRLS (R.F.D) CAPRI,455,-5
2919,5160 22 30,GIRLS(R.F.D)NICKER,350,0
2920,5163 22 30,GIRLS NICKER (BLACK),300,10
2921,5165 22 30,GIRLS NICKER (BLACK),300,20
2922,51795 22 30,BOYS COTRIS PANT,355,30
2923,518 22 30,BOYS PANT,445,40
2924,518 32 40,BOYS PANT,475,50
2925,5183 32 40,GIRLS CAPRI,425,25
2926,5184 22 30,GIRLS CAPRI (BLACK),345,15
2927,5186 22 30,GIRLS NICKER (BLACK),310,0
2928,5188 32 40,GIRLS NICKER (BLACK),360,5
2929,5188(SCARLETT) M-XXL,LADIES SUIT (L),1435,0
2930,5192 (ROSY) M-XXL,LADIES SUIT (L),1675,8
2931,5193 24 34,GIRLS(R.F.D)NICKER,385,0
2932,5198 22 30,GIRLS NICKER,295,0
2933,5200 32 40,GIRLS NICKER,320,10
2934,5201 22 30,GIRLS SKIRT,275,9
2935,5201(ISABELLA) L-3XL,LADIES SUIT (L),1795,8
2936,5202 22 30,GIRLS SKIRT,275,0
2937,5202(94132) 18 28,GIRLS SET (A),1370,0
2938,5202(94132) 30 40,GIRLS SET (A),1575,0
2939,5204 28 34,LADIES CAPRI,505,8
2940,5204(EMILIA) L-XXXL,LADIES SUIT (L),1435,8
2941,5205 24 34,GIRLS NICKER,415,0
2942,5206 24 34,GIRLS NICKER,385,12
2943,5209 32 40,GIRLS CAPRI,465,-30
2944,5211 28 34,LADIES NICKER,375,1
2945,5212 28 34,LADIES CAPRI,475,60
2946,5221(VENUS) L-XXXL,LADIES SUIT (L),1855,8
2947,5224 XL,PLAZO (PANT),150,1
2948,5228 XL,PLAZO (PANT),300,-1
2949,5230 24 36,GIRLS NICKER,375,0
2950,5231 32 40,GIRLS (HOT) NICKER,375,-5
2951,5235 24 36,GIRLS SKIRT,415,0
2952,5237 16 20,GIRLS(R.F.D)PANT,385,6
2953,5238 26 36,GIRLS NICKER,350,0
2954,5239 16 20,GIRLS PANT(DNAM),410,57
2955,5240 16 20,GIRLS PANT(DNAM),425,8
2956,5241 26 36,GIRLS (HOT) NICKER,370,0
2957,5242 26 36,GIRLS (HOT) NICKER,365,0
2958,5244 28 34,LADIES NICKER,405,2
2959,5246 28 34,LADIES NICKER,0,0
2960,5247 28 34,LADIES NICKER,430,0
2961,5248 28 34,LADIES NICKER,415,0
2962,5249 28 34,LADIES NICKER,415,0
2963,5250 28 34,LADIES NICKER,390,0
2964,5251 24 34,GIRLS (SKIRTS),390,0
2965,5252 22 30,GIRLS (HOT) NICKER,295,1
2966,5253 32 40,GIRLS (HOT) NICKER,330,0
2967,5254 28 34,LADIES CAPRI,365,12
2968,5255 28 34,LADIES NICKER,380,0
2969,5256 28 34,LADIES NICKER,490,0
2970,5257 28 34,LADIES NICKER,495,0
2971,5258 28 34,LADIES NICKER,455,4
2972,5259 28 34,LADIES NICKER,425,8
2973,5260 32 40,GIRLS (HOT) NICKER,0,0
2974,5261 28 34,LADIES NICKER,555,32
2975,5262 28 32,LADIES NICKER,555,20
2976,5263 26 36,GIRLS (HOT) NICKER,365,0
2977,5264 28 36,LADIES NICKER,505,0
2978,5265 26 36,GIRLS (HOT) NICKER,380,-12
2979,5266 26 36,GIRLS (HOT) NICKER,380,12
2980,5267 26 36,GIRLS (HOT) NICKER,415,0
2981,52672 22 30,BOYS (DNAM) PANT,430,0
2982,5268 26 36,GIRLS (HOT) NICKER,440,18
2983,5269 26 36,GIRLS (HOT) NICKER,365,24
2984,5270 26 36,GIRLS (HOT) NICKER,370,0
2985,52701(101) 28 32,BABA SUIT,660,0
2986,52701(101) 34 38,BABA SUIT,710,3
2987,52701(S33) 28 32,BABA SUIT,590,3
2988,52704(403) 28 32,BABA SUIT,635,3
2989,52705(421) 22 26,BABA SUIT,620,0
2990,5271 32 40,GIRLS (HOT) NICKER,405,0
2991,5272 32 40,GIRLS (HOT) NICKER,405,0
2992,5273 26 36,GIRLS (HOT) NICKER,375,0
2993,5273 36 38,GIRLS SKIRT,595,0
2994,5274 26 36,GIRLS (HOT) NICKER,375,12
2995,5275 32 40,GIRLS NICKER (BLACK),335,0
2996,5276 18 24,GIRLS (STRAIT) PANT,425,0
2997,5277 18 24,GIRLS (STRAIT) PANT,425,0
2998,5278 22 30,GIRLS NICKER,345,0
2999,5279 22 30,GIRLS NICKER,340,0
3000,5280 22 30,GIRLS NICKER,375,0
3001,5281 18 24,GIRLS (STRAIT) PANT,415,0
3002,5282 32 40,GIRLS SHORTS,440,0
3003,52823 26 30,BOYS (MICRO) PANT,210,33
3004,52824 26 30,BOYS (MICRO) PANT,210,27
3005,5283 32 40,GIRLS SHORTS,440,0
3006,5284 32 40,GIRLS SHORTS,405,0
3007,5285 22 30,GIRLS SHORTS,350,20
3008,5286 22 30,GIRLS SHORTS,325,40
3009,5287 32 40,GIRLS SHORTS,445,0
3010,5288 16 20,GIRLS (STRAIT) PANT,415,0
3011,5289 16 20,GIRLS (STRAIT) PANT,415,10
3012,5290 26 36,GIRLS (HOT) NICKER,360,0
3013,5291 26 36,GIRLS (HOT) NICKER,360,12
3014,5292 26 36,GIRLS NICKER,0,0
3015,5293 26 36,GIRLS NICKER,380,18
3016,5294 16 20,GIRLS (STRAIT) R.F.D,405,60
3017,5295 16 20,GIRLS (STRAIT) R.F.D,425,60
3018,5296 26 36,GIRLS NICKER,450,24
3019,5297 26 36,GIRLS (HOT) NICKER,450,30
3020,5298 28 34,GIRLS (SKIRTS),475,0
3021,5299 18 24,GIRLS(BLACK)PANT,485,16
3022,5300 16 20,GIRLS (STRAIT) PANT,405,10
3023,5301 28 34,GIRLS (SKIRTS),475,0
3024,5302 18 24,GIRLS (STRAIT) PANT,450,41
3025,5303 16 20,GIRLS PANT(DNAM),415,45
3026,53062 22 30,BOYS (EL D) PANT,280,0
3027,53081 22 30,BOYS (R.F.D) PANT,385,11
3028,53194 22 30,BOYS(BLACK) PANT,360,5
3029,53201(764) 1 10,BABA SUIT,799,10
3030,53208(800) 2 10,BABA SUIT,799,0
3031,53210(782) 2 10,BABA SUIT,799,0
3032,53211(779) 1 10,BABA SUIT,775,5
3033,53213(802) 1 10,BABA SUIT,835,0
3034,53217(749) 1 10,BABA SUIT,740,20
3035,53218(776) 1 10,BABA SUIT,740,10
3036,53219(816) 2 10,BABA SUIT,880,0
3037,53223(845) 2 10,BABA SUIT,855,0
3038,53226(849) 0 5,COAT PANT,1295,0
3039,53227(870) 2 10,BABA SUIT,880,0
3040,53228(877) 1 10,BABA SUIT,1235,0
3041,53234(931) 2 10,KURTA PAJAMA,965,0
3042,53235(965) 0 5,BABA SUIT,1075,0
3043,53237(1003) 2 10,BABA SUIT,1470,0
3044,53238(1042) 0 5,BABA SUIT,1075,0
3045,53239(1041) 2 10,BABA SUIT,1075,0
3046,53240(1046) 2 10,BABA SUIT,1470,0
3047,53241(1054) 2 10,"BOY,S INDO WESTERN",1435,0
3048,53242(1055) 0 10,"BOY,S INDO WESTERN",1435,0
3049,53243(1064) 1 10,BABA SUIT,1110,0
3050,53244(1034) 2 10,BABA SUIT,1075,0
3051,53245(1039) 2 10,BABA SUIT,0,0
3052,53246(1024) 2 10,BABA SUIT,1435,9
3053,53247(1059) 2 10,BABA SUIT,1315,0
3054,53248(1067) 2 10,"BOY,S INDO WESTERN",1230,0
3055,53249(1031) 2 10,KURTA PAJAMA,471,0
3056,53250(1099) 1 10,KURTA PAJAMA,1144,0
3057,53251(1107) 0 5,KURTA PAJAMA,799,0
3058,53252(1109) 0 5,KURTA PAJAMA,799,0
3059,53253(1145) 0 5,KURTA PAJAMA,855,0
3060,53254(1150) 0 5,KURTA PAJAMA,855,0
3061,53255(1160) 0 5,"BOY,S INDO WESTERN",1030,0
3062,53256(1152) 1 5,BABA SUIT,835,0
3063,53257(901) 2 10,"BOY,S INDO WESTERN",1030,0
3064,53258(1202) 2 10,"BOY,S INDO WESTERN",1145,0
3065,53259(1136) 2 10,"BOY,S INDO WESTERN",1030,0
3066,53260(1149) 2 10,"BOY,S INDO WESTERN",1105,0
3067,53261(1179) 0 5,KURTA,856,0
3068,53262(1182) 0 5,KURTA,799,0
3069,53263(1183) 0 5,KURTA,856,0
3070,53264(1147) 2 10,KURTA,1095,0
3071,53267(1209) 0 5,"BOY,S INDO WESTERN",799,0
3072,53268(1226) 1 10,BABA SUIT,1030,10
3073,53269(1247) 2 10,BABA SUIT,1180,8
3074,53270(1194) 0 5,BABA SUIT,1065,0
3075,53295 22 30,BOYS (MICRO) PANT,425,5
3076,53311 22 30,BOYS (R.F.D) PANT,465,9
3077,53340 22 30,BOYS (R.F.D) PANT,295,45
3078,53343 22 30,BOYS(BLACK) PANT,325,4
3079,53432 22 30,BOYS (R.F.D) PANT,295,20
3080,53495 26 30,BOYS (DNAM) PANT,360,5
3081,53590 22 30,BOYS (VELVET)  PANT,425,10
3082,53621 22 30,BOYS (R.F.D) PANT,375,10
3083,53631 22 30,BOYS PANT,340,25
3084,53664 22 30,BOYS (R.F.D) JOGGER,475,4
3085,53673 22 30,BOYS (R.F.D) JOGGER,445,0
3086,53684 22 30,BOYS (R.F.D) PANT,380,0
3087,53685 22 30,BOYS JOGGER,435,15
3088,53686 22 30,BOYS JOGGER,435,15
3089,53691 22 30,BOYS (R.F.D) JOGGER,475,1
3090,53697 22 30,BOYS JOGGER,465,30
3091,53707 22 30,BOYS PANT,425,-1
3092,53708 22 30,BOYS (R.F.D) JOGGER,455,0
3093,53709 26 30,BOYS(BLACK) PANT,435,5
3094,53716 26 30,BOYS (DNAM) PANT,365,1
3095,53717 22 30,BOYS (R.F.D) JOGGER,450,0
3096,53722 26 30,BOYS JOGGER,505,9
3097,53725 22 30,BOYS WHITE PANT,390,1
3098,53730 22 30,BOYS JOGGER,335,0
3099,53751 22 30,BOYS (R.F.D) JOGGER,455,2
3100,53752 26 30,BOYS PANT,505,1
3101,53753 26 30,BOYS (SULPHER) PANT,560,1
3102,53756 26 30,BOYS (SULPHER) PANT,495,10
3103,53768 20 30,BOYS JOGGER,260,0
3104,53774 26 30,BOYS PANT,415,5
3105,53776 22 30,BOYS (R.F.D) PANT,405,0
3106,53788 26 30,BOYS (R.F.D) PANT,375,5
3107,53791 26 30,BOYS WHITE PANT,490,-1
3108,53803 22 30,BOYS (R.F.D) PANT,375,40
3109,53807 22 30,BOYS (R.F.D) PANT,405,0
3110,53813 22 30,BOYS (CARGO) PANT,285,0
3111,53823 26 30,BOYS (R.F.D) PANT,405,4
3112,53834 26 30,BOYS (R.F.D) JOGGER,580,35
3113,53835 26 30,BOYS (R.F.D) PANT,545,0
3114,53854 22 30,BOYS (SULPHER) PANT,545,-25
3115,53866 22 30,BOYS (DNAM) PANT,305,4
3116,53868 22 30,BOYS (DNAM) PANT,370,0
3117,53874 22 30,BOYS (CARGO) PANT,305,10
3118,53878 26 30,BOYS (DNAM) PANT,405,1
3119,53890 22 30,BOYS (R.F.D) PANT,425,50
3120,53891 22 30,BOYS (R.F.D) PANT,425,29
3121,53893 22 30,BOYS(BLACK) PANT,425,2
3122,53901 22 30,BOYS JOGGER,425,0
3123,53904 26 30,BOYS JOGGER,425,0
3124,53914 26 30,BOYS (BLK) JOGGER,425,0
3125,53932 26 30,BOYS (DNAM) PANT,375,1
3126,53942 22 30,BOYS (DNAM) PANT,485,8
3127,53943 22 30,BOYS(BLACK) PANT,490,0
3128,53945 24 30,BOYS (HALF LASTIC) PANT,475,5
3129,53946 26 30,BOYS (DNAM) PANT,395,2
3130,53948 26 30,BOYS (R.F.D) PANT,520,3
3131,53949 22 30,BOYS (R.F.D) PANT,365,60
3132,53958 22 30,BOYS (CARGO) PANT,485,10
3133,53963 22 30,BOYS (R.F.D) JOGGER,505,-1
3134,53965 26 30,BOYS JOGGER,570,9
3135,53967 26 30,BOYS (R.F.D) PANT,435,1
3136,53968 22 30,BOYS (R.F.D) JOGGER,545,0
3137,53969 26 30,BOYS PANT,415,54
3138,53971 26 30,BOYS (R.F.D) JOGGER,405,3
3139,53977 26 30,BOYS (R.F.D) JOGGER,435,1
3140,53978 26 30,BOYS (R.F.D) JOGGER,435,12
3141,53980 22 30,BOYS (BLK) JOGGER,525,0
3142,53981 26 36,BOYS JOGGER,550,30
3143,53983 22 30,BOYS JOGGER,280,0
3144,53987 26 30,BOYS(BLACK) PANT,425,0
3145,53990 22 30,BOYS (BLK) JOGGER,390,5
3146,53992 22 30,BOYS (R.F.D) PANT,280,25
3147,53996 26 30,BOYS (R.F.D) JOGGER,375,6
3148,53998 22 30,BOYS (R.F.D) JOGGER,475,35
3149,54003 26 30,BOYS (CARGO) PANT,510,0
3150,54004 22 30,BOYS (R.F.D) JOGGER,555,0
3151,54005 22 30,BOYS (CARGO) PANT,455,40
3152,54028 22 30,BOYS (CARGO) PANT,545,4
3153,54033 26 30,BOYS (R.F.D) PANT,405,0
3154,54034 22 30,BOYS (COTTON) PANT,380,0
3155,54035 22 30,BOYS (R.F.D) JOGGER,415,15
3156,54040 26 30,BOYS (COTTON) PANT,440,4
3157,54046 26 30,BOYS (R.F.D) JOGGER,530,0
3158,54049 26 30,BOYS (R.F.D) PANT,495,1
3159,54052 24 30,BOYS (R.F.D) PANT,525,13
3160,54053 26 36,BOYS (R.F.D) PANT,535,0
3161,54061 26 30,BOYS (DNAM) PANT,365,1
3162,54066 26 30,BOYS (R.F.D) PANT,530,0
3163,54067 26 30,BOYS (R.F.D) PANT,505,10
3164,54068 26 30,BOYS (R.F.D) PANT,440,0
3165,54070 26 30,BOYS (R.F.D) JOGGER,405,11
3166,54070 26 36,BOYS (R.F.D) JOGGER,425,-24
3167,54070 32 36,BOYS (R.F.D) JOGGER,445,14
3168,54078 26 30,BOYS JOGGER,455,4
3169,54082 24 30,BOYS (R.F.D) JOGGER,520,6
3170,54083 26 30,BOYS (R.F.D) JOGGER,425,1
3171,54087 26 30,BOYS (COTTON) PANT,530,1
3172,54090 26 30,BOYS (R.F.D) JOGGER,540,1
3173,54092 26 30,BOYS (R.F.D) JOGGER,520,0
3174,54094 22 30,BOYS JOGGER,445,0
3175,54101 26 30,BOYS (COTTON) PANT,505,1
3176,54102 26 30,BOYS (SULPHER) PANT,495,-30
3177,54105 26 30,BOYS (R.F.D) JOGGER,435,13
3178,54108 22 30,BOYS JOGGER,525,-1
3179,54112 22 30,BOYS (BLK) JOGGER,460,20
3180,54114 26 30,BOYS (WHITE) JOGGER,480,0
3181,54121 22 30,BOYS (CARGO) PANT,340,0
3182,54128 26 30,BOYS (R.F.D) PANT,435,0
3183,54129 26 30,BOYS (R.F.D) JOGGER,495,20
3184,54133 26 30,BOYS (COTTON) PANT,545,0
3185,54142 22 30,BOYS JOGGER,360,0
3186,54143 22 30,BOYS JOGGER,345,0
3187,54144 26 30,BOYS (R.F.D) PANT,455,0
3188,54159 26 30,BOYS(BLACK) PANT,410,0
3189,54168 22 30,BOYS (BLK) JOGGER,395,0
3190,54171 22 30,BOYS (R.F.D) JOGGER,535,0
3191,54179 26 30,BOYS (R.F.D) JOGGER,385,10
3192,54182 26 30,BOYS (CARGO) PANT,530,-1
3193,54185 22 30,BOYS (R.F.D) PANT,455,0
3194,54186 22 30,BOYS (DNAM) PANT,455,0
3195,54190 22 30,BOYS (R.F.D) JOGGER,425,10
3196,54191 26 30,BOYS (BLK) JOGGER,490,0
3197,54192 26 30,BOYS (COTTON) PANT,560,8
3198,54193 26 30,BOYS (R.F.D) JOGGER,515,3
3199,54196 22 30,BOYS (CARGO) PANT,565,60
3200,54202 26 30,BOYS (R.F.D) JOGGER,515,0
3201,54210 26 30,BOYS WHITE PANT,485,2
3202,54214 22 30,BOYS(BLACK) PANT,495,5
3203,54215 22 30,BOYS(BLACK) PANT,495,8
3204,54216 22 30,BOYS (DNAM) PANT,455,0
3205,54217 22 30,BOYS (DNAM) PANT,450,0
3206,54218 22 30,BOYS (DNAM) PANT,445,0
3207,54219 26 30,BOYS (R.F.D) JOGGER,425,0
3208,54222 20 30,BOYS JOGGER,310,0
3209,54223 22 30,BOYS JOGGER,465,0
3210,54226 22 30,BOYS (DNAM) PANT,495,10
3211,54228 26 30,BOYS (DNAM) PANT,485,7
3212,54235 26 30,BOYS (R.F.D) PANT,410,30
3213,54239 22 30,BOYS (DNAM) PANT,555,0
3214,54241 32 40,BOYS (R.F.D) JOGGER,455,0
3215,54242 26 30,BOYS (STAIT) PANT,535,3
3216,54245 26 30,BOYS (COTTON) PANT,435,15
3217,54246 26 30,BOYS JOGGER,510,0
3218,54247 26 30,BOYS JOGGER,530,6
3219,54251 22 30,BOYS (CARGO) PANT,410,0
3220,54257 22 30,BOYS JOGGER,555,20
3221,54258 26 30,BOYS (STAIT) PANT,395,0
3222,54262 22 30,BOYS JOGGER,380,2
3223,54263 26 30,BOYS (COTTON) PANT,535,40
3224,5427(511) 24 34,GIRLS SET,1165,0
3225,54275 22 30,BOYS JOGGER,445,5
3226,54279 22 30,BOYS (R.F.D) PANT,410,0
3227,54280 22 30,BOYS (CARGO) PANT,545,10
3228,54282 24 30,BOYS (R.F.D) PANT,490,-3
3229,54284 22 30,BOYS (R.F.D) JOGGER,525,0
3230,54291 22 30,BOYS (R.F.D) JOGGER,455,0
3231,54292 26 30,BOYS JOGGER,495,10
3232,54296 24 30,BOYS (R.F.D) JOGGER,485,14
3233,54297 26 30,BOYS PANT,585,11
3234,54298 30,BOYS (R.F.D) JOGGER,490,-1
3235,54303 22 30,BOYS (STAIT) PANT,435,0
3236,54306 22 30,BOYS PANT,415,27
3237,54307 20 30,BOYS PANT,545,6
3238,54311 20 30,BOYS(WHITE)PANT,525,12
3239,54313 20 30,BOYS PANT,570,0
3240,54319 22 30,BOYS PANT,355,1
3241,54320 22 30,BOYS PANT,455,15
3242,54321 22 30,BOYS PANT,480,0
3243,54327 26 30,BOYS(WHITE)PANT,485,4
3244,54335 22 30,BOYS (R.F.D) JOGGER,520,0
3245,54338 30,BOYS (R.F.D) JOGGER,480,1
3246,54343 26 36,BOYS (DNAM) PANT,595,12
3247,54345 22 30,BOYS (R.F.D) JOGGER,410,0
3248,54352 22 30,BOYS WHITE PANT,425,29
3249,54355 22 30,BOYS (COTTON) PANT,395,0
3250,54365 26 30,BOYS PANT,395,3
3251,54367 26 30,BOYS (DNAM) PANT,310,5
3252,54369 22 30,BOYS (R.F.D) JOGGER,395,35
3253,54370 26 36,BOYS (CARGO) PANT,565,-1
3254,54375 22 30,BOYS (R.F.D) JOGGER,445,10
3255,54380 26 36,BOYS(BLACK) PANT,450,-1
3256,54386 26 30,BOYS (R.F.D) PANT,510,0
3257,54387 22 30,BOYS (R.F.D) PANT,475,30
3258,54399 22 30,BOYS (R.F.D) PANT,475,5
3259,54407 26 30,BOYS JOGGER,440,35
3260,54409 26 30,BOYS (COTTON) PANT,495,0
3261,54410 26 30,BOYS PANT,485,0
3262,54414 26 30,BOYS (R.F.D) JOGGER,460,-6
3263,54421 22 30,BOYS (R.F.D) JOGGER,540,0
3264,5443(511) 30 40,GIRLS SET,1535,0
3265,54433 22 30,BOYS(BLACK) PANT,480,0
3266,54434 26 36,BOYS (STAIT) PANT,485,12
3267,54439 22 30,BOYS PANT,450,5
3268,54443 22 30,BOYS WHITE PANT,445,0
3269,54446 26 30,BOYS (STAIT) PANT,455,5
3270,54449 26 30,BOYS (STAIT) PANT,405,0
3271,54451 26 30,BOYS (STAIT) PANT,515,0
3272,54453 22 30,BOYS (R.F.D) JOGGER,520,0
3273,5446(511) 24 34,GIRLS SET,1200,0
3274,54462 26 36,BOYS (CARGO) PANT,455,1
3275,54464 26 30,BOYS (STAIT) PANT,520,0
3276,54466 22 30,BOYS (R.F.D) JOGGER,365,0
3277,54468 22 30,BOYS (CARGO) STRAIT,555,0
3278,54470 22 30,BOYS (R.F.D) JOGGER,540,3
3279,54474 22 30,BOYS (CARGO) PANT,425,5
3280,54475 26 30,BOYS (R.F.D) JOGGER,505,0
3281,54476 26 30,BOYS (R.F.D) JOGGER,520,0
3282,54477 26 36,BOYS (R.F.D) JOGGER,465,27
3283,54478,BOYS (DNAM) PANT,470,1
3284,54481 26 30,BOYS JOGGER,430,0
3285,54482 22 30,BOYS (R.F.D) JOGGER,505,0
3286,54484 26 36,BOYS (R.F.D) PANT,560,0
3287,54485 26 36,BOYS (R.F.D) PANT,530,0
3288,54488 22 30,BOYS (R.F.D) JOGGER,415,0
3289,54489 26 36,BOYS (R.F.D) PANT,445,0
3290,54490 22 30,BOYS JOGGER,445,5
3291,54492 22 30,BOYS (R.F.D) PANT,445,-1
3292,54493 22 30,BOYS (DNAM) PANT,425,0
3293,54499 26 30,BOYS (R.F.D) PANT,565,0
3294,54502 26 30,BOYS (CARGO) PANT,435,0
3295,54503 26 30,BOYS (CARGO) PANT,435,14
3296,54504 26 30,BOYS PANT,535,0
3297,54505 22 30,BOYS JOGGER,425,0
3298,54506 26 36,BOYS (R.F.D) JOGGER,435,27
3299,54510 26 30,BOYS (COTTON) PANT,480,2
3300,54512 22 30,BOYS (R.F.D) PANT,410,0
3301,54514 26 36,BOYS (R.F.D) PANT,495,-2
3302,54515 26 30,BOYS (CARGO) STRAIT,505,0
3303,5452(511) 18 28,GIRLS SET,1100,-6
3304,5452(511) 30 40,GIRLS SET,1350,0
3305,54520 22 30,BOYS (CARGO) STRAIT,505,-15
3306,54521 26 36,BOYS (STAIT) PANT,440,0
3307,54522 26 36,BOYS (R.F.D) PANT,520,-8
3308,54522 30,BOYS (R.F.D) PANT,530,6
3309,54523 26 36,BOYS (R.F.D) PANT,520,1
3310,54523 30,BOYS (R.F.D) PANT,530,3
3311,54526 22 30,BOYS (STAIT) PANT,415,0
3312,54527 22 30,BOYS (CARGO) STRAIT,460,0
3313,54528 26 30,BOYS (STAIT) PANT,435,1
3314,5453(511) 18 28,GIRLS SET,1415,0
3315,5453(511) 30 40,GIRLS SET,1760,12
3316,54530 26 36,BOYS (CARGO) STRAIT,450,0
3317,54532 26 36,BOYS (R.F.D) PANT,540,0
3318,54535 26 36,BOYS (CARGO) STRAIT,500,0
3319,54536 30,BOYS (CARGO) STRAIT,470,0
3320,54537 26 36,BOYS (STAIT) PANT,495,0
3321,54538 30,BOYS (STAIT) PANT,435,0
3322,54539 22 30,BOYS (CARGO) STRAIT,475,0
3323,54541 22 30,BOYS (STAIT) PANT,410,0
3324,54542 26 30,BOYS (CARGO) STRAIT,530,0
3325,54543 26 30,BOYS (STAIT) PANT,385,0
3326,54544 22 30,BOYS (STAIT) PANT,515,0
3327,54545 22 30,BOYS(BLACK) PANT,375,0
3328,54546 22 30,BOYS (R.F.D) JOGGER,520,0
3329,54547 26 36,BOYS (CARGO) STRAIT,525,-1
3330,54549 26 30,BOYS (CARGO) STRAIT,580,0
3331,54550 26 30,BOYS (R.F.D) JOGGER,560,0
3332,54551 26 30,BOYS PANT,480,0
3333,54552 26 36,BOYS (STAIT) PANT,555,3
3334,54554 22 30,BOYS JOGGER,470,0
3335,54555 26 36,BOYS (CARGO) STRAIT,475,-1
3336,54556 22 30,BOYS (STAIT) PANT,515,0
3337,54557 22 30,BOYS (CARGO) STRAIT,425,0
3338,54558 22 30,BOYS (CARGO) PANT,520,0
3339,54559 22 30,BOYS (BLK) JOGGER,495,0
3340,54560 26 36,BOYS (CARGO) PANT,525,3
3341,54561 26 36,BOYS (CARGO) STRAIT,455,0
3342,54562 22 30,BOYS (CARGO) PANT,520,-15
3343,54563 26 36,BOYS (CARGO) PANT,565,0
3344,54564 22 30,BOYS (MICRO) PANT,300,5
3345,54565,BOYS (CARGO) STRAIT,485,0
3346,54566,BOYS (CARGO) STRAIT,465,0
3347,54568 26 30,BOYS PANT,375,0
3348,54569,BOYS (STAIT) PANT,580,0
3349,5457(511) 24 34,GIRLS SET,1430,42
3350,54570,BOYS (CARGO) STRAIT,590,21
3351,54571,BOYS (CARGO) STRAIT,470,3
3352,54572 26 36,BOYS (CARGO) STRAIT,535,15
3353,54573,BOYS (CARGO) STRAIT,515,0
3354,54574 26 30,BOYS (STAIT) PANT,515,-5
3355,54575 22 30,BOYS (STAIT) PANT,540,0
3356,54576,BOYS (CARGO) STRAIT,375,0
3357,54577 26 30,BOYS (STAIT) PANT,445,6
3358,54577 30,BOYS (R.F.D) PANT,555,0
3359,54578 26 30,BOYS (STAIT) PANT,480,0
3360,54578 30,BOYS (R.F.D) PANT,555,0
3361,54579 26 30,BOYS(BLACK) PANT,530,0
3362,5458(511) 24 34,GIRLS SET,1165,0
3363,54580 20 30,BOYS JOGGER,510,0
3364,54581 22 30,BOYS (CARGO) STRAIT,450,0
3365,54582 22 30,BOYS PANT,575,25
3366,54583  26 30,BOYS (CARGO) PANT,530,0
3367,54584 26 30,BOYS (CARGO) PANT,530,0
3368,54585 22 30,BOYS (CARGO) STRAIT,540,0
3369,54586 26 30,BOYS (STAIT) PANT,520,13
3370,54587 22 30,BOYS JOGGER,495,0
3371,54588 26 30,BOYS (STAIT) PANT,565,0
3372,54589 26 30,BOYS (CARGO) STRAIT,425,0
3373,5459(511) 18 28,GIRLS SET,1275,0
3374,5459(511) 30 40,GIRLS SET,1595,0
3375,54590 26 30,BOYS (CARGO) STRAIT,525,-5
3376,54591 26 30,BOYS (CARGO) STRAIT,525,5
3377,54592 22 30,BOYS (CARGO) STRAIT,450,5
3378,54593 22 30,BOYS (CARGO) STRAIT,450,0
3379,54594 22 30,BOYS (CARGO) STRAIT,450,0
3380,54595 26 30,BOYS (CARGO) STRAIT,450,0
3381,54596 22 30,BOYS (CARGO) STRAIT,435,0
3382,54597 22 30,BOYS (CARGO) STRAIT,450,0
3383,54598 22 30,BOYS (CARGO) STRAIT,530,0
3384,54599 26 30,BOYS (CARGO) PANT,565,0
3385,54600 22 30,BOYS PANT,440,0
3386,54601 26 30,BOYS (R.F.D) PANT,495,0
3387,54602 26 30,BOYS (CARGO) STRAIT,455,0
3388,54603 26 30,BOYS (R.F.D) PANT,445,2
3389,54604 26 36,BOYS (CARGO) STRAIT,500,2
3390,54605 26 36,BOYS (CARGO) STRAIT,535,0
3391,54606 26 36,BOYS (R.F.D) PANT,550,0
3392,54607 26 30,BOYS (CARGO) PANT,585,0
3393,54608 26 30,BOYS (CARGO) STRAIT,530,0
3394,54609 26 30,BOYS (CARGO) STRAIT,530,0
3395,54610 22 30,BOYS (STAIT) PANT,470,0
3396,54611 22 30,BOYS (CARGO) STRAIT,495,0
3397,54612 22 30,BOYS (CARGO) STRAIT,495,0
3398,54613 22 30,BOYS (CARGO) STRAIT,465,0
3399,54614 26 30,BOYS (STAIT) PANT,470,4
3400,54615 26 30,BOYS (CARGO) STRAIT,495,0
3401,54616 22 30,BOYS (CARGO) STRAIT,545,0
3402,54617 22 30,BOYS (STAIT) PANT,445,0
3403,54618 22 30,BOYS (CARGO) STRAIT,465,0
3404,54619 30,BOYS (CARGO) STRAIT,475,0
3405,54620 30,BOYS (STAIT) PANT,455,0
3406,54621 36,BOYS (CARGO) STRAIT,510,0
3407,54622 36,BOYS (STAIT) PANT,510,0
3408,54623 30,BOYS (R.F.D) PANT,555,0
3409,54624 30,BOYS (R.F.D) PANT,555,0
3410,54625 22 30,BOYS (CARGO) STRAIT,410,0
3411,54626 22 30,BOYS (CARGO) STRAIT,455,0
3412,54627 22 30,BOYS (CARGO) STRAIT,410,0
3413,54628 22 30,BOYS (CARGO) STRAIT,435,0
3414,54629 26 36,BOYS (R.F.D) PANT,540,3
3415,54630 22 30,BOYS (COTTON) PANT,505,-1
3416,54631 22 30,BOYS (STAIT) PANT,450,0
3417,54632 26 36,BOYS (CARGO) PANT,440,0
3418,54633 32 36,BOYS (CARGO) PANT,450,0
3419,54634 22 30,BOYS (CARGO) STRAIT,460,0
3420,54635 22 30,BOYS (CARGO) STRAIT,460,0
3421,54636 26 36,BOYS (CARGO) STRAIT,495,-6
3422,54637 26 30,BOYS (CARGO) STRAIT,480,1
3423,54638 22 30,BOYS (STAIT) PANT,550,0
3424,54639 26 36,BOYS (HALF LASTIC) PANT,505,0
3425,54640 26 36,BOYS (STAIT) PANT,415,0
3426,54641 22 30,BOYS (STAIT) PANT,395,25
3427,54642 26 30,BOYS (STAIT) PANT,465,-2
3428,54643 26 36,BOYS (CARGO) STRAIT,565,0
3429,54644 22 30,BOYS (CARGO) STRAIT,510,1
3430,54645 26 30,BOYS PANT,530,0
3431,54646 22 30,BOYS (STAIT) PANT,440,15
3432,54647 22 30,BOYS (STAIT) PANT,405,0
3433,54648 22 30,BOYS (STAIT) PANT,470,1
3434,54649 22 30,BOYS (CARGO) STRAIT,295,4
3435,54650 22 30,BOYS (CARGO) STRAIT,295,-9
3436,54651 22 30,BOYS (STAIT) PANT,425,0
3437,54652 26 36,BOYS (STAIT) PANT,470,0
3438,54653 26 30,BOYS (STAIT) PANT,530,0
3439,54654 26 36,BOYS (R.F.D) PANT,505,0
3440,54655 22 30,BOYS (STAIT) PANT,375,0
3441,54656 26 36,BOYS PANT,555,3
3442,54657 26 30,BOYS (R.F.D) PANT,495,0
3443,54658 26 30,BOYS (STAIT) PANT,505,9
3444,54659 22 30,BOYS (CARGO) STRAIT,510,0
3445,54660 20 24,BOYS (CARGO) PANT,495,0
3446,54661 22 30,BOYS(BLACK) PANT,395,0
3447,54662 26 30,BOYS (R.F.D) PANT,475,0
3448,54663 26 30,BOYS (R.F.D) PANT,425,-9
3449,54664 26 30,BOYS (STAIT) PANT,295,0
3450,54665 22 30,BOYS (CARGO) STRAIT,455,0
3451,54666 26 30,BOYS (CARGO) PANT,560,35
3452,54667 26 30,BOYS (R.F.D) PANT,485,50
3453,54668 26 30,BOYS (CARGO) STRAIT,525,0
3454,54669 26 30,BOYS (STAIT) PANT,405,3
3455,54670 22 30,BOYS (CARGO) PANT,445,1
3456,54671 24 30,BOYS (CARGO) PANT,445,3
3457,54672 22 30,BOYS (CARGO) STRAIT,475,0
3458,54673 30,BOYS (CARGO) PANT,555,0
3459,54674 30,BOYS (CARGO) PANT,555,0
3460,54675 26 36,BOYS PANT,435,0
3461,54676 22 30,BOYS WHITE PANT,490,0
3462,54677 22 30,BOYS (R.F.D) PANT,405,0
3463,54678 22 30,BOYS (R.F.D) PANT,560,0
3464,54679 22 30,BOYS (R.F.D) PANT,535,0
3465,54680 22 30,BOYS (STAIT) PANT,555,5
3466,54681 22 30,BOYS PANT,435,0
3467,54682 22 30,BOYS PANT,425,5
3468,54683 26 36,BOYS (R.F.D) PANT,425,0
3469,54684 26 36,BOYS (R.F.D) PANT,445,0
3470,54685 26 36,BOYS (CARGO) STRAIT,525,0
3471,54686 26 36,BOYS (STAIT) PANT,525,0
3472,54687 26 36,BOYS (R.F.D) PANT,525,0
3473,54688 26 36,BOYS (STAIT) PANT,505,27
3474,54689 22 30,BOYS (STAIT) PANT,545,0
3475,54690 22 30,BOYS (STAIT) PANT,470,0
3476,54691 22 30,BOYS JOGGER,380,0
3477,54692 22 30,BOYS (STAIT) PANT,445,0
3478,54693 26 36,BOYS (R.F.D) JOGGER,520,39
3479,54694 26 30,BOYS (R.F.D) JOGGER,505,0
3480,54695 22 30,BOYS (R.F.D) PANT,470,0
3481,54696 26 36,BOYS (CARGO) STRAIT,455,0
3482,54697 26 30,BOYS PANT,360,0
3483,54698 26 36,BOYS (CARGO) STRAIT,525,0
3484,54699 26 36,BOYS (CARGO) STRAIT,520,0
3485,5470(511) 30 40,GIRLS SET,1410,0
3486,54700 22 30,BOYS PANT,565,0
3487,54701 26 36,BOYS (CARGO) STRAIT,505,0
3488,54702 26 36,BOYS (CARGO) STRAIT,505,0
3489,54703 22 30,BOYS (CARGO) STRAIT,470,0
3490,54704 22 30,BOYS (DNAM) PANT,410,0
3491,54705 26 36,BOYS (CARGO) PANT,505,0
3492,54706 26 36,BOYS (CARGO) STRAIT,520,0
3493,54707 22 30,BOYS (CARGO) STRAIT,445,0
3494,54708 26 36,BOYS (R.F.D) PANT,565,0
3495,54709 26 36,BOYS (CARGO) STRAIT,425,0
3496,5471(511) 24 34,GIRLS SET,1165,0
3497,54710 26 36,BOYS (CARGO) STRAIT,490,0
3498,54711 22 30,BOYS (CARGO) STRAIT,460,0
3499,54712 26 36,BOYS (CARGO) STRAIT,530,6
3500,54713 26 36,BOYS (CARGO) STRAIT,480,11
3501,54714 26 36,BOYS (STAIT) PANT,465,42
3502,54715 22 30,BOYS (STAIT) PANT,610,0
3503,54716 22 30,BOYS (STAIT) PANT,605,0
3504,54717 22 30,BOYS (STAIT) PANT,550,0
3505,54718 22 30,BOYS (STAIT) PANT,550,0
3506,54719 22 30,BOYS JOGGER,430,30
3507,54720 22 30,BOYS (CARGO) STRAIT,450,0
3508,54721 22 30,BOYS (CARGO) STRAIT,530,37
3509,54722 22 30,BOYS (CARGO) STRAIT,505,0
3510,54723 24 30,BOYS (CARGO) STRAIT,445,0
3511,54724 24 30,BOYS (STAIT) PANT,415,0
3512,54725 24 30,BOYS (STAIT) PANT,415,1
3513,54726 26 36,BOYS (R.F.D) PANT,550,0
3514,54727 22 30,BOYS (CARGO) STRAIT,590,0
3515,54728 22 30,BOYS (STAIT) PANT,565,0
3516,54729 22 30,BOYS (CARGO) STRAIT,495,0
3517,54730 22 30,BOYS (CARGO) STRAIT,390,0
3518,54731 22 30,BOYS (CARGO) PANT,360,38
3519,54732 20 24,BOYS (DNAM) PANT,520,0
3520,54733 22 30,BOYS (STAIT) PANT,265,75
3521,54734 22 30,BOYS (STAIT) PANT,265,75
3522,54735 22 30,BOYS (CARGO) STRAIT,395,0
3523,54736 26 30,BOYS (CARGO) STRAIT,495,0
3524,54737 22 30,BOYS (STAIT) PANT,565,0
3525,54738 22 30,BOYS (CARGO) STRAIT,550,0
3526,54739 24 30,BOYS (STAIT) PANT,555,0
3527,54740 22 30,BOYS (STAIT) PANT,410,0
3528,54741 22 30,BOYS (CARGO) STRAIT,440,0
3529,54742 26 30,BOYS (CARGO) STRAIT,560,0
3530,54743 24 30,BOYS (DNAM) PANT,315,5
3531,54744 26 30,BOYS (STAIT) PANT,480,0
3532,54745 26 30,BOYS (STAIT) PANT,525,0
3533,54746 22 30,BOYS (STAIT) PANT,545,0
3534,54747 22 30,BOYS (STAIT) PANT,545,0
3535,54748 22 30,BOYS (CARGO) STRAIT,515,0
3536,54749 22 30,BOYS (CARGO) STRAIT,515,0
3537,54750 22 30,BOYS (STAIT) PANT,540,0
3538,54751 26 36,BOYS (STAIT) PANT,425,0
3539,54752 22 30,BOYS (STAIT) PANT,520,0
3540,54753 22 30,BOYS (STAIT) PANT,425,0
3541,54754 26 30,BOYS(BLACK) PANT,475,18
3542,54755 22 30,BOYS (CARGO) STRAIT,540,0
3543,54756 26 30,BOYS (DNAM) PANT,585,0
3544,54757 26 30,BOYS (R.F.D) PANT,525,0
3545,54758 22 30,BOYS (R.F.D) PANT,455,0
3546,54759 26 30,BOYS (STAIT) PANT,415,0
3547,54760 22 30,BOYS (STAIT) PANT,480,0
3548,54761 22 30,BOYS(BLACK) PANT,510,0
3549,54762 22 30,BOYS (STAIT) PANT,530,0
3550,54763 26 30,BOYS (STAIT) PANT,455,0
3551,54764 22 30,BOYS (CARGO) STRAIT,445,0
3552,54765 30,BOYS (R.F.D) PANT,550,0
3553,54766 30,BOYS (R.F.D) PANT,550,17
3554,54767 22 30,BOYS (R.F.D) PANT,520,0
3555,54768 22 30,BOYS (DNAM) PANT,545,0
3556,54769 20 30,BOYS (STAIT) PANT,540,6
3557,54770 20 30,BOYS (STAIT) PANT,540,1
3558,54771 22 30,BOYS (R.F.D) PANT,495,0
3559,54772 22 30,BOYS (STAIT) PANT,530,0
3560,54773 22 30,BOYS (STAIT) PANT,395,0
3561,54774 22 30,BOYS (R.F.D) PANT,0,0
3562,54775 24 30,BOYS (R.F.D) PANT,0,0
3563,54776 30,BOYS (STAIT) PANT,515,0
3564,54777 22 30,BOYS (CARGO) STRAIT,455,0
3565,54778 24 30,BOYS (STAIT) PANT,405,10
3566,54779 22 30,BOYS (STAIT) PANT,560,0
3567,54780 24 30,BOYS (STAIT) PANT,560,0
3568,54781 24 30,BOYS (STAIT) PANT,485,0
3569,54782 22 30,BOYS WHITE PANT,505,30
3570,54783 22 30,BOYS (STAIT) PANT,280,0
3571,54784 22 30,BOYS (STAIT) PANT,280,0
3572,54785 22 30,BOYS(BLACK) PANT,440,15
3573,54786 22 30,BOYS (R.F.D) PANT,415,0
3574,54787 22 30,BOYS (STAIT) PANT,485,0
3575,54788 22 30,BOYS (STAIT) PANT,555,0
3576,54789 24 30,BOYS (STAIT) PANT,510,1
3577,54790 24 30,BOYS (STAIT) PANT,545,0
3578,54791 22 30,BOYS (STAIT) PANT,470,0
3579,54792 22 30,BOYS (STAIT) PANT,495,0
3580,54793 22 30,BOYS (STAIT) PANT,515,0
3581,54794 22 30,BOYS(BLACK) PANT,430,0
3582,54795 22 30,BOYS (STAIT) PANT,370,0
3583,54796 24 30,BOYS (R.F.D) PANT,435,0
3584,54797 22 30,BOYS (STAIT) PANT,455,0
3585,54798 20 30,BOYS (STAIT) PANT,545,0
3586,54799 24 30,BOYS (STAIT) PANT,545,0
3587,54800 26 36,BOYS (STAIT) PANT,645,0
3588,54801 22 30,BOYS (R.F.D) PANT,560,0
3589,54802 22 30,BOYS (CARGO) STRAIT,530,0
3590,54803 22 30,BOYS (R.F.D) PANT,505,0
3591,54804 24 30,BOYS (STAIT) PANT,560,0
3592,54805 22 30,BOYS (CARGO) STRAIT,480,0
3593,54806 30,BOYS (STAIT) PANT,530,0
3594,54807 22 30,BOYS (STAIT) PANT,530,-1
3595,54807 30,BOYS (STAIT) PANT,530,2
3596,54808 26 36,BOYS (R.F.D) PANT,505,5
3597,54809 22 30,BOYS (STAIT) PANT,530,0
3598,54810 22 30,BOYS (STAIT) PANT,530,0
3599,54811 22 30,BOYS (STAIT) PANT,480,2
3600,54812 22 30,BOYS (STAIT) PANT,0,0
3601,54813 26 30,BOYS (STAIT) PANT,410,0
3602,54814 22 30,BOYS (R.F.D) PANT,450,25
3603,54815 22 30,BOYS (R.F.D) PANT,375,0
3604,54816 22 30,BOYS RFD STAIT,435,0
3605,54817 26 30,BOYS RFD STAIT,410,11
3606,54818 22 30,BOYS (CARGO) STRAIT,425,0
3607,54819 24 30,BOYS RFD STAIT,550,0
3608,54820 22 30,BOYS(BLACK) PANT,445,0
3609,54821 22 30,BOYS WHITE PANT,475,5
3610,54822 22 30,BOYS (STAIT) PANT,315,0
3611,54823 22 30,BOYS (STAIT) PANT,315,0
3612,54824 22 30,BOYS (STAIT) PANT,560,0
3613,54825 22 30,BOYS RFD STAIT,470,0
3614,54826 22 30,BOYS RFD STAIT,485,8
3615,54827 22 30,BOYS (STAIT) PANT,315,0
3616,54828 22 30,BOYS (STAIT) PANT,315,0
3617,54829 22 30,BOYS (STAIT) PANT,315,0
3618,54830 22 30,BOYS RFD STAIT,510,10
3619,54831 24 30,BOYS (STAIT) PANT,505,0
3620,54832 24 30,BOYS (STAIT) PANT,505,0
3621,54833 22 30,BOYS (STAIT) PANT,490,5
3622,54834 26 30,BOYS (STAIT) PANT,490,0
3623,54835 22 30,BOYS (R.F.D) PANT,550,10
3624,54836 22 30,BOYS (STAIT) PANT,490,5
3625,54837 22 30,BOYS (STAIT) PANT,520,0
3626,54838 26 30,BOYS(BLACK) PANT,435,1
3627,54839 26 30,BOYS(BLACK) PANT,435,0
3628,54840 26 30,BOYS(BLACK) PANT,485,20
3629,54841 22 30,BOYS (BLK) JOGGER,445,0
3630,54842 22 30,BOYS (STAIT) PANT,405,0
3631,54843 22 30,BOYS (STAIT) PANT,570,0
3632,54844 22 30,BOYS (STAIT) PANT,570,0
3633,54845 24 30,BOYS (STAIT) PANT,565,0
3634,54846 22 30,BOYS(BLACK) PANT,425,20
3635,54847 22 30,BOYS (R.F.D) PANT,525,0
3636,54848 22 30,BOYS RFD STAIT,440,35
3637,54849 22 30,BOYS (STAIT) PANT,510,0
3638,54850 22 30,BOYS (CARGO) STRAIT,445,0
3639,54851 22 30,BOYS (STAIT) PANT,570,0
3640,54852 22 30,BOYS BALL BOTTAM PANT,505,25
3641,54853 24 32,BOYS PANT,605,55
3642,54854 22 30,BOYS (STAIT) PANT,495,5
3643,54855 22 30,BOYS (DNAM) PANT,375,0
3644,54856 22 30,BOYS(BLACK) PANT,445,0
3645,54857 22 30,BOYS(BLACK) PANT,480,2
3646,54858 22 30,BOYS (STAIT) PANT,475,20
3647,54859 24 30,BOYS (STAIT) PANT,495,0
3648,54860 24 30,BOYS (STAIT) PANT,520,60
3649,54861 26 30,BOYS (COTTON) PANT,530,29
3650,54862 22 30,BOYS (STAIT) PANT,375,40
3651,54863 24 30,BOYS (STAIT) PANT,560,0
3652,54864 22 30,BOYS (STAIT) PANT,560,0
3653,54865 22 30,BOYS (STAIT) PANT,360,344
3654,54866 22 30,BOYS (STAIT) PANT,470,12
3655,54867 22 30,BOYS (STAIT) PANT,495,9
3656,54868 22 30,BOYS (CARGO) STRAIT,480,15
3657,54869 22 30,BOYS (CARGO) STRAIT,480,10
3658,54870 22 30,BOYS RFD STAIT,505,2
3659,54871 22 30,BOYS (STAIT) PANT,545,0
3660,54872 24 30,BOYS (STAIT) PANT,445,46
3661,54873 22 30,BOYS (STAIT) PANT,315,62
3662,54874 22 30,BOYS (STAIT) PANT,305,10
3663,54875 22 30,BOYS (STAIT) PANT,305,10
3664,54876 22 30,BOYS (STAIT) PANT,305,10
3665,54877 30,BOYS (STAIT) PANT,540,21
3666,54878 30,BOYS (STAIT) PANT,540,13
3667,54879 26 30,BOYS (STAIT) PANT,510,0
3668,54880 26 30,BOYS (STAIT) PANT,580,0
3669,54881 26 36,BOYS (STAIT) PANT,565,0
3670,54882 26 30,BOYS (STAIT) PANT,575,15
3671,54883 26 30,BOYS (STAIT) PANT,565,24
3672,54884 24 30,BOYS (STAIT) PANT,480,0
3673,54885 28 36,BOYS  BAGGY JEANS,510,-5
3674,54886 28 36,BOYS  BAGGY JEANS,485,5
3675,54887 28 36,BOYS  BAGGY JEANS,515,0
3676,54888 28 36,BOYS (STAIT) PANT,0,0
3677,54889 28 36,BOYS (STAIT) PANT,0,0
3678,54890 22 30,BOYS (STAIT) PANT,560,5
3679,54891 26 30,BOYS (STAIT) PANT,530,0
3680,54892 26 30,BOYS (STAIT) PANT,535,20
3681,54893 30,BOYS (STAIT) PANT,580,24
3682,54894 22 30,BOYS (STAIT) PANT,475,0
3683,54895 24 30,BOYS (STAIT) PANT,535,0
3684,54896 22 30,BOYS (STAIT) PANT,495,0
3685,54897 26 36,BOYS (STAIT) PANT,585,0
3686,54898 26 36,BOYS (STAIT) PANT,585,42
3687,54899 26 30,BOYS (STAIT) PANT,390,0
3688,54900 22 30,BOYS (STAIT) PANT,440,80
3689,54901 26 30,BOYS (STAIT) PANT,515,0
3690,54902 26 30,BOYS (STAIT) PANT,0,0
3691,54903 26 30,BOYS PANT,570,0
3692,54904 22 30,BOYS (STAIT) PANT,535,5
3693,54905 22 30,BOYS (STAIT) PANT,440,0
3694,54906 22 30,BOYS (STAIT) PANT,565,10
3695,54907 22 30,BOYS (STAIT) PANT,380,25
3696,54908 22 30,BOYS (STAIT) PANT,325,35
3697,54909 22 30,BOYS (STAIT) PANT,325,9
3698,54910 22 30,BOYS (STAIT) PANT,325,25
3699,54911 22 30,BOYS WIDE LEG PANT,445,13
3700,54912 22 30,BOYS (STAIT) PANT,330,52
3701,54913 22 30,BOYS(BLACK) PANT,415,25
3702,54914 26 30,BOYS (DNAM) PANT,380,0
3703,54915 22 30,BOYS (STAIT) PANT,535,33
3704,54916 22 30,BOYS (STAIT) PANT,570,77
3705,54917 22 30,BOYS (STAIT) PANT,480,61
3706,54918 22 30,BOYS(BLACK) PANT,455,35
3707,54919 22 30,BOYS (STAIT) PANT,495,56
3708,5492(511) 18 28,GIRLS SET,1115,0
3709,54920 24 30,BOYS (STAIT) PANT,410,56
3710,54921 22 30,BOYS PANT,0,0
3711,54922 24 30,BOYS (STAIT) PANT,505,45
3712,54923 22 30,BOYS (STAIT) PANT,0,0
3713,54924 22 30,BOYS (STAIT) PANT,0,0
3714,54925 22 30,BOYS (STAIT) PANT,0,0
3715,5499(511) 30 40,GIRLS SET,1475,0
3716,5549(511) 16 22,GIRLS SET,875,20
3717,5551(511) 16 22,GIRLS SET,945,4
3718,5552(511) 16 22,GIRLS SET,900,12
3719,5553(511) 16 22,GIRLS SET,820,0
3720,5554(511) 16 22,GIRLS SET,900,0
3721,5555(511) 16 22,GIRLS SET,875,8
3722,5556(511) 16 22,GIRLS SET,980,16
3723,5559(511) 16 22,GIRLS SET,945,8
3724,557 M-2XL,CORD SET (L),690,14
3725,559 M-2XL,CORD SET (L),620,4
3726,56 (MB) 12 14,FROCK (A),530,0
3727,5606(511) 16 22,GIRLS SET,890,16
3728,568(597) 16 26,GIRLS SET,699,0
3729,56801 M 2XL,BLAZER,685,24
3730,57645 26 30,BOYS PANT,0,0
3731,57692 22 30,BOYS (SULPHER) PANT,0,0
3732,58202 L 2XL,LOWER,330,0
3733,58205 L 2XL,LOWER,335,-2
3734,58207 L 2XL,LOWER,335,1
3735,58208 L 2XL,LOWER,360,0
3736,58210 L 2XL,LOWER,360,0
3737,58214 L 2XL,LOWER,355,0
3738,58215 L 2XL,LOWER,360,0
3739,58217 L 2XL,LOWER,355,0
3740,58221 L 2XL,LOWER,350,0
3741,58222 L 2XL,LOWER,360,0
3742,58223 L 2XL,LOWER,355,0
3743,58224 L 2XL,LOWER,370,0
3744,58225 L 2XL,LOWER,370,0
3745,58226 L 2XL,LOWER,370,0
3746,58227 L XL 2XL,LOWER,0,0
3747,58228 L XL 2XL,LOWER,460,0
3748,58229 L XL 2XL,LOWER,0,0
3749,58230 L,LOWER,0,0
3750,58230 L-XL-XXL,LOWER,470,0
3751,58230 XL,LOWER,0,0
3752,58231 L,LOWER,460,0
3753,58231 L-XL-XXL,LOWER,460,-1
3754,58231 XL,LOWER,460,0
3755,58232 28 34,LADIES (CARGO) STRAIT,385,0
3756,58233 L 2XL,LOWER,405,0
3757,58234 L 2XL,LOWER,415,0
3758,58235 L 2XL,LOWER,380,9
3759,58236 L 2XL,LOWER,370,18
3760,58237 L 2XL,LOWER,350,36
3761,583 ( 511) 16 22,GIRLS SET,700,0
3762,583 ( 511) 24 34,GIRLS SET,770,6
3763,583(84) 20 30,GIRLS SET,1060,0
3764,59(MB) 12 14,FROCK (A),475,0
3765,59501 XL XXL,TRACK SUIT,650,0
3766,59502 XL XXL,TRACK SUIT,650,0
3767,59503 XL XXL,TRACK SUIT,650,0
3768,59504 XL XXL,TRACK SUIT,750,0
3769,59505 XL XXL,TRACK SUIT,750,0
3770,59506 XL XXL,TRACK SUIT,0,0
3771,59507 XL XXL,TRACK SUIT,645,0
3772,59508 XL XXL,TRACK SUIT,645,0
3773,59509 XL XXL,TRACK SUIT,645,0
3774,598001 2 10,BABA SUIT,610,0
3775,598002 2 10,BABA SUIT,790,0
3776,59803 2 10,BABA SUIT,830,0
3777,59804 2 10,BABA SUIT,710,0
3778,59805 1 10,BABA SUIT,790,0
3779,59806 2 10,BABA SUIT,630,0
3780,59807 2 10,BABA SUIT,816,0
3781,59808 2 10,"BOY,S INDO WESTERN",745,0
3782,59809 2 10,"BOY,S INDO WESTERN",625,0
3783,60(MB) 12 14,FROCK (A),490,0
3784,600(511) 24 34,GIRLS SET,995,0
3785,6001(84) 20 30,GIRLS SET,1105,12
3786,6001(84) 32 40,GIRLS SET,1425,0
3787,6002(84) 20 30,GIRLS SET,1290,12
3788,6003(84) 20 30,GIRLS SET,1095,0
3789,6004(84) 20 30,GIRLS SET,1125,12
3790,6005(84) 20 30,GIRLS SET,1140,12
3791,6006 18 22,BOYS (BLK) JOGGER,360,0
3792,6006(84) 20 30,GIRLS SET,1245,18
3793,6006(84) 32 40,GIRLS SET,1425,15
3794,6007(84) 20 30,GIRLS SET,1315,11
3795,6007(84) 32 40,GIRLS SET,1405,10
3796,6008 18 22,BOYS (R.F.D) PANT,445,3
3797,6014 18 24,BOYS PANT,335,1
3798,602(511) 20 30,GIRLS SET,755,0
3799,6021 16 22,BOYS (DNAM) PANT,440,0
3800,6022 18 24,BOYS PANT,395,0
3801,6023 18 24,BOYS PANT,415,0
3802,6024 18 24,BOYS PANT,355,0
3803,6026 18 24,BOYS PANT,430,0
3804,6027 18 24,BOYS PANT,450,0
3805,6030 18 24,BOYS PANT,405,0
3806,6031 16 20,BOYS PANT,415,0
3807,6032 16 20,BOYS PANT,375,0
3808,6033 18 26,BOYS (R.F.D) JOGGER,510,0
3809,6034 18 26,BOYS (BLK) JOGGER,485,0
3810,6035 18 22,BOYS (R.F.D) JOGGER,360,0
3811,6036 18 22,BOYS (R.F.D) JOGGER,380,0
3812,6038 18 24,BOYS (CARGO) PANT,415,0
3813,6039 18 24,BOYS (CARGO) STRAIT,410,0
3814,6040 18 26,BOYS (R.F.D) PANT,485,0
3815,6041 18 24,BOYS (R.F.D) PANT,475,0
3816,6042 18 24,BOYS (CARGO) PANT,460,8
3817,6043 16 20,BOYS (CARGO) PANT,275,0
3818,6044 16 20,BOYS (CARGO) PANT,275,0
3819,6045 18 24,BOYS(BLACK) PANT,360,0
3820,6046 18 22,BOYS (STAIT) PANT,440,0
3821,6047 18 22,BOYS (R.F.D) PANT,580,0
3822,6048 18 22,BOYS (R.F.D) PANT,515,0
3823,6049 18 24,BOYS (STAIT) PANT,445,0
3824,605(2005) 24 34,GIRLS SET,995,0
3825,6050 18 24,BOYS (CARGO) STRAIT,445,0
3826,6051 18 24,BOYS (STAIT) PANT,440,0
3827,6052 18 24,BOYS (CARGO) STRAIT,445,0
3828,6053 18 26,BOYS (DNAM) PANT,540,0
3829,6054 18 22,BOYS (STAIT) PANT,485,0
3830,6055 18 22,BOYS (STAIT) PANT,520,0
3831,6056 18 22,BOYS (CARGO) STRAIT,425,0
3832,6057 18 22,BOYS (CARGO) STRAIT,465,0
3833,6058 18 22,BOYS RFD STAIT,515,51
3834,6059 18 22,BOYS (CARGO) STRAIT,450,0
3835,606(511) 24 34,GIRLS SET,895,6
3836,6060 18 22,BOYS (CARGO) STRAIT,450,0
3837,6061 16 20,BOYS (STAIT) PANT,470,9
3838,6062 18 22,BOYS (STAIT) PANT,425,12
3839,6063 18 22,BOYS (STAIT) PANT,460,0
3840,6064 16 20,BOYS (STAIT) PANT,450,-1
3841,6065 18 22,BOYS (STAIT) PANT,495,63
3842,6066 18 22,BOYS (STAIT) PANT,425,6
3843,6067 18 26,BOYS  BAGGY JEANS,475,0
3844,6068 18 26,BOYS  BAGGY JEANS,440,0
3845,6069 18 26,BOYS  BAGGY JEANS,485,0
3846,6070 18 26,BOYS (STAIT) PANT,0,0
3847,6071 18 26,BOYS (STAIT) PANT,0,0
3848,6072 16 24,BOYS PANT,515,0
3849,6073 18 22,BOYS PANT,0,0
3850,611(511) 20 30,GIRLS SET,799,0
3851,6110 L,LOWER,235,-2
3852,6110 XL,LOWER,235,2
3853,6110 XXL,LOWER,205,0
3854,6111 L,LOWER,195,-1
3855,6111 XL,LOWER,235,0
3856,6111 XXL,LOWER,235,0
3857,6112 L,LOWER,195,4
3858,6112 XL,LOWER,200,6
3859,6112 XXL,LOWER,235,-2
3860,613(511) 24 34,GIRLS SET,875,0
3861,614(511) 20 30,GIRLS SET,799,6
3862,615 10 16,BOYS SHIRTS,280,24
3863,615(511) 24 34,GIRLS SET,875,0
3864,62 (MB) 12 14,FROCK (A),499,0
3865,623(633) 24 34,GIRLS SET,1675,6
3866,623(633) 36 40,GIRLS SET,1775,0
3867,62501 26 36,CORD SET,335,0
3868,62502 32 40,CORD SET,365,-5
3869,62503 24 36,CORD SET,540,14
3870,62504 24 36,CORD SET,540,42
3871,62505 24 36,CORD SET,540,63
3872,62506 32 40,CORD SET,365,0
3873,62507 24 36,CORD SET,550,7
3874,62508 24 36,TOP,185,42
3875,62509 32 40,TOP,0,0
3876,62510 26 36,CORD SET,335,0
3877,62511 24 36,TOP,185,0
3878,62512 26 36,CORD SET,325,-12
3879,62513 32 40,CORD SET,365,-5
3880,62514 24 36,CORD SET,540,70
3881,62515 24 36,CORD SET,560,13
3882,62516 24 36,TOP,235,84
3883,62517 24 36,CORD SET,545,41
3884,62518 24 36,CORD SET,345,161
3885,62519 26 36,CORD SET,370,0
3886,62520 26 36,CORD SET,375,0
3887,62521 24 36,TOP,180,0
3888,62522 26 36,CORD SET,0,0
3889,62523 26 36,CORD SET,360,18
3890,62524 24 36,CORD SET,390,0
3891,62525 24 36,CORD SET,405,-1
3892,62526 24 36,CORD SET,405,0
3893,62527 24 36,CORD SET,375,0
3894,62528 24 36,CORD SET,360,7
3895,62529 24 36,CORD SET,375,0
3896,62530 26 36,TOP,180,42
3897,62531 26 36,GIRLS NICKER,180,138
3898,62532 22 30,CORD SET,355,23
3899,62532 32 36,CORD SET,375,33
3900,62533 24 36,TOP,180,35
3901,62534 24 36,CORD SET,365,84
3902,62535 24 36,TOP,200,111
3903,62536 26 36,CORD SET,355,24
3904,62537 22 30,PAJAMA,205,35
3905,62538 32 40,PAJAMA,235,5
3906,62539 26 36,PAJAMA,220,108
3907,62540 20 30,PAJAMA,245,54
3908,62541 32 36,PAJAMA,260,63
3909,62542 22 30,CORD SET,355,45
3910,62543 32 36,CORD SET,375,15
3911,62544 22 30,CORD SET,375,5
3912,62545 32 36,CORD SET,395,3
3913,62546 26 36,CORD SET,435,18
3914,62547 32 40,CORD SET,375,60
3915,62548 26 36,CORD SET,0,0
3916,62549 26 36,CORD SET,415,48
3917,62550 26 36,CORD SET,445,42
3918,627 (633N) 22 28,AFGANI SET,1015,0
3919,627 (633N) 30 40,AFGANI SET,1180,0
3920,629 (MMM) 12 14       [620442],GIRLS SET (A),515,0
3921,63 (MB) 12 14,FROCK (A),475,0
3922,633(511) 24 34,GIRLS SET,835,12
3923,636(511) 24 34,GIRLS SET,915,6
3924,63668 32 40,BOYS (EL D) PANT,300,15
3925,637 (94379)  30 40,GIRLS SET,1255,0
3926,637 (94379) 22 28,GIRLS SET,1095,0
3927,64 (MB) 12 14,FROCK (A),475,0
3928,641(94381) 22 28,GIRLS SET,1115,0
3929,641(94381) 30 40,GIRLS SET,1275,0
3930,64145 32 40,BOYS (DNAM) PANT,250,9
3931,64208 32 40,BOYS (DNAM) PANT,250,10
3932,644 (633N) 22 28,GIRLS SET,1195,0
3933,644 (633N) 30 40,GIRLS SET,1355,6
3934,64583 32 40,BOYS (DNAM) PANT,250,20
3935,646(633) 24 34,GIRLS SET,1595,0
3936,646(633) 36 40,GIRLS SET,1695,3
3937,64655 32 40,BOYS (MICRO) PANT,495,5
3938,648 (633N) 20 30,PLAZO SET,1215,6
3939,64811 32 40,BOYS (MICRO) PANT,250,40
3940,64812 32 40,BOYS (MICRO) PANT,340,50
3941,649 (633N) 20 30,LAHANGA CHOLI,1375,0
3942,65 (MB) 12 14,FROCK (A),520,0
3943,651 (MMM) 12 14    [620442],GIRLS SET (A),510,0
3944,65143 32 40,BOYS (EL D) PANT,330,0
3945,65162 32 40,BOYS (DNAM) PANT,425,14
3946,65188 32 40,BOYS (R.F.D) PANT,490,12
3947,653 (633N) 22 28,DHOTI SET,1115,0
3948,653 (633N) 30 40,DHOTI SET,1275,6
3949,65320 32 40,BOYS (R.F.D) PANT,490,-15
3950,65394 36 40,BOYS PANT,475,25
3951,654 (MMM) 12 14     [620442],GIRLS SET (A),460,0
3952,65526 32 40,BOYS PANT,525,30
3953,65571 32 40,BOYS (DNAM) PANT,445,1
3954,65595 32 40,BOYS (DNAM) PANT,485,-3
3955,656(633) 22 28,GIRLS SET,1195,0
3956,656(633) 30 40,GIRLS SET,1355,0
3957,65624 32 40,BOYS (R.F.D) PANT,410,1
3958,65626 32 40,BOYS (R.F.D) PANT,300,15
3959,65657 32 40,BOYS (R.F.D) PANT,485,4
3960,657(511) 24 34,GIRLS SET,825,12
3961,657(633) 30 40,GIRLS SET,1355,0
3962,65735 32 40,BOYS PANT,0,0
3963,65749 32 40,BOYS (VELVET)  PANT,395,9
3964,65758 32 40,BOYS (R.F.D) PANT,435,5
3965,65787 32 40,BOYS (DNAM) PANT,355,2
3966,65808 32 40,BOYS (R.F.D) PANT,660,5
3967,65888 32 40,BOYS (DNAM) PANT,400,9
3968,65963 32 40,BOYS (R.F.D) PANT,380,2
3969,660(511) 34 40,GIRLS SET,1110,4
3970,66050 32 40,BOYS (R.F.D) PANT,385,5
3971,66088 32 40,BOYS PANT,385,1
3972,66095 32 40,BOYS (DNAM) PANT,360,2
3973,661(511) 34 40,GIRLS (STRAIT) PANT,1110,4
3974,66115 32 40,BOYS (DNAM) PANT,495,-2
3975,66118 32 36,BOYS (CARGO) PANT,310,0
3976,66119 32 36,BOYS (CARGO) PANT,290,0
3977,66137 32 40,BOYS(WHITE)PANT,380,-1
3978,66146 32 40,BOYS (DNAM) PANT,330,1
3979,66155 32 40,BOYS (R.F.D) PANT,355,19
3980,66162 32 40,BOYS (CARGO) PANT,435,6
3981,66167 32 40,BOYS (R.F.D) PANT,425,0
3982,66178 32 40,BOYS (CARGO) PANT,545,20
3983,66179 32 40,BOYS (R.F.D) PANT,405,2
3984,66196 32 40,BOYS (R.F.D) PANT,425,1
3985,66206 32 40,BOYS (R.F.D) PANT,455,1
3986,66215 32 40,BOYS (DNAM) PANT,475,15
3987,66217 32 40,BOYS (R.F.D) PANT,485,4
3988,66223 32 40,BOYS (R.F.D) PANT,585,0
3989,66233 32 40,BOYS (DNAM) PANT,505,20
3990,66251 32 40,BOYS PANT,365,1
3991,66261 32 40,BOYS (R.F.D) PANT,530,7
3992,66266 32 40,BOYS (DNAM) PANT,460,3
3993,66307 32 36,BOYS (R.F.D) PANT,430,-3
3994,66322 32 40,BOYS (R.F.D) JOGGER,505,1
3995,66333 32 40,BOYS (R.F.D) PANT,410,0
3996,66348 32 40,BOYS JOGGER,425,0
3997,66360 32 40,BOYS (R.F.D) PANT,375,0
3998,66368 32 40,BOYS (R.F.D) JOGGER,505,1
3999,66372 32 40,BOYS (R.F.D) JOGGER,505,-1
4000,66383 32 40,BOYS (R.F.D) PANT,410,5
4001,66413 32 40,BOYS (R.F.D) PANT,480,4
4002,66416 32 40,BOYS (R.F.D) PANT,555,5
4003,66420 32 40,BOYS (R.F.D) JOGGER,575,0
4004,66421 32 40,BOYS (R.F.D) PANT,595,0
4005,66444 32 40,BOYS (SULPHER) PANT,640,1
4006,66478 32 40,BOYS (COTTON) PANT,545,-1
4007,66492 32 36,BOYS (R.F.D) JOGGER,405,0
4008,66493 32 36,BOYS (R.F.D) JOGGER,405,0
4009,66503 32 40,BOYS (R.F.D) PANT,460,20
4010,66504 32 40,BOYS (R.F.D) PANT,460,20
4011,66506 32 40,BOYS (CARGO) PANT,555,25
4012,66533 32 40,BOYS (DNAM) PANT,505,-1
4013,66558 32 40,BOYS (R.F.D) JOGGER,560,1
4014,66574 34 42,BOYS (HALF LASTIC) PANT,585,10
4015,66578 32 40,BOYS (HALF LASTIC) PANT,585,2
4016,66580 32 40,BOYS (R.F.D) PANT,595,10
4017,66592 32 40,BOYS (LYCRA) PANT,545,0
4018,66595 32 40,BOYS (R.F.D) JOGGER,580,0
4019,66599 32 40,BOYS (CARGO) PANT,550,20
4020,66601 34 42,BOYS (R.F.D) PANT,620,-3
4021,66606 32 40,BOYS JOGGER,610,1
4022,66608 32 40,BOYS (R.F.D) PANT,520,1
4023,66612 32 40,BOYS JOGGER,605,1
4024,66613 32 40,BOYS JOGGER,585,1
4025,66614 32 40,BOYS (R.F.D) JOGGER,605,-11
4026,66615 32 40,BOYS PANT,455,30
4027,66616 32 40,BOYS (R.F.D) JOGGER,395,3
4028,66617 32 40,BOYS (R.F.D) JOGGER,505,3
4029,66618 32 40,BOYS (R.F.D) JOGGER,505,4
4030,66619 32 40,BOYS (R.F.D) PANT,415,6
4031,66620 32 40,BOYS JOGGER,665,4
4032,66622 32 40,BOYS (R.F.D) JOGGER,585,6
4033,66623 32 40,BOYS (R.F.D) PANT,505,24
4034,66624 32 40,BOYS (R.F.D) PANT,460,62
4035,66625 32 40,BOYS (R.F.D) PANT,505,15
4036,66626 32 40,BOYS (R.F.D) JOGGER,550,0
4037,66628 32 40,BOYS (R.F.D) PANT,520,-2
4038,66629 32 40,BOYS (HALF LASTIC) PANT,455,0
4039,66630 32 40,BOYS (HALF LASTIC) PANT,455,0
4040,66634 32 40,BOYS JOGGER,585,14
4041,66635 32 40,BOYS JOGGER,585,15
4042,66636 32 40,BOYS JOGGER,650,-5
4043,66640 32 40,BOYS (R.F.D) PANT,635,1
4044,66643 32 40,BOYS (DNAM) PANT,395,1
4045,66644 32 40,BOYS (R.F.D) PANT,475,0
4046,66650 32 40,BOYS (R.F.D) PANT,320,45
4047,66651 32 40,BOYS (DNAM) PANT,545,55
4048,66653 32 40,BOYS (R.F.D) JOGGER,585,6
4049,66654 32 40,BOYS (R.F.D) JOGGER,495,37
4050,66655 32 40,BOYS (R.F.D) JOGGER,495,6
4051,66658 32 40,BOYS (R.F.D) JOGGER,525,48
4052,66667 32 40,BOYS (CARGO) PANT,565,-1
4053,66668 32 40,BOYS (COTTON) PANT,455,-5
4054,66674 32 40,BOYS PANT,695,15
4055,66675 32 40,BOYS PANT,695,5
4056,66677 32 40,BOYS (R.F.D) PANT,465,2
4057,66681 32 40,BOYS PANT,525,27
4058,66682 32 40,BOYS (R.F.D) JOGGER,415,4
4059,66683 32 40,BOYS (R.F.D) JOGGER,485,8
4060,66684 32 40,BOYS (R.F.D) JOGGER,535,2
4061,66685 32 40,BOYS (HALF LASTIC) PANT,560,0
4062,66687 32 40,BOYS (COTTON) PANT,510,0
4063,66688 32 40,BOYS (COTTON) PANT,455,5
4064,66692 32 40,BOYS (DNAM) PANT,510,0
4065,66698 32 40,BOYS (R.F.D) JOGGER,610,10
4066,66701 32 40,BOYS (DNAM) PANT,460,3
4067,66705 32 40,BOYS (R.F.D) PANT,605,0
4068,66706 32 40,BOYS (R.F.D) PANT,605,0
4069,66713 32 40,BOYS (R.F.D) JOGGER,495,7
4070,66720 32 40,BOYS (R.F.D) JOGGER,520,2
4071,66727 32 40,BOYS (COTTON) PANT,520,40
4072,66728 32 40,BOYS (COTTON) PANT,440,32
4073,66729 32 40,BOYS JOGGER,545,4
4074,66734 32 40,BOYS (SULPHER) PANT,650,2
4075,66736 32 40,BOYS (SULPHER) PANT,550,25
4076,66749 32 40,BOYS (R.F.D) PANT,510,3
4077,66750 32 40,BOYS (DNAM) PANT,385,1
4078,66751 32 40,BOYS (R.F.D) PANT,440,0
4079,66755 32 40,BOYS (R.F.D) PANT,560,-1
4080,66758 32 40,BOYS (R.F.D) PANT,545,3
4081,66759 32 40,BOYS (R.F.D) PANT,545,-10
4082,66760 32 40,BOYS (R.F.D) PANT,545,4
4083,66767 32 40,BOYS (DNAM) PANT,335,2
4084,66769 32 40,BOYS (R.F.D) PANT,580,2
4085,66775 32 40,BOYS (R.F.D) PANT,635,-6
4086,66776 32 40,BOYS (COTTON) PANT,485,0
4087,66779 32 40,BOYS (DNAM) PANT,595,10
4088,66788 32 40,BOYS (R.F.D) PANT,575,5
4089,66789 32 40,BOYS (DNAM) PANT,0,-1
4090,66791 32 40,BOYS (R.F.D) PANT,555,0
4091,66796 32 40,BOYS (R.F.D) PANT,585,4
4092,66797 32 40,BOYS (R.F.D) JOGGER,560,4
4093,66802 32 40,BOYS (R.F.D) JOGGER,515,6
4094,66803 32 40,BOYS (COTTON) PANT,445,21
4095,66804 32 40,BOYS (R.F.D) JOGGER,535,0
4096,66805 32 40,BOYS (R.F.D) JOGGER,505,11
4097,66809 32 40,BOYS (DNAM) PANT,385,1
4098,66815 32 40,BOYS (DNAM) PANT,585,2
4099,66820 32 40,BOYS (DNAM) PANT,470,1
4100,66831 32 40,BOYS (R.F.D) PANT,575,2
4101,66834 32 40,BOYS (BLK) JOGGER,520,10
4102,66840 32 40,BOYS WHITE PANT,515,-7
4103,66848 32 40,BOYS(BLACK) PANT,460,5
4104,66849 32 40,BOYS JOGGER,505,0
4105,66850 32 40,BOYS (CARGO) PANT,380,0
4106,66870 32 40,BOYS (R.F.D) JOGGER,570,25
4107,66875 32 40,BOYS (COTTON) PANT,605,2
4108,66877 32 40,BOYS (STAIT) PANT,565,-1
4109,66879 32 40,BOYS WHITE PANT,555,-6
4110,66880 32 40,BOYS (STAIT) PANT,595,-1
4111,66888 32 36,BOYS JOGGER,370,3
4112,66889 32 40,BOYS (R.F.D) PANT,495,7
4113,66898 32 40,BOYS (R.F.D) PANT,610,1
4114,66900 32 40,BOYS (R.F.D) PANT,505,2
4115,66902 32 40,BOYS (R.F.D) PANT,580,2
4116,66903 32 40,BOYS (R.F.D) PANT,535,19
4117,66904 32 40,BOYS(BLACK) PANT,490,0
4118,66919 32 40,BOYS (R.F.D) JOGGER,590,-5
4119,66925 32 40,BOYS (R.F.D) JOGGER,410,13
4120,66926 32 40,BOYS (R.F.D) PANT,505,0
4121,66930 32 40,BOYS (R.F.D) JOGGER,540,15
4122,66944 32 40,BOYS (R.F.D) JOGGER,540,4
4123,66949 32 40,BOYS (STAIT) PANT,580,1
4124,66953 32 40,BOYS (STAIT) PANT,575,0
4125,66963 32 40,BOYS (R.F.D) PANT,565,2
4126,66968 32 40,BOYS (BLK) JOGGER,505,0
4127,66969 32 40,BOYS (DNAM) PANT,385,1
4128,66970 32 40,BOYS (DNAM) PANT,520,0
4129,66973 32 40,BOYS (DNAM) PANT,475,0
4130,66974 32 40,BOYS (R.F.D) JOGGER,480,0
4131,66976 32 40,BOYS (STAIT) PANT,425,0
4132,66977 32 40,BOYS JOGGER,525,-10
4133,66978 32 40,BOYS JOGGER,525,-6
4134,66980 32 40,BOYS (R.F.D) JOGGER,575,1
4135,66981 32 40,BOYS (R.F.D) JOGGER,585,-1
4136,66983 32 40,BOYS (SULPHER) PANT,515,18
4137,66988 32 40,BOYS (R.F.D) PANT,505,4
4138,66989 32 40,BOYS (R.F.D) PANT,505,2
4139,66991 32 40,BOYS (R.F.D) PANT,435,20
4140,66992 32 40,BOYS (STAIT) PANT,540,1
4141,66993 32 40,BOYS (COTTON) PANT,505,-3
4142,66994 32 40,BOYS (CARGO) PANT,605,8
4143,66996 32 40,BOYS (DNAM) PANT,365,1
4144,66999 32 40,BOYS (STAIT) PANT,580,0
4145,670(511) 24 34,GIRLS SET,820,24
4146,67002 32 40,BOYS (STAIT) PANT,545,1
4147,67003 32 40,BOYS (STAIT) PANT,565,0
4148,67007 32 40,BOYS (COTTON) PANT,445,10
4149,67010 32 40,BOYS JOGGER,590,2
4150,67012 32 40,BOYS (CARGO) PANT,630,0
4151,67013 32 40,BOYS (CARGO) PANT,445,0
4152,67017 32 40,BOYS (STAIT) PANT,545,0
4153,67019 32 36,BOYS (CARGO) PANT,495,-4
4154,67023 32 40,BOYS (R.F.D) PANT,605,0
4155,67024 32 40,BOYS (STAIT) PANT,435,-5
4156,67025 32 40,BOYS (COTTON) PANT,535,1
4157,67028 32 40,BOYS (STAIT) PANT,580,-1
4158,67030 32 40,BOYS (R.F.D) PANT,605,2
4159,67031 32 40,BOYS (COTTON) PANT,595,5
4160,67032 32 40,BOYS (DNAM) PANT,435,20
4161,67034 32 40,BOYS (DNAM) PANT,630,-1
4162,67035 32 40,BOYS (DNAM) PANT,680,0
4163,67036 32 40,BOYS (STAIT) PANT,455,-1
4164,67042 32 40,BOYS (R.F.D) JOGGER,530,-1
4165,67043 32 40,BOYS (R.F.D) JOGGER,625,0
4166,67044 32 40,BOYS (STAIT) PANT,535,0
4167,67046 32 40,BOYS (R.F.D) JOGGER,575,1
4168,67049 32 36,BOYS (R.F.D) PANT,470,0
4169,67050 32 40,BOYS (R.F.D) JOGGER,575,0
4170,67053 32 40,BOYS (STAIT) PANT,440,1
4171,67057 32 40,BOYS (R.F.D) PANT,510,0
4172,67058 32 40,BOYS (R.F.D) PANT,660,0
4173,67059 32 40,BOYS (DNAM) PANT,625,0
4174,67061 32 40,BOYS (R.F.D) PANT,550,-1
4175,67064 32 40,BOYS (R.F.D) PANT,650,0
4176,67070 32 40,BOYS JOGGER,535,5
4177,67072 32 40,BOYS (STAIT) PANT,550,0
4178,67073 32 40,BOYS (STAIT) PANT,520,5
4179,67076 32 40,BOYS (DNAM) PANT,535,0
4180,67077 32 36,BOYS (DNAM) PANT,525,6
4181,67080 32 36,BOYS (R.F.D) PANT,525,0
4182,67084 28 36,BOYS (DNAM) PANT,610,0
4183,67092 32 40,BOYS JOGGER,535,0
4184,67094 32 40,BOYS (DNAM) PANT,365,15
4185,67095 32 40,BOYS PANT,530,1
4186,67096 32 40,BOYS PANT,560,0
4187,67097 32 40,BOYS PANT,640,5
4188,671 10 16,BOYS SHIRTS,315,5
4189,671(511) 16 22,GIRLS SET,890,20
4190,671(511) 24 34,GIRLS SET,1105,30
4191,671(511) 36 40,GIRLS SET,1260,15
4192,67102 32 40,BOYS (DNAM) PANT,360,0
4193,67115 32 40,BOYS(BLACK) PANT,385,2
4194,67127 32 40,BOYS PANT,480,25
4195,67130 32 40,BOYS (STAIT) PANT,0,-1
4196,67132 32 40,BOYS (STAIT) PANT,535,0
4197,67154 32 40,BOYS PANT,440,0
4198,67162 32 40,BOYS (DNAM) PANT,335,15
4199,67167 32 40,BOYS (R.F.D) PANT,410,0
4200,67168 32 40,BOYS (DNAM) PANT,365,0
4201,67177 32 40,BOYS (R.F.D) PANT,520,0
4202,67178 32 40,BOYS PANT,460,5
4203,67179 32 40,BOYS PANT,460,5
4204,67180 32 40,BOYS (R.F.D) PANT,445,1
4205,67181 32 40,BOYS (R.F.D) PANT,555,0
4206,67183 32 40,BOYS (R.F.D) PANT,495,0
4207,67187 32 40,BOYS (DNAM) PANT,495,0
4208,67191 32 40,BOYS (R.F.D) PANT,460,0
4209,67194 32 40,BOYS (COTTON) PANT,530,0
4210,67204 32 40,BOYS (R.F.D) PANT,525,10
4211,67205 32 40,BOYS JOGGER,470,2
4212,67208 32 40,BOYS (SULPHER) PANT,555,0
4213,67209 32 40,BOYS (SULPHER) PANT,565,0
4214,67211 32 36,BOYS (DNAM) PANT,355,0
4215,67215 32 40,BOYS (STAIT) PANT,480,0
4216,67217 32 40,BOYS (DNAM) PANT,630,1
4217,67223 32 40,BOYS (CARGO) PANT,565,-1
4218,67225 32 40,BOYS (R.F.D) PANT,395,7
4219,67226 32 40,BOYS (R.F.D) PANT,395,-2
4220,67229 32 40,BOYS (R.F.D) PANT,460,0
4221,67230 32 40,BOYS (STAIT) PANT,445,0
4222,67231 32 40,BOYS (CARGO) STRAIT,520,0
4223,67233 32 40,BOYS (DNAM) PANT,445,0
4224,67234 32 40,BOYS (DNAM) PANT,445,7
4225,67243 32 40,BOYS(BLACK) PANT,535,0
4226,67244 32 40,BOYS JOGGER,475,15
4227,67252 32 40,BOYS (COTTON) PANT,530,-1
4228,67260 32 40,BOYS (CARGO) PANT,440,1
4229,67261 32 40,BOYS (CARGO) PANT,480,-1
4230,67263 32 40,BOYS (COTTON) PANT,660,0
4231,67264 32 40,BOYS (COTTON) PANT,605,0
4232,67265 32 40,BOYS (CARGO) PANT,510,0
4233,67268 32 40,BOYS (CARGO) PANT,530,1
4234,67271 32 40,BOYS (R.F.D) JOGGER,585,20
4235,67276 32 40,BOYS (DNAM) PANT,335,-5
4236,67277 32 40,BOYS (R.F.D) JOGGER,545,0
4237,67278 32 40,BOYS (DNAM) PANT,335,-5
4238,67279 32 40,BOYS (R.F.D) JOGGER,595,0
4239,67281 32 40,BOYS (STAIT) PANT,580,0
4240,67283 32 36,BOYS JOGGER,480,0
4241,67285 32 40,BOYS (DNAM) PANT,560,5
4242,67295 32 40,BOYS (R.F.D) PANT,480,0
4243,67307 32 40,BOYS (STAIT) PANT,435,10
4244,67308 32 40,BOYS (STAIT) PANT,370,-5
4245,67312 32 40,BOYS WHITE PANT,480,0
4246,67313 32 40,BOYS (DNAM) PANT,625,10
4247,67317 32 40,BOYS PANT,425,0
4248,67323 32 40,BOYS (STAIT) PANT,565,-1
4249,67327 32 40,BOYS (R.F.D) JOGGER,595,0
4250,67328 32 40,BOYS (STAIT) PANT,530,0
4251,67329 32 40,BOYS (CARGO) STRAIT,560,0
4252,67330 32 40,BOYS (DNAM) PANT,370,-5
4253,67331 32 40,BOYS (R.F.D) PANT,405,-5
4254,67332 32 40,BOYS (R.F.D) PANT,405,-1
4255,67335 32 40,BOYS (COTTON) PANT,575,6
4256,67336 32 40,BOYS (CARGO) STRAIT,555,-2
4257,67338 32 40,BOYS PANT,545,0
4258,67339 32 40,BOYS (R.F.D) PANT,560,0
4259,67343 32 40,BOYS WHITE PANT,470,0
4260,67346 32 40,BOYS (CARGO) STRAIT,575,0
4261,67348 32 40,BOYS (CARGO) STRAIT,575,0
4262,67352 32 40,BOYS (R.F.D) JOGGER,435,20
4263,67355 32 40,BOYS (CARGO) STRAIT,615,20
4264,67356 32 40,BOYS (CARGO) PANT,655,0
4265,67359 32 40,BOYS (CARGO) PANT,685,10
4266,67360 32 40,BOYS (CARGO) STRAIT,545,1
4267,67363 32 40,BOYS (DNAM) PANT,430,0
4268,67364 32 40,BOYS (DNAM) PANT,430,0
4269,67370 32 40,BOYS (CARGO) PANT,545,0
4270,67372 32 40,BOYS (R.F.D) JOGGER,520,4
4271,67373 22 30,BOYS (CARGO) PANT,570,-27
4272,67375 32 40,BOYS (R.F.D) JOGGER,550,0
4273,67379 32 40,BOYS (R.F.D) JOGGER,545,0
4274,67381 32 40,BOYS (CARGO) STRAIT,475,1
4275,67383 32 40,BOYS (DNAM) PANT,375,-5
4276,67384 32 40,BOYS (R.F.D) JOGGER,630,0
4277,67387 32 40,BOYS (CARGO) PANT,465,15
4278,67389 28 36,BOYS (CARGO) PANT,545,7
4279,67390 28 36,BOYS (CARGO) PANT,505,0
4280,67391 32 40,BOYS (R.F.D) PANT,630,0
4281,67395 32 40,BOYS (R.F.D) JOGGER,460,0
4282,67398 32 40,BOYS (R.F.D) PANT,495,0
4283,67400 32 40,BOYS PANT,665,4
4284,67401 32 40,BOYS (STAIT) PANT,575,0
4285,67406 32 40,BOYS (R.F.D) PANT,615,0
4286,67409 32 40,BOYS (CARGO) PANT,595,0
4287,67410 32 40,BOYS (CARGO) STRAIT,605,0
4288,67411 32 40,BOYS (CARGO) STRAIT,570,0
4289,67412 32 40,BOYS (BLK) JOGGER,460,0
4290,67413 32 40,BOYS (CARGO) PANT,495,0
4291,67414 32 40,BOYS (CARGO) PANT,495,-1
4292,67416 32 40,BOYS (STAIT) PANT,455,0
4293,67418 32 40,BOYS PANT,580,0
4294,67419 32 40,BOYS PANT,555,10
4295,67422 32 40,BOYS (CARGO) PANT,535,0
4296,67423 32 40,BOYS (CARGO) PANT,545,0
4297,67425 32 40,BOYS (CARGO) PANT,670,0
4298,67426 32 40,BOYS WHITE PANT,480,0
4299,67428 32 40,BOYS (R.F.D) PANT,445,15
4300,67430 32 40,BOYS (CARGO) STRAIT,520,5
4301,67431 32 40,BOYS (CARGO) PANT,505,0
4302,67432 32 40,BOYS WHITE PANT,515,0
4303,67433 32 40,BOYS WHITE PANT,545,0
4304,67434 32 40,BOYS (CARGO) STRAIT,505,9
4305,67436 32 40,BOYS PANT,715,0
4306,67440 32 40,BOYS (CARGO) STRAIT,595,0
4307,67442 32 40,BOYS (STAIT) PANT,605,0
4308,67444 32 36,BOYS (R.F.D) PANT,580,0
4309,67446 32 40,BOYS (CARGO) STRAIT,565,0
4310,67448 32 40,BOYS (STAIT) PANT,460,0
4311,67452 32 40,BOYS (STAIT) PANT,565,0
4312,67453 32 40,BOYS (CARGO) STRAIT,475,0
4313,67454 32 40,BOYS (STAIT) PANT,580,0
4314,67455 32 40,BOYS (CARGO) STRAIT,550,15
4315,67456 32 40,BOYS (CARGO) STRAIT,460,0
4316,67457 32 40,BOYS (CARGO) STRAIT,460,0
4317,67458 32 40,BOYS (STAIT) PANT,475,0
4318,67460 32 40,BOYS(WHITE)PANT,480,0
4319,67462 32 40,BOYS (HALF LASTIC) PANT,535,0
4320,67464 32 40,BOYS (CARGO) STRAIT,525,-2
4321,67465 32 40,BOYS (CARGO) STRAIT,520,0
4322,67466 32 40,BOYS PANT,650,0
4323,67467 32 40,BOYS (CARGO) PANT,620,0
4324,67468 32 40,BOYS (CARGO) STRAIT,570,0
4325,67469 32 40,BOYS (CARGO) STRAIT,580,1
4326,67470 32 40,BOYS (CARGO) STRAIT,580,0
4327,67471 32 40,BOYS (STAIT) PANT,595,0
4328,67472 32 40,BOYS (CARGO) STRAIT,455,0
4329,67475 32 40,BOYS (CARGO) STRAIT,580,0
4330,67477 32 40,BOYS (COTTON) PANT,530,0
4331,67478 32 40,BOYS (COTTON) PANT,580,40
4332,67479 32 40,BOYS PANT,655,5
4333,67480 32 40,BOYS (STAIT) PANT,655,0
4334,67481 32 40,BOYS (R.F.D) JOGGER,635,1
4335,67482 32 40,BOYS (STAIT) PANT,590,-5
4336,67483 32 40,BOYS (R.F.D) PANT,635,0
4337,67484 32 40,BOYS (R.F.D) PANT,635,2
4338,67487 32 40,BOYS (STAIT) PANT,525,0
4339,67488 32 40,BOYS (R.F.D) JOGGER,570,0
4340,67489 32 40,BOYS WHITE PANT,475,0
4341,67490 32 40,BOYS (CARGO) STRAIT,595,0
4342,67491 32 40,BOYS (CARGO) STRAIT,520,0
4343,67492 32 40,BOYS (STAIT) PANT,540,0
4344,67493 32 40,BOYS (R.F.D) JOGGER,625,0
4345,67494 32 40,BOYS (CARGO) STRAIT,635,0
4346,67495 32 40,BOYS (STAIT) PANT,535,0
4347,67496 32 40,BOYS (DNAM) PANT,315,0
4348,67497 32 40,BOYS (STAIT) PANT,295,0
4349,67498 32 40,BOYS (CARGO) STRAIT,565,-1
4350,67500 32 40,BOYS(BLACK) PANT,425,0
4351,67501 32 40,BOYS (R.F.D) PANT,460,0
4352,67502 32 40,BOYS PANT,510,0
4353,67503 32 40,BOYS PANT,510,0
4354,67504 32 40,BOYS (CARGO) STRAIT,530,0
4355,67505 32 40,BOYS (STAIT) PANT,650,0
4356,67506 32 40,BOYS (CARGO) STRAIT,655,0
4357,67507 32 40,BOYS (CARGO) STRAIT,655,0
4358,67508 32 40,BOYS (R.F.D) PANT,655,0
4359,67510 32 40,BOYS (STAIT) PANT,575,0
4360,67511 32 40,BOYS (STAIT) PANT,540,25
4361,67512 32 40,BOYS (CARGO) STRAIT,545,0
4362,67514 32 40,BOYS (BLK) JOGGER,535,0
4363,67516 32 40,BOYS (CARGO) STRAIT,605,0
4364,67517 32 40,BOYS (CARGO) STRAIT,570,1
4365,67518 32 40,BOYS (CARGO) STRAIT,460,0
4366,67519 32 40,BOYS (CARGO) STRAIT,615,0
4367,67520 32 40,BOYS (CARGO) STRAIT,545,1
4368,67521 32 40,BOYS PANT,395,0
4369,67522 32 40,BOYS PANT,495,-10
4370,67523 32 40,BOYS (MICRO) PANT,335,10
4371,67524 32 40,BOYS PANT,315,0
4372,67525 32 40,BOYS (DNAM) PANT,530,0
4373,67526 32 40,BOYS (STAIT) PANT,530,0
4374,67527 32 40,BOYS (STAIT) PANT,455,0
4375,67529 32 40,BOYS PANT,455,0
4376,67530,BOYS (STAIT) PANT,0,0
4377,67531 32 40,BOYS (R.F.D) PANT,390,0
4378,67532 32 40,BOYS (CARGO) STRAIT,665,0
4379,67533 32 40,BOYS (CARGO) STRAIT,635,6
4380,67534 32 40,BOYS (STAIT) PANT,625,0
4381,67535 32 40,BOYS (CARGO) STRAIT,490,0
4382,67536 32 40,BOYS (CARGO) STRAIT,555,0
4383,67537 32 40,BOYS (CARGO) STRAIT,595,0
4384,67538 32 40,BOYS (CARGO) STRAIT,645,0
4385,67539 32 40,BOYS (STAIT) PANT,580,0
4386,67540,BOYS (CARGO) STRAIT,415,0
4387,67541,BOYS (CARGO) STRAIT,610,-1
4388,67542 34 40,BOYS (CARGO) STRAIT,635,0
4389,67543 32 40,BOYS(BLACK) PANT,605,0
4390,67544 32 40,BOYS (STAIT) PANT,485,0
4391,67545 32 40,BOYS (CARGO) STRAIT,655,0
4392,67546 32 40,BOYS (CARGO) STRAIT,530,0
4393,67547 32 40,BOYS (CARGO) STRAIT,605,0
4394,67548 32 40,BOYS (CARGO) STRAIT,495,0
4395,67549 32 40,BOYS (CARGO) STRAIT,460,0
4396,67550 32 40,BOYS (CARGO) STRAIT,460,0
4397,67551 32 40,BOYS PANT,615,0
4398,67552 34 40,BOYS (CARGO) STRAIT,660,-1
4399,67553 32 40,BOYS(BLACK) PANT,440,0
4400,67554 26 36,BOYS (CARGO) PANT,435,24
4401,67555 32 40,BOYS (STAIT) PANT,585,-1
4402,67556 32 40,BOYS PANT,620,0
4403,67557 32 40,BOYS (STAIT) PANT,530,0
4404,67558 32 36,BOYS (CARGO) STRAIT,470,0
4405,67559 32 40,BOYS (CARGO) PANT,590,0
4406,67560 32 40,BOYS (CARGO) STRAIT,590,0
4407,67561 32 40,BOYS (STAIT) PANT,475,0
4408,67562 32 40,BOYS (COTTON) PANT,570,0
4409,67563 32 40,BOYS (DNAM) PANT,460,0
4410,67564 32 40,BOYS (STAIT) PANT,555,0
4411,67565 32 40,BOYS JOGGER,555,0
4412,67566 32 40,BOYS (STAIT) PANT,610,0
4413,67567 32 40,BOYS (STAIT) PANT,470,0
4414,67568 32 40,BOYS (CARGO) STRAIT,585,9
4415,67569 32 40,BOYS (CARGO) STRAIT,575,5
4416,67570 32 40,BOYS (STAIT) PANT,505,1
4417,67571 32 40,BOYS (CARGO) STRAIT,505,0
4418,67572 32 40,BOYS (CARGO) STRAIT,590,0
4419,67573 32 40,BOYS (CARGO) PANT,615,1
4420,67574 32 40,BOYS PANT,505,14
4421,67575 32 40,BOYS (STAIT) PANT,435,0
4422,67576 32 40,BOYS (CARGO) STRAIT,470,0
4423,67577 32 40,BOYS (CARGO) STRAIT,575,11
4424,67578 32 40,BOYS (CARGO) STRAIT,455,0
4425,67579 32 40,BOYS (CARGO) PANT,625,0
4426,67580 32 40,BOYS (CARGO) PANT,530,0
4427,6758132 40,BOYS (CARGO) PANT,495,0
4428,67582 32 40,BOYS (STAIT) PANT,520,0
4429,67583 32 40,BOYS (CARGO) STRAIT,505,0
4430,67584 32 40,BOYS (CARGO) STRAIT,535,0
4431,67585 26 36,BOYS (CARGO) STRAIT,480,0
4432,67586 32 40,BOYS (STAIT) PANT,505,0
4433,67587 32 40,BOYS (CARGO) STRAIT,570,2
4434,67588 32 40,BOYS(BLACK) PANT,445,0
4435,67589 32 40,BOYS (CARGO) STRAIT,535,0
4436,67590 32 40,BOYS (CARGO) STRAIT,520,0
4437,67591 32 40,BOYS (STAIT) PANT,455,20
4438,67592 32 40,BOYS (STAIT) PANT,495,0
4439,67593 32 40,BOYS (STAIT) PANT,540,0
4440,67594 32 40,BOYS (STAIT) PANT,505,0
4441,67595 32 40,BOYS (STAIT) PANT,510,0
4442,67596 32 40,BOYS (CARGO) STRAIT,560,6
4443,67597 32 40,BOYS (STAIT) PANT,550,10
4444,67598 32 40,BOYS (STAIT) PANT,505,0
4445,67599 32 40,BOYS (STAIT) PANT,610,0
4446,67600 32 40,BOYS (CARGO) STRAIT,615,-1
4447,67601 32 40,BOYS (STAIT) PANT,620,0
4448,67602 32 40,BOYS (STAIT) PANT,620,0
4449,67603 34 40,BOYS (CARGO) STRAIT,640,0
4450,67604 32 40,BOYS (R.F.D) PANT,525,0
4451,67605 32 40,BOYS (HALF LASTIC) PANT,535,8
4452,67606 32 40,BOYS (STAIT) PANT,0,0
4453,67607 32 40,BOYS (STAIT) PANT,495,0
4454,67608 32 40,BOYS (CARGO) STRAIT,530,0
4455,67609 32 40,BOYS (STAIT) PANT,505,0
4456,67610 32 40,BOYS (STAIT) PANT,505,0
4457,67611 32 40,BOYS (CARGO) STRAIT,605,0
4458,67612 32 40,BOYS (DNAM) PANT,535,0
4459,67613 32 40,BOYS (STAIT) PANT,495,0
4460,67614 32 40,BOYS (CARGO) STRAIT,560,0
4461,67615 32 40,BOYS (CARGO) STRAIT,565,0
4462,67616 32 36,BOYS (STAIT) PANT,475,15
4463,67617 32 40,BOYS PANT,300,5
4464,67618 32 40,BOYS (STAIT) PANT,0,0
4465,67619 32 40,BOYS (STAIT) PANT,525,0
4466,67620 32 40,BOYS (STAIT) PANT,510,0
4467,67621 32 40,BOYS (CARGO) STRAIT,590,0
4468,67622 32 40,BOYS (CARGO) STRAIT,610,0
4469,67623 32 40,BOYS (STAIT) PANT,470,0
4470,67624 32 40,BOYS (CARGO) STRAIT,315,-2
4471,67625 32 40,BOYS (CARGO) STRAIT,315,2
4472,67626 32 40,BOYS (R.F.D) PANT,545,0
4473,67627 32 40,BOYS (STAIT) PANT,455,0
4474,67628 32 40,BOYS (STAIT) PANT,590,0
4475,67629 32 40,BOYS (R.F.D) PANT,620,0
4476,67630 32 40,BOYS (R.F.D) JOGGER,590,0
4477,67631 32 40,BOYS (CARGO) PANT,560,1
4478,67632 32 40,BOYS (STAIT) PANT,425,0
4479,67633 34 40,BOYS (CARGO) STRAIT,625,35
4480,67634 34 40,BOYS (CARGO) STRAIT,625,0
4481,67635 32 40,BOYS PANT,565,0
4482,67636 32 40,BOYS (STAIT) PANT,550,0
4483,67637 32 40,BOYS (CARGO) STRAIT,530,0
4484,67638 32 36,BOYS (R.F.D) PANT,520,0
4485,67639 32 40,BOYS (STAIT) PANT,575,0
4486,67640 32 40,BOYS (STAIT) PANT,545,0
4487,67641 32 40,BOYS (CARGO) STRAIT,455,15
4488,67642 32 40,BOYS (STAIT) PANT,515,5
4489,67643 32 40,BOYS (STAIT) PANT,515,0
4490,67644 32 40,BOYS (CARGO) STRAIT,435,0
4491,67645 32 40,BOYS (CARGO) PANT,465,20
4492,67646 32 40,BOYS (CARGO) STRAIT,505,0
4493,67647 32 40,BOYS (R.F.D) PANT,440,2
4494,67648 32 40,BOYS (DNAM) PANT,530,0
4495,67649 32 40,BOYS (CARGO) PANT,530,13
4496,67650 32 40,BOYS (CARGO) PANT,525,14
4497,67651 32 40,BOYS (CARGO) PANT,525,0
4498,67652 32 40,BOYS (CARGO) PANT,425,1
4499,67653 32 40,BOYS (CARGO) STRAIT,555,0
4500,67654 32 40,BOYS(BLACK) PANT,450,0
4501,67655 32 40,BOYS (R.F.D) PANT,515,0
4502,67656 32 40,BOYS (CARGO) STRAIT,505,15
4503,67657 32 40,BOYS (R.F.D) PANT,510,14
4504,67658 32 40,BOYS (CARGO) STRAIT,455,0
4505,67659 32 40,BOYS (R.F.D) PANT,535,2
4506,67660 32 40,BOYS (CARGO) PANT,610,20
4507,67661 32 40,BOYS (CARGO) PANT,625,30
4508,67662 32 40,BOYS (R.F.D) PANT,570,0
4509,67663 32 40,BOYS (R.F.D) PANT,505,5
4510,67664 32 40,BOYS(BLACK) PANT,440,1
4511,67665 32 40,BOYS(BLACK) PANT,465,0
4512,67666 32 40,BOYS (CARGO) STRAIT,575,-1
4513,67667 32 40,BOYS (CARGO) PANT,480,20
4514,67668 32 40,BOYS (CARGO) PANT,645,0
4515,67669 32 40,BOYS (CARGO) PANT,510,0
4516,67670 32 40,BOYS (CARGO) STRAIT,430,0
4517,67671 32 40,BOYS (CARGO) STRAIT,430,0
4518,67672 32 40,BOYS (CARGO) STRAIT,590,0
4519,67673 32 40,BOYS (STAIT) PANT,480,14
4520,67674 32 40,BOYS (STAIT) PANT,480,11
4521,67675 32 40,BOYS (STAIT) PANT,645,0
4522,67676 32 36,BOYS (R.F.D) JOGGER,535,0
4523,67677 32 40,BOYS (CARGO) STRAIT,645,0
4524,67678 32 40,BOYS WHITE PANT,535,0
4525,67679 32 40,BOYS (R.F.D) PANT,455,0
4526,67680 32 40,BOYS WHITE PANT,495,0
4527,67681 32 40,BOYS (R.F.D) PANT,575,0
4528,67682 32 40,BOYS(BLACK) PANT,555,0
4529,67683 32 40,BOYS (STAIT) PANT,630,5
4530,67684 32 40,BOYS PANT,520,0
4531,67685 32 40,BOYS (CARGO) STRAIT,480,0
4532,67686 32 40,BOYS (STAIT) PANT,520,0
4533,67687 32 40,BOYS PANT,385,5
4534,67688 32 40,BOYS (STAIT) PANT,510,0
4535,67689 32 40,BOYS (CARGO) STRAIT,545,0
4536,67690 32 40,BOYS (CARGO) STRAIT,575,-1
4537,67691 32 40,BOYS (CARGO) STRAIT,595,0
4538,67692 32 40,BOYS (CARGO) STRAIT,580,0
4539,67693 32 40,BOYS (CARGO) STRAIT,425,18
4540,67694 32 40,BOYS (STAIT) PANT,550,0
4541,67695 32 40,BOYS (CARGO) STRAIT,530,0
4542,67696 32 36,BOYS (STAIT) PANT,455,0
4543,67697 32 40,BOYS (STAIT) PANT,605,0
4544,67698 32 40,BOYS (STAIT) PANT,615,0
4545,67699 32 40,BOYS (STAIT) PANT,505,0
4546,67700 32 40,BOYS (CARGO) PANT,520,0
4547,67701 32 40,BOYS (CARGO) STRAIT,555,0
4548,67703 32 40,BOYS (R.F.D) JOGGER,530,0
4549,67704 32 40,BOYS (R.F.D) PANT,505,0
4550,67705 32 40,BOYS (STAIT) PANT,520,0
4551,67706 32 40,BOYS (STAIT) PANT,520,0
4552,67707 32 40,BOYS (STAIT) PANT,550,0
4553,67708 32 40,BOYS (CARGO) STRAIT,520,0
4554,67709 32 40,BOYS(BLACK) PANT,470,0
4555,67710 32 40,BOYS PANT,620,0
4556,67711 32 40,BOYS PANT,550,0
4557,67712 32 40,BOYS (STAIT) PANT,470,0
4558,67713 32 36,BOYS (CARGO) STRAIT,0,0
4559,67714 32 40,BOYS (STAIT) PANT,505,0
4560,67715 34 40,BOYS (STAIT) PANT,485,0
4561,67716 32 40,BOYS (CARGO) STRAIT,455,0
4562,67717 32 40,BOYS (DNAM) PANT,525,-5
4563,67718 32 36,BOYS (DNAM) PANT,505,0
4564,67719 32 36,BOYS (CARGO) PANT,505,0
4565,67720 32 40,BOYS (DNAM) PANT,450,0
4566,67721 32 36,BOYS (CARGO) PANT,505,0
4567,67722 32 36,BOYS (CARGO) PANT,505,-1
4568,67723 32 40,BOYS (STAIT) PANT,495,0
4569,67724 32 40,BOYS PANT,440,0
4570,67725 30 36,BOYS(BLACK) PANT,460,0
4571,67726 32 40,BOYS (STAIT) PANT,480,0
4572,67727 32 40,BOYS (STAIT) PANT,455,0
4573,67728 32 40,BOYS PANT,580,0
4574,67729 32 40,BOYS PANT,585,0
4575,67732 32 40,BOYS(BLACK) PANT,450,0
4576,67733 32 40,BOYS PANT,480,-5
4577,67734 32 40,BOYS (STAIT) PANT,450,0
4578,67735 32 40,BOYS (STAIT) PANT,450,0
4579,67736 32 40,BOYS (STAIT) PANT,670,-5
4580,67737 32 40,BOYS JOGGER,480,-10
4581,67738 32 40,BOYS (R.F.D) PANT,625,0
4582,67739 30 36,BOYS (CARGO) STRAIT,580,0
4583,67740 32 40,BOYS (CARGO) STRAIT,555,0
4584,67741 32 40,BOYS (CARGO) STRAIT,480,0
4585,67742 32 40,BOYS (STAIT) PANT,580,0
4586,67743 32 40,BOYS (CARGO) STRAIT,620,5
4587,67744 32 40,BOYS (CARGO) STRAIT,595,31
4588,67745 32 40,BOYS (STAIT) PANT,465,0
4589,67746 32 40,BOYS (STAIT) PANT,475,0
4590,67747 32 40,BOYS (R.F.D) PANT,545,0
4591,67748 32 40,BOYS (CARGO) STRAIT,550,0
4592,67749 32 40,BOYS (CARGO) STRAIT,545,0
4593,67750 32 40,BOYS (CARGO) STRAIT,530,0
4594,67751 32 40,BOYS (STAIT) PANT,580,0
4595,67752 32 40,BOYS (STAIT) PANT,590,0
4596,67753 32 40,BOYS (CARGO) STRAIT,580,0
4597,67754 32 40,BOYS (R.F.D) PANT,0,30
4598,67755 32 40,BOYS (CARGO) STRAIT,640,0
4599,67756 32 40,BOYS (CARGO) STRAIT,580,0
4600,67757 32 40,BOYS (STAIT) PANT,485,0
4601,67758 32 40,BOYS (CARGO) STRAIT,545,0
4602,67759 32 40,BOYS (CARGO) STRAIT,580,1
4603,67760 32 40,BOYS (STAIT) PANT,505,0
4604,67761 34 40,BOYS (CARGO) STRAIT,560,0
4605,67762 32 40,BOYS (CARGO) STRAIT,630,0
4606,67763 32 40,BOYS (STAIT) PANT,295,75
4607,67764 32 40,BOYS (STAIT) PANT,295,75
4608,67765 32 40,BOYS (STAIT) PANT,625,0
4609,67766 32 40,BOYS (STAIT) PANT,635,0
4610,67767 32 40,BOYS (STAIT) PANT,635,0
4611,67768 32 40,BOYS (STAIT) PANT,615,0
4612,67769 32 40,BOYS (CARGO) STRAIT,590,0
4613,67770 32 40,BOYS (CARGO) STRAIT,610,0
4614,67771 32 40,BOYS (CARGO) STRAIT,585,0
4615,67772 32 40,BOYS (CARGO) STRAIT,610,-1
4616,67773 32 40,BOYS (CARGO) STRAIT,575,0
4617,67774 32 40,BOYS (R.F.D) PANT,450,0
4618,67775 32 40,BOYS (DNAM) PANT,365,10
4619,67776 32 40,BOYS (R.F.D) PANT,455,0
4620,67777 32 40,BOYS (R.F.D) PANT,425,5
4621,67778 32 40,BOYS (STAIT) PANT,540,0
4622,67779 32 40,BOYS (STAIT) PANT,525,0
4623,67780 32 40,BOYS (R.F.D) PANT,510,0
4624,67781 32 40,BOYS (R.F.D) PANT,510,0
4625,67782 32 40,BOYS (STAIT) PANT,565,0
4626,67783 32 40,BOYS (STAIT) PANT,460,0
4627,67784 32 40,BOYS (STAIT) PANT,570,0
4628,67785 32 40,BOYS (STAIT) PANT,605,0
4629,67786 32 40,BOYS (CARGO) STRAIT,535,0
4630,67787 32 40,BOYS (CARGO) STRAIT,535,0
4631,67788 32 40,BOYS (STAIT) PANT,450,0
4632,67789 32 40,BOYS (STAIT) PANT,560,0
4633,67790 32 40,BOYS (STAIT) PANT,565,0
4634,67791 32 40,BOYS (STAIT) PANT,450,0
4635,67792 32 40,BOYS (CARGO) STRAIT,560,7
4636,67793 32 40,BOYS (STAIT) PANT,430,0
4637,67794 32 40,BOYS (R.F.D) PANT,595,0
4638,67795 32 40,BOYS (STAIT) PANT,565,0
4639,67796 32 40,BOYS(BLACK) PANT,515,0
4640,67797 32 40,BOYS(BLACK) PANT,520,0
4641,67798 32 40,BOYS (STAIT) PANT,460,-5
4642,67799 32 40,BOYS (COTTON) PANT,480,2
4643,678(633) 22 28,FARSI,1295,4
4644,678(633) 22 40,DRESS (G),1285,0
4645,678(633) 30 40,FARSI,1495,0
4646,67800 32 40,BOYS (CARGO) STRAIT,610,0
4647,67801 32 40,BOYS(BLACK) PANT,520,0
4648,67802 32 40,BOYS (STAIT) PANT,625,0
4649,67803 32 40,BOYS (R.F.D) PANT,570,0
4650,67804 32 40,BOYS(BLACK) PANT,550,0
4651,67805 32 40,BOYS (R.F.D) PANT,455,-6
4652,67806 32 40,BOYS (R.F.D) PANT,510,0
4653,67807 32 40,BOYS (STAIT) PANT,620,-2
4654,67808 32 40,BOYS (STAIT) PANT,450,0
4655,67809 32 40,BOYS (STAIT) PANT,455,0
4656,67810 30 38,BOYS (CARGO) STRAIT,655,0
4657,67811 32 40,BOYS (STAIT) PANT,495,-1
4658,67812 32 40,BOYS (CARGO) STRAIT,470,-5
4659,67813 32 40,BOYS (CARGO) STRAIT,495,0
4660,67814 32 40,BOYS (CARGO) STRAIT,570,0
4661,67815 32 40,BOYS (COTTON) PANT,545,-15
4662,67816 32 40,BOYS(BLACK) PANT,425,0
4663,67817 32 40,BOYS (R.F.D) PANT,510,-6
4664,67818 32 40,BOYS (STAIT) PANT,530,0
4665,67819 32 40,BOYS (STAIT) PANT,530,0
4666,67820 32 40,BOYS (DNAM) PANT,685,0
4667,67821 32 40,BOYS (STAIT) PANT,605,-1
4668,67822 32 40,BOYS (STAIT) PANT,605,0
4669,67823 32 40,BOYS (R.F.D) PANT,545,0
4670,67824 32 40,BOYS (STAIT) PANT,545,0
4671,67825 32 40,BOYS (STAIT) PANT,440,0
4672,67826 32 40,BOYS(BLACK) PANT,490,0
4673,67827 32 40,BOYS (STAIT) PANT,440,0
4674,67828 32 40,BOYS (STAIT) PANT,450,0
4675,67829 32 40,BOYS (CARGO) STRAIT,665,0
4676,67830 32 40,BOYS (STAIT) PANT,375,0
4677,67831 32 40,BOYS (STAIT) PANT,535,0
4678,67832 32 40,BOYS (STAIT) PANT,450,0
4679,67833 32 40,BOYS (STAIT) PANT,620,0
4680,67834 32 40,BOYS (STAIT) PANT,620,0
4681,67835 32 40,BOYS (STAIT) PANT,620,0
4682,67836 32 40,BOYS (R.F.D) PANT,560,-1
4683,67837 32 40,BOYS (CARGO) STRAIT,505,8
4684,67838 32 40,BOYS (CARGO) STRAIT,565,0
4685,67839 32 40,BOYS (STAIT) PANT,555,0
4686,67840 32 40,BOYS (STAIT) PANT,395,1
4687,67841 32 40,BOYS (STAIT) PANT,495,0
4688,67842 32 40,BOYS (CARGO) STRAIT,455,0
4689,67843 32 40,BOYS (R.F.D) PANT,470,0
4690,67844 32 40,BOYS(BLACK) PANT,535,0
4691,67845 32 40,BOYS (STAIT) PANT,615,3
4692,67846 32 40,BOYS (STAIT) PANT,550,0
4693,67847 32 40,BOYS (STAIT) PANT,525,0
4694,67848 32 40,BOYS (CARGO) STRAIT,560,1
4695,67849 32 40,BOYS (R.F.D) PANT,0,0
4696,67850 32 40,BOYS (R.F.D) PANT,520,0
4697,67851 32 40,BOYS (STAIT) PANT,525,23
4698,67852 36,BOYS (STAIT) PANT,565,0
4699,67853 34 40,BOYS (R.F.D) PANT,510,0
4700,67854 32 40,BOYS (STAIT) PANT,620,0
4701,67855 32 40,BOYS (STAIT) PANT,620,0
4702,67856 32 40,BOYS WHITE PANT,505,5
4703,67857 34 40,BOYS (STAIT) PANT,565,0
4704,67858 34 40,BOYS (STAIT) PANT,565,0
4705,67859 32 40,BOYS(BLACK) PANT,565,0
4706,67860 32 40,BOYS (STAIT) PANT,445,0
4707,67861 32 40,BOYS (STAIT) PANT,525,0
4708,67862 32 40,BOYS WHITE PANT,545,0
4709,67863 32 40,BOYS (STAIT) PANT,470,1
4710,67864 32 40,BOYS (STAIT) PANT,555,0
4711,67865 32 40,BOYS (STAIT) PANT,305,-10
4712,67866 32 40,BOYS (STAIT) PANT,305,10
4713,67867 32 40,BOYS(BLACK) PANT,490,10
4714,67868 32 40,BOYS (R.F.D) PANT,455,0
4715,67869 32 40,BOYS (STAIT) PANT,620,0
4716,67870 32 40,BOYS (STAIT) PANT,620,0
4717,67871 32 40,BOYS (STAIT) PANT,630,0
4718,67872 32 40,BOYS (STAIT) PANT,550,0
4719,67873 32 40,BOYS (STAIT) PANT,620,0
4720,67874 32 40,BOYS(BLACK) PANT,520,0
4721,67875 32 40,BOYS(BLACK) PANT,510,0
4722,67876 32 40,BOYS (STAIT) PANT,505,0
4723,67877 32 40,BOYS (CARGO) STRAIT,585,0
4724,67878 32 40,BOYS (CARGO) STRAIT,585,3
4725,67879 32 40,BOYS (STAIT) PANT,530,0
4726,67880 32 40,BOYS (STAIT) PANT,570,0
4727,67881 32 40,BOYS (STAIT) PANT,475,0
4728,67882 36,BOYS(BLACK) PANT,460,7
4729,67883 32 40,BOYS(BLACK) PANT,470,0
4730,67884 34 40,BOYS (STAIT) PANT,470,0
4731,67885 32 40,BOYS (STAIT) PANT,560,0
4732,67886 36 40,BOYS (STAIT) PANT,480,0
4733,67887 32 40,BOYS (STAIT) PANT,670,0
4734,67888 32 40,BOYS (STAIT) PANT,540,0
4735,67889 32 40,BOYS (STAIT) PANT,525,0
4736,67890 32 40,BOYS (STAIT) PANT,425,0
4737,67891 32 40,BOYS (STAIT) PANT,490,2
4738,67892 34 40,BOYS (R.F.D) PANT,555,7
4739,67893 32 40,BOYS (STAIT) PANT,530,0
4740,67894 32 40,BOYS (STAIT) PANT,605,0
4741,67895 32 40,BOYS (STAIT) PANT,550,-1
4742,67896 32 40,BOYS (STAIT) PANT,615,1
4743,67897 32 40,BOYS (STAIT) PANT,480,0
4744,67898 32 40,BOYS (CARGO) STRAIT,660,0
4745,67899 34 40,BOYS (CARGO) STRAIT,665,1
4746,67900 32 40,BOYS (CARGO) STRAIT,610,18
4747,67901 32 40,BOYS (CARGO) STRAIT,615,0
4748,67902 32 40,BOYS(BLACK) PANT,560,0
4749,67903 32 40,BOYS (COTTON) PANT,540,0
4750,67904 32 40,BOYS (STAIT) PANT,670,0
4751,67905 32 40,BOYS (R.F.D) PANT,545,13
4752,67906 32 40,BOYS (CARGO) STRAIT,430,45
4753,67907 32 40,BOYS (R.F.D) PANT,585,55
4754,67908 32 40,BOYS BALL BOTTAM PANT,645,0
4755,67909 32 40,BOYS BALL BOTTAM PANT,645,0
4756,67910 32 40,BOYS (STAIT) PANT,525,0
4757,67911 32 40,BOYS (STAIT) PANT,620,0
4758,67912 32 40,BOYS (CARGO) STRAIT,650,0
4759,67913 32 40,BOYS (STAIT) PANT,525,0
4760,67914 32 40,BOYS (STAIT) PANT,525,10
4761,67915 32 40,BOYS (STAIT) PANT,695,0
4762,67916 32 40,BOYS (STAIT) PANT,660,0
4763,67917 32 40,BOYS (STAIT) PANT,560,0
4764,67918 32 40,BOYS (STAIT) PANT,605,17
4765,67919 34 40,BOYS (R.F.D) PANT,480,1
4766,67920 32 40,BOYS (STAIT) PANT,625,31
4767,67920 36,BOYS (STAIT) PANT,0,0
4768,67921 32 40,BOYS (STAIT) PANT,575,0
4769,67922 32 40,BOYS (STAIT) PANT,590,-3
4770,67922 36,BOYS (STAIT) PANT,590,21
4771,67923 32 40,BOYS (CARGO) STRAIT,495,1
4772,67924 32 40,BOYS (R.F.D) PANT,605,0
4773,67925 32 40,BOYS (STAIT) PANT,615,0
4774,67926 32 40,BOYS (STAIT) PANT,615,0
4775,67927 32 40,BOYS (STAIT) PANT,430,25
4776,67928 32 40,BOYS (STAIT) PANT,475,15
4777,67929 32 40,BOYS (STAIT) PANT,515,0
4778,67930 32 40,BOYS (STAIT) PANT,495,2
4779,67931 32 40,BOYS (STAIT) PANT,555,0
4780,67932 32 40,BOYS (STAIT) PANT,545,0
4781,67933 32 40,BOYS (R.F.D) PANT,530,7
4782,67934 32 40,BOYS (CARGO) STRAIT,520,21
4783,67935 32 40,BOYS (STAIT) PANT,450,0
4784,67936 32 40,BOYS RFD STAIT,470,0
4785,67937 32 40,BOYS (STAIT) PANT,530,0
4786,67938 34 40,BOYS (STAIT) PANT,435,0
4787,67939 34 40,BOYS (STAIT) PANT,425,0
4788,67940 32 40,BOYS(BLACK) PANT,470,0
4789,67941 32 40,BOYS(BLACK) PANT,480,0
4790,67942 32 40,BOYS WHITE PANT,545,0
4791,67943 32 40,BOYS(BLACK) PANT,485,0
4792,67944 32 40,BOYS RFD STAIT,545,0
4793,67945 32 40,BOYS(BLACK) PANT,510,0
4794,67946 32 40,BOYS (STAIT) PANT,475,0
4795,67947 32 40,BOYS (STAIT) PANT,635,0
4796,67948 32 40,BOYS (STAIT) PANT,620,0
4797,67949 32 40,BOYS (COTTON) PANT,525,15
4798,67950 32 40,BOYS (STAIT) PANT,340,0
4799,67951 32 40,BOYS (STAIT) PANT,340,-15
4800,67952 32 40,BOYS (STAIT) PANT,470,0
4801,67953 32 40,BOYS (CARGO) STRAIT,645,10
4802,67954 32 40,BOYS (STAIT) PANT,630,15
4803,67955 32 40,BOYS (STAIT) PANT,620,0
4804,67956 32 40,BOYS (STAIT) PANT,655,13
4805,67957 32 40,BOYS RFD STAIT,510,0
4806,67958 32 40,BOYS (STAIT) PANT,410,71
4807,67959 32 40,BOYS (STAIT) PANT,340,-1
4808,67960 32 40,BOYS (STAIT) PANT,340,0
4809,67961 32 40,BOYS (STAIT) PANT,340,5
4810,67962 32 40,BOYS (STAIT) PANT,540,0
4811,67963 32 40,BOYS (STAIT) PANT,510,1
4812,67964 32 40,BOYS (STAIT) PANT,590,1
4813,67965 32 40,BOYS (STAIT) PANT,575,0
4814,67966 32 40,BOYS RFD STAIT,530,0
4815,67967 32 40,BOYS RFD STAIT,590,50
4816,67968 32 40,BOYS RFD STAIT,575,10
4817,67969 32 40,BOYS (STAIT) PANT,660,0
4818,67970 32 40,BOYS (STAIT) PANT,560,0
4819,67971 36,BOYS (R.F.D) PANT,540,19
4820,67972 32 40,BOYS (STAIT) PANT,540,0
4821,67973 32 40,BOYS (STAIT) PANT,505,10
4822,67974 32 40,BOYS (STAIT) PANT,535,0
4823,67975 32 40,BOYS (STAIT) PANT,535,0
4824,67976 32 40,BOYS (R.F.D) PANT,605,0
4825,67977 32 40,BOYS (STAIT) PANT,615,10
4826,67978 32 40,BOYS BALL BOTTAM PANT,485,0
4827,67979 32 40,BOYS BALL BOTTAM PANT,480,0
4828,67980 32 40,BOYS (STAIT) PANT,475,0
4829,67981 32 40,BOYS(BLACK) PANT,475,0
4830,67982 32 40,BOYS(BLACK) PANT,475,0
4831,67983 32 40,BOYS(BLACK) PANT,530,5
4832,67984 32 40,BOYS (STAIT) PANT,460,1
4833,67985 32 40,BOYS (STAIT) PANT,610,0
4834,67986 32 40,BOYS (STAIT) PANT,550,0
4835,67987 34 40,LADIES (STRAIT) PANT,475,0
4836,67988 32 40,BOYS (STAIT) PANT,630,2
4837,67989 32 40,BOYS (STAIT) PANT,630,0
4838,67990 32 40,BOYS (STAIT) PANT,630,0
4839,67991 32 40,BOYS (STAIT) PANT,545,20
4840,67992 32 40,BOYS BALL BOTTAM PANT,655,2
4841,67993 32 40,BOYS BALL BOTTAM PANT,655,30
4842,67994 32 40,BOYS(BLACK) PANT,475,10
4843,67995 32 40,BOYS BALL BOTTAM PANT,565,20
4844,67996 32 40,BOYS (R.F.D) PANT,510,31
4845,67997 32 40,BOYS (R.F.D) PANT,0,0
4846,67998 32 40,BOYS (STAIT) PANT,555,-5
4847,67999 32 40,BOYS (STAIT) PANT,555,0
4848,68000 32 40,BOYS BALL BOTTAM PANT,535,0
4849,68001 32 40,BOYS (STAIT) PANT,495,0
4850,68002 32 40,BOYS (STAIT) PANT,530,2
4851,68003 32 40,BOYS (DNAM) PANT,580,0
4852,68004 36,BOYS (DNAM) PANT,580,0
4853,68005 34 40,BOYS (STAIT) PANT,545,17
4854,68006 32 40,BOYS(BLACK) PANT,515,0
4855,68007 32 40,BOYS (STAIT) PANT,515,5
4856,68008 32 40,BOYS (STAIT) PANT,560,20
4857,68009 32 40,BOYS (STAIT) PANT,560,0
4858,68010 32 40,BOYS BALL BOTTAM PANT,460,4
4859,68011 32 40,BOYS (STAIT) PANT,450,5
4860,68012 32 40,BOYS (COTTON) PANT,590,0
4861,68013 32 40,BOYS (STAIT) PANT,460,0
4862,68014 32 40,BOYS (CARGO) STRAIT,495,0
4863,68015 32 40,BOYS (STAIT) PANT,480,1
4864,68016 32 40,BOYS (STAIT) PANT,520,25
4865,68017 32 40,BOYS (STAIT) PANT,590,3
4866,68018 32 40,BOYS (STAIT) PANT,590,3
4867,68019 32 40,BOYS (STAIT) PANT,565,20
4868,68020 32 40,BOYS (STAIT) PANT,570,18
4869,68021 32 40,BOYS (STAIT) PANT,530,20
4870,68022 32 40,BOYS (STAIT) PANT,480,0
4871,68023 32 40,BOYS (STAIT) PANT,535,0
4872,68024 32 40,BOYS (STAIT) PANT,410,50
4873,68025 32 40,BOYS (STAIT) PANT,630,3
4874,68026 32 40,BOYS (STAIT) PANT,640,1
4875,68027 32 36,BOYS (STAIT) PANT,605,0
4876,68028 32 40,BOYS (STAIT) PANT,435,0
4877,68029 32 40,BOYS RFD STAIT,660,10
4878,68030 32 40,BOYS (STAIT) PANT,385,318
4879,68031 32 40,BOYS(BLACK) PANT,515,0
4880,68032 32 40,BOYS (STAIT) PANT,505,1
4881,68033 32 40,BOYS (STAIT) PANT,605,0
4882,68034 32 40,BOYS (STAIT) PANT,480,0
4883,68035 32 40,BOYS (STAIT) PANT,540,0
4884,68036 32 40,BOYS (STAIT) PANT,405,0
4885,68037 32 40,BOYS (STAIT) PANT,425,0
4886,68038 32 40,BOYS (CARGO) STRAIT,435,0
4887,68039 32 40,BOYS (STAIT) PANT,560,0
4888,68040 32 40,BOYS(BLACK) PANT,530,0
4889,68041 32 40,BOYS (STAIT) PANT,615,0
4890,68042 32 40,BOYS (STAIT) PANT,550,1
4891,68043 32 40,BOYS (STAIT) PANT,640,3
4892,68044 32 40,BOYS (STAIT) PANT,545,1
4893,68045 32 40,BOYS (STAIT) PANT,330,0
4894,68046 32 40,BOYS (STAIT) PANT,330,20
4895,68047 32 40,BOYS (STAIT) PANT,330,10
4896,68048 32 40,BOYS (STAIT) PANT,495,0
4897,68049 36,BOYS (STAIT) PANT,590,28
4898,68050 36,BOYS (STAIT) PANT,590,19
4899,68051 32 40,BOYS (STAIT) PANT,590,10
4900,68052 32 40,BOYS (CARGO) STRAIT,495,0
4901,68053 32 36,BOYS (STAIT) PANT,565,0
4902,68054 32 40,BOYS (STAIT) PANT,585,1
4903,68055 32 40,BOYS (STAIT) PANT,535,0
4904,68056 32 40,BOYS (STAIT) PANT,560,20
4905,68057 32 40,BOYS (WHITE) PANT,465,45
4906,68058 32 40,BOYS (WHITE) PANT,560,35
4907,68059 32 40,BOYS (WHITE) PANT,560,40
4908,68060 32 40,BOYS (STAIT) PANT,585,0
4909,68061 32 40,BOYS (STAIT) PANT,585,1
4910,68062 32 40,BOYS (STAIT) PANT,445,70
4911,68063 32 40,BOYS (STAIT) PANT,535,35
4912,68064 32 40,BOYS (STAIT) PANT,615,61
4913,68065 32 40,BOYS (STAIT) PANT,590,0
4914,68066 32 40,BOYS (STAIT) PANT,585,0
4915,68067 32 40,BOYS (STAIT) PANT,530,0
4916,68068 32 40,BOYS (STAIT) PANT,505,32
4917,68069 32 40,BOYS (STAIT) PANT,630,50
4918,68070 32 36,BOYS (STAIT) PANT,595,0
4919,68071 32 36,BOYS (STAIT) PANT,605,0
4920,68072 32 40,BOYS (STAIT) PANT,530,0
4921,68073 32 40,BOYS (STAIT) PANT,605,20
4922,68074 32 40,BOYS (STAIT) PANT,605,35
4923,68075 32 40,BOYS BALL BOTTAM PANT,670,40
4924,68076 32 40,BOYS (STAIT) PANT,620,15
4925,68077 32 40,BOYS (STAIT) PANT,410,0
4926,68078 32 40,BOYS (STAIT) PANT,540,0
4927,68079 32 40,BOYS (STAIT) PANT,640,0
4928,68080 32 40,BOYS RFD STAIT,490,10
4929,68081 32 40,BOYS (R.F.D) PANT,555,5
4930,68082 32 40,BOYS (STAIT) PANT,540,1
4931,68083 32 40,BOYS (STAIT) PANT,615,0
4932,68084 32 40,BOYS (STAIT) PANT,530,0
4933,68085 32 40,BOYS (STAIT) PANT,430,12
4934,68086 32 40,BOYS (STAIT) PANT,410,0
4935,68087 32 36,BOYS (HALF LASTIC) PANT,425,33
4936,68088 32 36,BOYS (STAIT) PANT,550,33
4937,68089 32 36,BOYS (STAIT) PANT,550,33
4938,68090 32 36,BOYS (STAIT) PANT,465,33
4939,68091 32 36,BOYS (STAIT) PANT,465,30
4940,68092 32 40,BOYS (STAIT) PANT,350,95
4941,68093 32 40,BOYS (STAIT) PANT,350,35
4942,68094 32 40,BOYS (STAIT) PANT,350,70
4943,68095 32 40,BOYS (STAIT) PANT,505,10
4944,68096 32 40,BOYS (STAIT) PANT,550,0
4945,68097 32 40,BOYS (STAIT) PANT,595,35
4946,68098 32 40,BOYS (STAIT) PANT,630,5
4947,68099 32 40,BOYS (STAIT) PANT,615,11
4948,68100 32 40,BOYS WHITE PANT,560,45
4949,68101 32 40,BOYS WIDE LEG PANT,480,25
4950,68102 32 40,BOYS WIDE LEG PANT,505,50
4951,68103 32 40,BOYS (STAIT) PANT,570,25
4952,68104 32 40,BOYS(BLACK) PANT,465,15
4953,68105 32 40,BOYS WIDE LEG PANT,0,0
4954,68106 32 40,BOYS WIDE LEG PANT,0,0
4955,68107 32 40,BOYS (STAIT) PANT,540,2
4956,68108 32 40,BOYS (STAIT) PANT,540,16
4957,68109 32 40,BOYS (STAIT) PANT,560,0
4958,68110 32 40,BOYS (STAIT) PANT,560,10
4959,68111 32 36,BOYS (STAIT) PANT,575,30
4960,68112 32 36,BOYS (STAIT) PANT,585,35
4961,68113 32 40,BOYS (STAIT) PANT,540,15
4962,68114 32 40,BOYS WHITE PANT,510,15
4963,68115 32 40,BOYS (STAIT) PANT,520,80
4964,68116 32 40,BOYS (STAIT) PANT,530,20
4965,68117 32 40,BOYS(BLACK) PANT,505,25
4966,68118 32 40,BOYS(BLACK) PANT,525,5
4967,68119 32 40,BOYS WIDE LEG PANT,520,15
4968,68120 34 40,BOYS (STAIT) PANT,530,55
4969,68121 34 40,BOYS (STAIT) PANT,540,48
4970,68122 32 40,BOYS (STAIT) PANT,550,40
4971,68123 32 40,BOYS (STAIT) PANT,450,40
4972,68124 32 40,BOYS PANT,0,0
4973,68125 32 40,BOYS (STAIT) PANT,0,0
4974,68126 32 40,BOYS (STAIT) PANT,650,45
4975,68127 32 40,BOYS (STAIT) PANT,565,50
4976,68128 32 40,BOYS WIDE LEG PANT,575,55
4977,68129 32 40,BOYS (STAIT) PANT,0,0
4978,68130 32 40,"BOY,S FORMAL PANT",0,0
4979,68131 32 40,BOYS (STAIT) PANT,0,0
4980,68132 32 40,BOYS (STAIT) PANT,0,0
4981,68133 32 40,BOYS (STAIT) PANT,0,0
4982,695(536) 24 40,GIRLS SET,895,18
4983,698 B (HG)   28 38    [610449],GOWN INNER (K),850,0
4984,698 S (HG)   20 26    [610449],GOWN INNER (K),710,0
4985,700 3/4TH 12 15,BOYS (R.F.D.) CAPRI,200,92
4986,700 3/4TH 16 18,BOYS (R.F.D.) CAPRI,210,21
4987,700 3/4TH 19 21,BOYS (R.F.D.) CAPRI,220,24
4988,7006(618) 11 13,COAT PANT,1260,0
4989,7006(618) 2 10,COAT PANT,1080,0
4990,7008(618) 11 13,COAT PANT,1080,0
4991,7008(618) 2 10,COAT PANT,900,0
4992,7012(618) 11 13,COAT PANT,1230,0
4993,7012(618) 2 10,COAT PANT,1080,0
4994,7013(618) 11 13,COAT PANT,1620,0
4995,7013(618) 2 10,COAT PANT,1440,-7
4996,7014(618) 2 10,COAT PANT,1499,0
4997,7015(618) 0 5,COAT PANT,1140,0
4998,707 (SI) 16 22    [620442],SHARARA (A),710,0
4999,7072(84) 20 30,GIRLS SET,1205,0
5000,708 (SI) 16 26    [620442],SHARARA (A),710,0
5001,71 (MB) 12 14,FROCK (A),515,20
5002,7100 22 30,GIRLS (HOT) NICKER,215,5
5003,7100 32 40,GIRLS (HOT) NICKER,235,5
5004,711 (SI) 16 22     [620442],FROCK(L),625,0
5005,7152 30 38,GENTS PANT,530,-5
5006,72 (MB) 12 14,FROCK (A),515,14
5007,721(536) 24 34,GIRLS SET,925,0
5008,722(536) 18 22,GIRLS SET,760,0
5009,722(536) 24 34,GIRLS SET,835,0
5010,723(536) 18 22,GIRLS SET,865,3
5011,723(536) 24 34,GIRLS SET,940,12
5012,724(536) 18 22,GIRLS SET,835,0
5013,724(536) 24 34,GIRLS SET,910,0
5014,72529 22 30,GIRLS JEGGING,365,41
5015,72638 22 30,GIRLS (NERO) PANT,315,0
5016,72685 22 30,GIRLS (NERO) PANT,320,89
5017,72702 22 30,GIRLS (SKIRTS),360,35
5018,7281 M XL,G. SHIRT,395,2
5019,72851 22 30,GIRLS P,415,-1
5020,72853 22 30,GIRLS DANGRI,455,20
5021,72886 22 30,GIRLS JEGGING,405,5
5022,72897 22 30,GIRLS(R.F.D)PANT,435,10
5023,7296 M XL,G. SHIRT,395,2
5024,72975 22 30,GIRLS JEGGING,375,10
5025,73009 22 30,GIRLS PANT(DNAM),270,-10
5026,73128 26 30,GIRLS JEGGING,360,11
5027,73129 26 30,GIRLS PANT(DNAM),425,38
5028,73142 16 20,GIRLS PANT(DNAM),325,12
5029,7317(605) 28 38,GIRLS SET,1345,12
5030,73214 22 30,GIRLS PANT(DNAM),455,-1
5031,73222 22 30,GIRLS PANT(DNAM),410,1
5032,73239 22 30,GIRLS D.JEGGING,320,4
5033,73253 22 30,GIRLS DANGRI,495,1
5034,73257 22 30,GIRLS PANT(DNAM),330,1
5035,73309 26 30,GIRLS PANT(DNAM),465,10
5036,73348 22 30,GIRLS PANT(DNAM),410,5
5037,73354 22 30,GIRLS PANT(DNAM),445,1
5038,73360 22 30,GIRLS JEGGING,390,5
5039,73369 22 30,GIRLS JOGGER,315,11
5040,73379 22 30,GIRLS PANT(DNAM),250,9
5041,73384 22 30,GIRLS PANT(DNAM),380,1
5042,73398 22 30,GIRLS PANT(DNAM),360,8
5043,73403 22 30,GIRLS JOGGER,310,84
5044,73407 22 30,GIRLS PANT(DNAM),210,29
5045,7341(605) 16 26,GIRLS SET,895,12
5046,73418 26 30,GIRLS PANT(DNAM),450,2
5047,73428 22 30,GIRLS PANT(DNAM),445,1
5048,73432 22 30,GIRLS PANT(DNAM),375,1
5049,73437 22 30,GIRLS PANT(DNAM),470,1
5050,73438 22 30,GIRLS JEGGING,165,-1
5051,73453 22 30,GIRLS PANT(DNAM),360,18
5052,73454 22 30,GIRLS PANT(DNAM),410,28
5053,73481 26 30,GIRLS PANT(DNAM),415,6
5054,73484 22 30,GIRLS(R.F.D)PANT,435,1
5055,73492 22 36,GIRLS NICKER,130,8
5056,73493 22 30,GIRLS CAPRI (JEGGING),105,30
5057,73500 22 30,GIRLS JEGGINGS,210,-1
5058,73503 26 30,GIRLS JOGGER,355,1
5059,73520 22 30,GIRLS(BLACK)PANT,405,6
5060,73524 22 30,GIRLS PANT(DNAM),415,10
5061,73530 26 30,GIRLS PANT(DNAM),385,5
5062,73543 22 30,GIRLS(R.F.D)PANT,510,3
5063,73546 26 30,GIRLS(R.F.D)PANT,450,20
5064,73547 26 30,GIRLS(R.F.D)PANT,450,25
5065,73550 22 30,GIRLS JEGGING,165,-26
5066,73551 22 30,GIRLS (BALL BOTTOM) JEGGING,205,9
5067,73552 22 30,GIRLS JEGGING,195,20
5068,73554 22 30,GIRLS PANT(DNAM),385,18
5069,73571 22 30,GIRLS PANT(DNAM),295,5
5070,73596 22 30,GIRLS PANT(DNAM),315,-4
5071,73602 26 30,GIRLS PANT(DNAM),380,0
5072,73608 22 30,GIRLS (R.F.D) DANGRI,520,4
5073,73612 22 30,GIRLS PANT(DNAM),425,8
5074,73613 22 30,GIRLS PANT(DNAM),480,2
5075,73624 22 30,GIRLS JEGGING,165,-5
5076,73635 26 30,GIRLS PANT(DNAM),400,8
5077,73645 22 30,GIRLS JEGGINGS,205,0
5078,73663 22 30,GIRLS JEGGING,275,5
5079,73664 22 30,GIRLS JEGGING,200,10
5080,73665 22 30,GIRLS JEGGING,200,45
5081,73667 22 30,GIRLS JEGGING,175,20
5082,73683 26 36,GIRLS JEGGING,195,6
5083,73696 22 30,GIRLS JEGGING,275,14
5084,73697 22 30,GIRLS JEGGING,295,25
5085,73717 22 30,PLAZO (PANT),255,5
5086,73719 22 30,GIRLS(R.F.D)PANT,485,5
5087,73732 22 30,GIRLS(R.F.D)PANT,400,11
5088,73738 22 30,GIRLS PANT(DNAM),305,14
5089,73739 22 30,GIRLS JOGGER,310,5
5090,73755 22 30,GIRLS(R.F.D)PANT,520,0
5091,73756 22 30,GIRLS(R.F.D)PANT,515,10
5092,73758 22 30,GIRLS PANT(DNAM),515,-5
5093,73762 22 30,GIRLS(BLACK)PANT,455,5
5094,73765 22 30,GIRLS(R.F.D)PANT,520,10
5095,73772 22 30,GIRLS (NERO) PANT,510,4
5096,7378(605) 24 34,GIRLS SET,1295,0
5097,73780 22 30,GIRLS (R.F.D) JOGGER,545,20
5098,73783 26 30,GIRLS PANT(DNAM),485,0
5099,73787 22 30,GIRLS PANT(DNAM),400,10
5100,73791 22 30,GIRLS JEGGINGS,265,5
5101,73799 22 30,GIRLS (STRAIT) PANT,460,50
5102,738(536) 24 34,GIRLS SET,865,6
5103,73803 22 30,GIRLS JEGGING,265,-5
5104,73808 22 30,GIRLS (WHITE)PANT,460,5
5105,73810 26 30,GIRLS PANT(DNAM),325,1
5106,73811 26 30,GIRLS PANT(DNAM),440,2
5107,73812 26 30,GIRLS PANT(DNAM),440,1
5108,73817 26 30,GIRLS(R.F.D)PANT,455,1
5109,73822 22 30,GIRLS JOGGER,475,5
5110,73836 26 30,GIRLS PANT(DNAM),360,1
5111,73840 26 30,GIRLS PANT(DNAM),465,-1
5112,73850 22 30,GIRLS (STRAIT) R.F.D,490,-25
5113,73851 22 30,GIRLS(R.F.D)PANT,480,5
5114,73852 26 30,GIRLS PANT(DNAM),450,15
5115,73853 26 30,GIRLS JOGGER,410,15
5116,73854 22 30,GIRLS JEGGING,430,25
5117,73858 22 30,GIRLS (R.F.D) JOGGER,485,5
5118,73864 22 30,GIRLS JOGGER,295,5
5119,73882 22 30,GIRLS PANT(DNAM),475,18
5120,73885 22 30,GIRLS(R.F.D)PANT,495,-1
5121,73887 22 30,GIRLS PANT(DNAM),480,-5
5122,73891 22 30,GIRLS (BALL BOTTOM) PANT,430,2
5123,73895 22 30,GIRLS(R.F.D)PANT,360,4
5124,73898 26 30,GIRLS (BALL BOTTOM) PANT,490,20
5125,73899 22 30,GIRLS JEGGING,165,5
5126,7390(605) 28 38,GIRLS SET,1295,0
5127,73901 22 30,GIRLS (BALL BOTTOM) R.F.D,520,-5
5128,73902 22 30,GIRLS (BALL BOTTOM) R.F.D,470,0
5129,73912 22 30,GIRLS PANT(DNAM),425,-29
5130,73917 26 30,GIRLS PANT(DNAM),335,24
5131,7392(605) 28 38,GIRLS SET,1345,0
5132,73932 22 30,GIRLS (BLK) JOGGER,415,0
5133,73935 22 30,GIRLS(BLACK)PANT,410,25
5134,73936 22 30,GIRLS (WHITE)PANT,415,20
5135,73939 22 30,GIRLS JEGGING,295,-20
5136,73940 22 30,GIRLS JEGGING,295,-20
5137,73941 20 30,GIRLS JEGGING,315,12
5138,73941 22 30,GIRLS JEGGING,315,20
5139,73944 22 30,GIRLS PANT(DNAM),330,0
5140,73949 26 30,GIRLS PANT(DNAM),450,24
5141,73961 22 30,GIRLS JEGGINGS,330,39
5142,73964 22 30,GIRLS PANT(DNAM),425,-29
5143,7397(605) 28 38,GIRLS SET,1315,12
5144,73973 22 30,GIRLS JEGGING,330,44
5145,73982 22 30,GIRLS JEGGING,295,30
5146,73983 22 30,GIRLS JEGGING,295,0
5147,73984 22 30,GIRLS JEGGING,295,30
5148,73985 22 30,GIRLS JEGGING,295,30
5149,73988 22 30,GIRLS (STRAIT) PANT,505,1
5150,73989 22 30,GIRLS PANT(DNAM),415,0
5151,73994 26 30,GIRLS PANT(DNAM),335,2
5152,73998 22 30,GIRLS (WHITE)PANT,415,10
5153,74000 22 30,GIRLS PANT(DNAM),430,-19
5154,74001 26 30,GIRLS (BALL BOTTOM) PANT,435,-7
5155,74003 22 30,GIRLS P,405,-1
5156,74005 22 30,GIRLS PANT(DNAM),425,-19
5157,74006 26 30,GIRLS (BALL BOTTOM) JEGGING,455,20
5158,74007 26 30,GIRLS PANT(DNAM),445,13
5159,74009 22 30,GIRLS (BALL BOTTOM) PANT,515,20
5160,74010 26 30,GIRLS (STRAIT) PANT,445,5
5161,74014 26 30,GIRLS PANT(DNAM),450,1
5162,74015 26 30,GIRLS(BLACK)PANT,415,10
5163,74022 22 30,GIRLS(BLACK)PANT,435,30
5164,74024 22 30,GIRLS (STRAIT) PANT,465,2
5165,74032 26 30,GIRLS PANT(DNAM),440,-1
5166,74035 22 30,GIRLS PANT(DNAM),425,-20
5167,74036 22 30,GIRLS (BALL BOTTOM) PANT,515,0
5168,74038 22 30,GIRLS (STRAIT) PANT,360,1
5169,74041 22 30,GIRLS (STRAIT) R.F.D,470,1
5170,74045 22 30,GIRLS PANT(DNAM),390,2
5171,74046 22 30,GIRLS PANT(DNAM),390,5
5172,74048 22 30,GIRLS PANT(DNAM),450,15
5173,74049 22 30,GIRLS (STRAIT) PANT,475,1
5174,74055 22 30,GIRLS (WHITE)PANT,410,25
5175,74059 22 30,GIRLS PANT(DNAM),430,4
5176,74065 22 30,GIRLS JOGGER,440,10
5177,74066 22 30,GIRLS JOGGER,445,3
5178,74067 22 30,GIRLS (STRAIT) R.F.D,490,1
5179,74074 26 30,GIRLS (NERO) PANT,460,-1
5180,74075 22 30,GIRLS PANT(DNAM),410,0
5181,74076 22 30,GIRLS PANT(DNAM),385,24
5182,74079 22 30,GIRLS (STRAIT) PANT,425,10
5183,74090 22 30,GIRLS PANT(DNAM),445,0
5184,74095 22 30,GIRLS (STRAIT) PANT,480,0
5185,741(536) 24 34,GIRLS SET,835,6
5186,74110 26 30,GIRLS (STRAIT) R.F.D,575,0
5187,74113 22 30,GIRLS (STRAIT) R.F.D,470,0
5188,74116 26 30,GIRLS PANT(DNAM),425,10
5189,74118 22 30,GIRLS(R.F.D)PANT,435,0
5190,74120 26 30,GIRLS PANT(DNAM),395,0
5191,74124 22 30,GIRLS (STRAIT) R.F.D,475,3
5192,74125 22 30,GIRLS PANT(DNAM),415,8
5193,74126 26 30,GIRLS PANT(DNAM),395,15
5194,74127 22 30,GIRLS (STRAIT) PANT,415,0
5195,74129 24 30,GIRLS (STRAIT) PANT,490,0
5196,74130 26 30,GIRLS (STRAIT) R.F.D,490,0
5197,74131 22 30,GIRLS (STRAIT) R.F.D,510,0
5198,74136 22 30,GIRLS (STRAIT) PANT,395,1
5199,74138 22 30,GIRLS (STRAIT) PANT,430,0
5200,74145 26 30,GIRLS (STRAIT) PANT,440,-5
5201,74149 22 30,GIRLS JOGGER,385,41
5202,74151 26 30,GIRLS (STRAIT) PANT,440,2
5203,74155 22 30,GIRLS (BALL BOTTOM) PANT,460,15
5204,74161 26 30,GIRLS (STRAIT) PANT,440,4
5205,74162 26 30,GIRLS (BALL BOTTOM) PANT,450,65
5206,74163 26 30,GIRLS (R.F.D) JOGGER,505,20
5207,74165 26 30,GIRLS (R.F.D) JOGGER,425,0
5208,74166 26 30,GIRLS (STRAIT) R.F.D,470,0
5209,74167 22 30,GIRLS (STRAIT) PANT,505,0
5210,74171 22 30,GIRLS (STRAIT) R.F.D,480,0
5211,74173 22 30,GIRLS (STRAIT) PANT,440,1
5212,74178 26 30,GIRLS (STRAIT) PANT,375,24
5213,74184 26 30,GIRLS (CARGO) STRAIT,475,15
5214,74185 26 30,GIRLS (NERO) PANT,505,9
5215,74186 22 30,GIRLS (STRAIT) PANT,495,0
5216,74187 22 30,GIRLS (STRAIT) PANT,320,0
5217,74189 22 30,GIRLS(R.F.D)PANT,480,0
5218,74192 22 30,GIRLS JOGGER,510,25
5219,74193 22 30,GIRLS (BLK) JOGGER,485,25
5220,74195 22 30,GIRLS(BLACK)PANT,405,15
5221,74198 22 30,GIRLS(BLACK)PANT,380,0
5222,74199 22 30,GIRLS(BLACK)PANT,380,3
5223,742(536) 24 34,GIRLS SET,940,12
5224,74201 22 30,GIRLS (STRAIT) PANT,370,0
5225,74203 26 30,GIRLS (STRAIT) PANT,515,0
5226,74207 26 30,GIRLS (CARGO) STRAIT,440,30
5227,74208 22 30,GIRLS (CARGO) STRAIT,400,0
5228,74209 22 30,GIRLS (STRAIT) PANT,375,0
5229,74213 26 30,GIRLS (CARGO) STRAIT,445,0
5230,74215 22 30,GIRLS JEGGINGS,400,0
5231,74217 26 30,GIRLS (STRAIT) PANT,450,0
5232,74218 26 30,GIRLS (STRAIT) PANT,455,0
5233,74219 26 30,GIRLS (STRAIT) R.F.D,475,4
5234,74220 22 30,GIRLS (STRAIT) PANT,495,10
5235,74221 22 30,GIRLS (STRAIT) PANT,495,0
5236,74223 22 30,GIRLS (CARGO) STRAIT,395,0
5237,74224 26 30,GIRLS (CARGO) STRAIT,505,0
5238,74228 26 30,GIRLS (STRAIT) PANT,410,0
5239,74229 22 30,GIRLS (STRAIT) R.F.D,455,0
5240,74233 22 30,GIRLS (CARGO) STRAIT,460,0
5241,74234 22 30,GIRLS (CARGO) STRAIT,520,0
5242,74235 22 30,GIRLS (CARGO) STRAIT,475,1
5243,74237 22 30,GIRLS (CARGO) STRAIT,505,-10
5244,74239 22 30,GIRLS (STRAIT) PANT,430,-5
5245,74240 22 30,GIRLS (STRAIT) PANT,440,0
5246,74241 26 30,GIRLS (STRAIT) PANT,425,0
5247,74243 24 30,GIRLS (STRAIT) PANT,530,0
5248,74244 24 30,GIRLS (STRAIT) PANT,530,0
5249,74245 24 30,GIRLS PANT(DNAM),530,39
5250,74246 24 30,GIRLS (STRAIT) PANT,490,0
5251,74247 26 30,GIRLS (CARGO) STRAIT,435,0
5252,74249 26 30,GIRLS (CARGO) STRAIT,395,0
5253,74250 22 30,GIRLS (CARGO) STRAIT,515,0
5254,74252 26 30,GIRLS (STRAIT) R.F.D,515,0
5255,74253 22 30,GIRLS (CARGO) STRAIT,495,0
5256,74254 22 30,GIRLS (STRAIT) PANT,380,0
5257,74262 26 30,GIRLS (CARGO) STRAIT,470,0
5258,74263 22 30,GIRLS (CARGO) STRAIT,425,0
5259,74264 22 30,GIRLS (STRAIT) R.F.D,480,0
5260,74265 22 30,GIRLS (CARGO) STRAIT,480,0
5261,74269 26 30,GIRLS (STRAIT) PANT,550,0
5262,74270 26 30,GIRLS (STRAIT) PANT,525,0
5263,74271 26 30,GIRLS (CARGO) STRAIT,555,0
5264,74274 26 30,GIRLS(BLACK)PANT,405,0
5265,74275 26 30,GIRLS (CARGO) STRAIT,470,0
5266,74276 24 30,LADIES (STRAIT) R.F.D,505,4
5267,74277 26 30,GIRLS (CARGO) STRAIT,495,0
5268,74278 22 30,GIRLS (STRAIT) R.F.D,425,0
5269,74279 24 30,GIRLS (CARGO) STRAIT,505,0
5270,74280 22 30,GIRLS (STRAIT) R.F.D,355,4
5271,74282 22 30,GIRLS (CARGO) STRAIT,510,0
5272,74283 24 30,GIRLS (CARGO) STRAIT,530,-1
5273,74284 26 30,GIRLS (CARGO) STRAIT,425,0
5274,74285 26 36,GIRLS (STRAIT) PANT,455,6
5275,74286 26 36,GIRLS (CARGO) STRAIT,480,90
5276,74287 22 30,GIRLS (STRAIT) PANT,435,0
5277,74288 26 30,GIRLS (CARGO) STRAIT,445,0
5278,74289 26 30,GIRLS (CARGO) STRAIT,425,0
5279,74290 22 30,GIRLS (STRAIT) PANT,440,0
5280,74291 22 30,GIRLS (CARGO) STRAIT,485,0
5281,74293 26 36,GIRLS (CARGO) STRAIT,480,8
5282,74294 26 36,GIRLS (CARGO) STRAIT,480,6
5283,74295 26 30,GIRLS (STRAIT) R.F.D,495,10
5284,74296 26 30,GIRLS (CARGO) STRAIT,450,0
5285,74297 26 30,GIRLS (NERO) PANT,415,0
5286,74298 22 30,GIRLS PANT(DNAM),405,-5
5287,74299 26 30,GIRLS (WHITE)PANT,475,0
5288,74300 26 30,GIRLS PANT(DNAM),495,0
5289,74301 22 30,GIRLS (STRAIT) PANT,410,5
5290,74302 22 30,GIRLS (STRAIT) PANT,405,0
5291,74303,GIRLS (CARGO) STRAIT,0,0
5292,74304 26 30,GIRLS (STRAIT) PANT,385,-5
5293,74305 22 30,GIRLS (STRAIT) PANT,410,0
5294,74306,GIRLS (STRAIT) R.F.D,425,15
5295,74307 26 30,GIRLS (CARGO) STRAIT,495,0
5296,74308 26 30,GIRLS (STRAIT) PANT,495,0
5297,74309 26 30,GIRLS (CARGO) STRAIT,505,0
5298,74310 22 30,GIRLS (CARGO) STRAIT,505,0
5299,74311 22 30,GIRLS (CARGO) STRAIT,455,1
5300,74312 22 30,GIRLS (CARGO) STRAIT,435,2
5301,74313 26 30,GIRLS (STRAIT) R.F.D,435,0
5302,74314 22 30,GIRLS PANT(DNAM),320,79
5303,74315 22 30,GIRLS (CARGO) STRAIT,495,0
5304,74316 22 30,GIRLS (STRAIT) PANT,440,0
5305,74317 26 30,GIRLS (CARGO) STRAIT,545,0
5306,74318 22 30,GIRLS JOGGER,310,0
5307,74319 26 30,GIRLS (CARGO) STRAIT,460,1
5308,74320 22 30,GIRLS (CARGO) STRAIT,0,0
5309,74320 26 36,GIRLS (STRAIT) PANT,470,0
5310,74321 22 30,GIRLS (STRAIT) PANT,0,0
5311,74321 26 36,GIRLS (STRAIT) PANT,505,0
5312,74322 22 30,GIRLS (CARGO) STRAIT,450,0
5313,74323 22 30,GIRLS (STRAIT) PANT,440,3
5314,74324 22 30,GIRLS (STRAIT) PANT,640,0
5315,74325 22 30,GIRLS (STRAIT) PANT,440,1
5316,74326 22 30,GIRLS (CARGO) STRAIT,505,0
5317,74327 22 30,GIRLS (STRAIT) R.F.D,495,0
5318,74328 26 30,GIRLS (CARGO) STRAIT,445,0
5319,74329 22 30,GIRLS (CARGO) STRAIT,425,10
5320,74330 26 30,GIRLS (CARGO) STRAIT,440,0
5321,74331 22 30,GIRLS (CARGO) STRAIT,425,-1
5322,74332 26 30,GIRLS (STRAIT) R.F.D,450,30
5323,74333 26 30,GIRLS (STRAIT) PANT,430,0
5324,74334 26 30,GIRLS (CARGO) STRAIT,440,30
5325,74335 22 30,GIRLS (CARGO) PANT,340,65
5326,74336 26 30,GIRLS (CARGO) STRAIT,435,0
5327,74337 26 30,GIRLS (STRAIT) R.F.D,510,9
5328,74338 22 30,GIRLS (STRAIT) PANT,435,5
5329,74339 26 30,GIRLS (CARGO) STRAIT,485,0
5330,74340 26 30,GIRLS (CARGO) STRAIT,0,0
5331,74341 26 30,GIRLS (CARGO) STRAIT,520,0
5332,74342 22 30,GIRLS (CARGO) STRAIT,525,0
5333,74343 22 30,GIRLS JOGGER,390,0
5334,74344 22 30,GIRLS (CARGO) STRAIT,390,0
5335,74345 22 30,GIRLS JOGGER,460,6
5336,74346 22 30,GIRLS (STRAIT) PANT,495,-5
5337,74347 22 30,GIRLS (CARGO) STRAIT,510,-6
5338,74348 26 30,GIRLS (CARGO) STRAIT,460,0
5339,74349 22 30,GIRLS (CARGO) STRAIT,495,9
5340,74350 26 30,GIRLS(BLACK)PANT,460,0
5341,74351 26 30,GIRLS (WHITE)PANT,530,0
5342,74352 26 30,GIRLS PANT(DNAM),495,10
5343,74353 22 30,GIRLS (CARGO) STRAIT,455,0
5344,74354 22 30,GIRLS (CARGO) STRAIT,450,15
5345,74355 22 30,GIRLS (STRAIT) PANT,450,0
5346,74356 26 30,GIRLS (STRAIT) PANT,425,4
5347,74357 26 30,GIRLS (CARGO) STRAIT,470,0
5348,74358 26 30,GIRLS (CARGO) STRAIT,540,0
5349,74359 26 30,GIRLS (CARGO) STRAIT,530,0
5350,74360 26 30,GIRLS (WHITE)PANT,485,0
5351,74361 26 30,GIRLS (CARGO) STRAIT,460,0
5352,74362 26 30,GIRLS (STRAIT) R.F.D,435,0
5353,74363 26 30,GIRLS(BLACK)PANT,425,10
5354,74364 22 30,GIRLS (CARGO) STRAIT,480,5
5355,74365 22 30,GIRLS (STRAIT) PANT,505,0
5356,74366 22 30,GIRLS (STRAIT) PANT,455,0
5357,74367 22 30,GIRLS (STRAIT) PANT,430,2
5358,74368 26 30,GIRLS (STRAIT) R.F.D,435,10
5359,74369 22 30,GIRLS (CARGO) STRAIT,310,2
5360,74370 22 30,GIRLS (CARGO) STRAIT,320,1
5361,74371 22 30,GIRLS (STRAIT) R.F.D,520,5
5362,74372 26 30,GIRLS (CARGO) STRAIT,415,0
5363,74373 22 30,GIRLS (CARGO) STRAIT,355,1
5364,74374 26 36,GIRLS (CARGO) STRAIT,435,30
5365,74375 26 36,GIRLS (STRAIT) PANT,395,101
5366,74376 22 30,GIRLS (CARGO) STRAIT,390,0
5367,74377 26 30,GIRLS(BLACK)PANT,0,0
5368,74378 18 24,GIRLS(BLACK)PANT,430,0
5369,74379 22 30,GIRLS(BLACK)PANT,490,0
5370,74380 22 30,GIRLS (STRAIT) R.F.D,460,2
5371,74381 26 30,GIRLS (STRAIT) PANT,455,25
5372,74382 26 30,GIRLS (STRAIT) R.F.D,455,15
5373,74383 22 30,GIRLS (STRAIT) PANT,405,0
5374,74384 26 30,GIRLS (CARGO) STRAIT,405,0
5375,74385 26 30,GIRLS (CARGO) STRAIT,370,0
5376,74386 26 30,GIRLS (STRAIT) R.F.D,450,1
5377,74387 26 36,GIRLS (STRAIT) PANT,535,0
5378,74388 26 36,GIRLS (CARGO) STRAIT,565,0
5379,74389 26 30,GIRLS (STRAIT) PANT,430,0
5380,74390 22 30,GIRLS (STRAIT) PANT,415,20
5381,74391 26 30,GIRLS (STRAIT) PANT,365,0
5382,74392 22 30,GIRLS (STRAIT) PANT,395,0
5383,74393 26 30,GIRLS (CARGO) STRAIT,310,69
5384,74394 26 30,GIRLS (CARGO) STRAIT,455,0
5385,74395 26 30,GIRLS DANGRI,470,30
5386,74396 24 30,GIRLS (CARGO) PANT,525,0
5387,74397 24 30,GIRLS (STRAIT) PANT,490,10
5388,74398 26 30,GIRLS (STRAIT) R.F.D,510,10
5389,74399 26 30,GIRLS (STRAIT) R.F.D,460,0
5390,74400 26 30,GIRLS (CARGO) STRAIT,435,0
5391,74401 22 30,GIRLS (STRAIT) PANT,405,10
5392,74402 22 30,GIRLS (CARGO) STRAIT,510,0
5393,74403 22 30,GIRLS (CARGO) STRAIT,525,0
5394,74404 22 30,GIRLS (CARGO) STRAIT,525,0
5395,74405 22 30,GIRLS (STRAIT) PANT,370,93
5396,74406 22 30,GIRLS (CARGO) STRAIT,380,0
5397,74407 26 36,GIRLS (CARGO) STRAIT,495,42
5398,74408 26 36,GIRLS (CARGO) STRAIT,505,-1
5399,74409 22 30,GIRLS (STRAIT) PANT,415,0
5400,74410 22 30,GIRLS (CARGO) STRAIT,435,0
5401,74411 22 30,GIRLS (CARGO) STRAIT,440,0
5402,74412  26 36,GIRLS (STRAIT) PANT,505,0
5403,74413 22 30,GIRLS (STRAIT) PANT,475,0
5404,74414 22 30,GIRLS (CARGO) STRAIT,440,0
5405,74415 26 30,GIRLS (CARGO) STRAIT,470,0
5406,74416 22 30,GIRLS (CARGO) STRAIT,435,5
5407,74417 22 30,GIRLS (STRAIT) PANT,365,0
5408,74418 22 30,GIRLS (STRAIT) PANT,320,0
5409,74419 22 30,GIRLS (CARGO) STRAIT,475,0
5410,74420 22 30,GIRLS (STRAIT) PANT,455,0
5411,74421 26 30,GIRLS (CARGO) PANT,415,0
5412,74422 26 30,GIRLS(R.F.D)PANT,435,0
5413,74423 22 30,GIRLS (CARGO) STRAIT,455,0
5414,74424 22 30,GIRLS (STRAIT) R.F.D,465,10
5415,74425 26 30,GIRLS (STRAIT) R.F.D,465,14
5416,74426 26 30,GIRLS (STRAIT) PANT,385,0
5417,74427 26 30,GIRLS (CARGO) STRAIT,435,0
5418,74428 26 30,GIRLS (STRAIT) PANT,415,0
5419,74429 26 30,GIRLS (STRAIT) R.F.D,490,25
5420,74430 22 30,GIRLS(BLACK)PANT,440,0
5421,74431 22 30,GIRLS(BLACK)PANT,450,0
5422,74432 26 30,BOYS (CARGO) STRAIT,415,10
5423,74433 26 30,GIRLS (STRAIT) R.F.D,470,5
5424,74434 22 30,GIRLS (STRAIT) PANT,515,0
5425,74435 22 30,GIRLS (STRAIT) PANT,410,0
5426,74436 26 30,GIRLS (STRAIT) PANT,375,0
5427,74437 22 30,GIRLS (STRAIT) PANT,485,0
5428,74438 22 30,GIRLS (STRAIT) PANT,460,0
5429,74439 26 30,GIRLS (CARGO) STRAIT,380,0
5430,74440 22 30,GIRLS (STRAIT) R.F.D,505,29
5431,74441 22 30,GIRLS (STRAIT) PANT,425,0
5432,74442 22 30,GIRLS (STRAIT) PANT,435,0
5433,74443 26 30,GIRLS (STRAIT) PANT,440,0
5434,74444 22 30,GIRLS (STRAIT) PANT,385,11
5435,74445 24 30,GIRLS (CARGO) STRAIT,490,0
5436,74446 26 30,GIRLS (STRAIT) PANT,425,0
5437,74447 26 30,GIRLS (CARGO) STRAIT,435,0
5438,74448 26 30,GIRLS(BLACK)PANT,0,0
5439,74449 26 30,GIRLS (STRAIT) R.F.D,470,0
5440,74450 26 30,GIRLS (STRAIT) PANT,290,50
5441,74451 22 30,GIRLS (STRAIT) PANT,510,0
5442,74452 26 30,GIRLS (STRAIT) PANT,475,6
5443,74453 22 30,GIRLS (STRAIT) PANT,455,40
5444,74454 22 30,GIRLS (CARGO) STRAIT,480,0
5445,74455 22 30,GIRLS (CARGO) STRAIT,475,0
5446,74456 22 30,GIRLS (CARGO) STRAIT,425,0
5447,74457 26 30,GIRLS (CARGO) STRAIT,475,0
5448,74458 26 30,GIRLS (STRAIT) PANT,455,0
5449,74459 22 30,LADIES (STRAIT) PANT,470,0
5450,74460 22 30,GIRLS (STRAIT) PANT,415,0
5451,74461 22 30,GIRLS (STRAIT) PANT,425,0
5452,74462 26 30,GIRLS (STRAIT) PANT,380,0
5453,74463 22 30,BOYS(BLACK) PANT,440,0
5454,74464 22 30,GIRLS (STRAIT) PANT,280,15
5455,74465 26 30,GIRLS (STRAIT) PANT,430,0
5456,74466 26 30,GIRLS (STRAIT) PANT,425,40
5457,74467 22 30,GIRLS(BLACK)PANT,415,0
5458,74468 26 30,GIRLS(BLACK)PANT,415,0
5459,74469 22 30,GIRLS (STRAIT) R.F.D,395,40
5460,74470 22 30,GIRLS (STRAIT) R.F.D,430,55
5461,74471 22 30,GIRLS (STRAIT) PANT,505,1
5462,74472 22 30,GIRLS (CARGO) STRAIT,530,0
5463,74473 22 30,GIRLS (CARGO) STRAIT,475,0
5464,74474 22 30,GIRLS (STRAIT) PANT,460,0
5465,74475 22 30,GIRLS JEGGING,175,135
5466,74476 22 30,GIRLS (STRAIT) R.F.D,470,10
5467,74477 26 30,GIRLS (STRAIT) PANT,535,0
5468,74478 22 30,GIRLS (STRAIT) PANT,415,0
5469,74479 22 30,GIRLS (STRAIT) PANT,435,0
5470,74480 22 30,GIRLS (STRAIT) PANT,425,15
5471,74481 22 30,GIRLS (CARGO) STRAIT,385,4
5472,74482 22 30,GIRLS (STRAIT) PANT,365,0
5473,74483 22 30,GIRLS (STRAIT) PANT,510,0
5474,74484 22 30,GIRLS(BLACK)PANT,455,5
5475,74485 22 30,GIRLS(BLACK)PANT,440,0
5476,74486 22 30,GIRLS (STRAIT) PANT,390,0
5477,74487 22 30,LADIES (STRAIT) R.F.D,445,0
5478,74488 26 30,GIRLS (CARGO) STRAIT,485,15
5479,74489 26 30,GIRLS (STRAIT) PANT,465,0
5480,74490 26 30,GIRLS (STRAIT) PANT,465,0
5481,74491 22 30,GIRLS (STRAIT) PANT,395,0
5482,74492 22 30,GIRLS (STRAIT) PANT,435,0
5483,74493 22 30,BOYS (STAIT) PANT,435,0
5484,74494 26 36,GIRLS (STRAIT) PANT,475,0
5485,74495 20 30,GIRLS (STRAIT) PANT,415,0
5486,74496 20 30,GIRLS (STRAIT) PANT,495,0
5487,74497 20 30,GIRLS (STRAIT) PANT,430,0
5488,74498 26 30,GIRLS (STRAIT) PANT,375,0
5489,74499 26 30,GIRLS (STRAIT) PANT,480,0
5490,74500 22 30,GIRLS (STRAIT) PANT,475,0
5491,74501 22 30,GIRLS (STRAIT) PANT,370,0
5492,74502 22 30,GIRLS (STRAIT) PANT,440,0
5493,74503 26 30,GIRLS (STRAIT) PANT,470,0
5494,74504 26 36,GIRLS (STRAIT) PANT,220,0
5495,74505 22 30,PAJAMA,205,0
5496,74506 26 36,GIRLS (STRAIT) PANT,235,0
5497,74507 22 30,GIRLS (STRAIT) PANT,280,0
5498,74508 22 30,GIRLS (STRAIT) PANT,410,5
5499,74509 20 30,GIRLS (STRAIT) PANT,490,0
5500,74510 26 36,GIRLS (STRAIT) PANT,540,0
5501,74511 26 36,GIRLS (STRAIT) PANT,540,0
5502,74512 26 36,GIRLS (STRAIT) PANT,195,0
5503,74513 26 36,PAJAMA,205,0
5504,74515 24 30,GIRLS (STRAIT) PANT,490,0
5505,74516 24 30,GIRLS (STRAIT) PANT,455,10
5506,74517 22 30,GIRLS (STRAIT) PANT,385,0
5507,74518 26 30,GIRLS (STRAIT) PANT,380,42
5508,74519 26 30,GIRLS (CARGO) STRAIT,425,35
5509,74520 26 36,PAJAMA,220,0
5510,74521 26 30,GIRLS (STRAIT) PANT,410,0
5511,74522 26 36,GIRLS (STRAIT) PANT,210,0
5512,74523 26 36,GIRLS (STRAIT) PANT,550,12
5513,74524 26 36,GIRLS (STRAIT) PANT,525,12
5514,74525 26 30,GIRLS (STRAIT) PANT,410,17
5515,74526 26 30,GIRLS(BLACK)PANT,425,18
5516,74527 22 30,GIRLS (CARGO) STRAIT,560,0
5517,74528 24 30,GIRLS (STRAIT) PANT,375,0
5518,74529 22 30,GIRLS(BLACK)PANT,475,15
5519,74530 24 30,GIRLS (STRAIT) PANT,405,55
5520,74531 24 30,GIRLS(BLACK)PANT,460,0
5521,74532 22 30,GIRLS (STRAIT) PANT,520,0
5522,74533 22 30,GIRLS (STRAIT) PANT,520,20
5523,74534 26 36,PAJAMA,195,-2
5524,74535 22 30,GIRLS (STRAIT) PANT,505,1
5525,74536 22 30,GIRLS (STRAIT) PANT,485,35
5526,74537 22 30,GIRLS (STRAIT) PANT,485,10
5527,74539 22 30,GIRLS JEGGING,295,5
5528,74540 22 30,GIRLS JEGGING,295,25
5529,74541 22 30,GIRLS (CARGO) STRAIT,535,0
5530,74542 22 30,GIRLS (CARGO) STRAIT,485,25
5531,74543 24 30,GIRLS (STRAIT) PANT,535,0
5532,74544 22 30,GIRLS (STRAIT) PANT,385,0
5533,74545 22 30,GIRLS (CARGO) STRAIT,450,5
5534,74546 26 36,PAJAMA,0,0
5535,74547 22 30,GIRLS (STRAIT) PANT,395,0
5536,74548 20 30,PAJAMA,225,0
5537,74549 26 30,GIRLS (STRAIT) PANT,535,11
5538,74550 26 36,GIRLS (STRAIT) PANT,545,3
5539,74551 22 30,GIRLS (STRAIT) PANT,445,0
5540,74552 22 30,GIRLS (STRAIT) PANT,490,0
5541,74553 26 30,GIRLS (STRAIT) PANT,490,0
5542,74554 22 30,GIRLS (STRAIT) R.F.D,510,39
5543,74555 26 30,GIRLS (STRAIT) R.F.D,535,71
5544,74556 24 30,LADIES (STRAIT) PANT,510,0
5545,74557 22 30,GIRLS (STRAIT) PANT,405,0
5546,74558 22 30,GIRLS (STRAIT) PANT,485,60
5547,74559 26 30,GIRLS (STRAIT) PANT,450,0
5548,74560 22 30,GIRLS (STRAIT) PANT,440,15
5549,74561 22 30,GIRLS (STRAIT) PANT,405,45
5550,74562 22 30,GIRLS (STRAIT) PANT,435,50
5551,74563 26 30,GIRLS (DENIM) PANT,495,29
5552,74564 26 30,GIRLS (DENIM) PANT,495,24
5553,74565 22 30,GIRLS (DENIM) PANT,490,25
5554,74566 22 30,GIRLS (DENIM) PANT,525,10
5555,74567 22 30,GIRLS (STRAIT) PANT,510,20
5556,74568 22 30,GIRLS (STRAIT) PANT,465,0
5557,74569 20 30,GIRLS (STRAIT) PANT,515,12
5558,74570 20 30,GIRLS (STRAIT) PANT,490,24
5559,74571 22 30,GIRLS (STRAIT) PANT,490,28
5560,74572 20 30,GIRLS (STRAIT) PANT,480,28
5561,74573 20 30,GIRLS (STRAIT) PANT,490,5
5562,74574 22 30,GIRLS (STRAIT) PANT,355,215
5563,74575 22 30,GIRLS (STRAIT) PANT,280,8
5564,74576 22 30,GIRLS (STRAIT) PANT,280,5
5565,74577 22 30,GIRLS (STRAIT) PANT,510,40
5566,74578 22 30,GIRLS (STRAIT) PANT,510,50
5567,74579 22 30,GIRLS (STRAIT) PANT,470,70
5568,74580 22 30,GIRLS (STRAIT) PANT,345,150
5569,74581 22 30,GIRLS (STRAIT) PANT,395,0
5570,74582 22 30,GIRLS (STRAIT) PANT,395,0
5571,74583 22 30,GIRLS (STRAIT) PANT,395,0
5572,74584 22 30,GIRLS (STRAIT) PANT,530,25
5573,74585 26 36,GIRLS (STRAIT) PANT,540,60
5574,74586 22 30,GIRLS (STRAIT) PANT,385,0
5575,74587 26 30,GIRLS (STRAIT) PANT,535,48
5576,74588 22 30,GIRLS (STRAIT) PANT,460,10
5577,74589 22 30,GIRLS (WHITE)PANT,390,245
5578,74590 22 30,GIRLS (WHITE)PANT,410,256
5579,74591 22 30,GIRLS (STRAIT) PANT,490,0
5580,74592 22 30,GIRLS (STRAIT) PANT,490,45
5581,74593 22 30,GIRLS (STRAIT) PANT,390,0
5582,74594 18 24,GIRLS (STRAIT) PANT,0,0
5583,74595 22 30,GIRLS (STRAIT) PANT,520,50
5584,74596 22 30,GIRLS (STRAIT) PANT,545,30
5585,74597 22 30,GIRLS (STRAIT) PANT,480,20
5586,74598 26 30,GIRLS (STRAIT) PANT,495,40
5587,74599 26 30,GIRLS (STRAIT) PANT,460,0
5588,74600 26 30,GIRLS (STRAIT) PANT,450,0
5589,74601 26 30,GIRLS (STRAIT) PANT,475,0
5590,74602 26 36,GIRLS (STRAIT) PANT,510,0
5591,74603 26 30,GIRLS (STRAIT) PANT,475,0
5592,74604 22 30,GIRLS WIDE LEG,505,15
5593,74605 22 30,GIRLS WIDE LEG,505,35
5594,74606 22 30,GIRLS WIDE LEG,505,20
5595,74607 22 30,GIRLS WIDE LEG,505,45
5596,74608 22 30,GIRLS WIDE LEG,505,20
5597,74609 22 30,GIRLS(BLACK)PANT,475,0
5598,74610 22 30,GIRLS (STRAIT) PANT,330,130
5599,74611 22 30,GIRLS (STRAIT) PANT,330,225
5600,74612 22 30,GIRLS (STRAIT) PANT,475,10
5601,74613 22 30,GIRLS WIDE LEG,515,40
5602,74614 22 30,GIRLS WIDE LEG,505,20
5603,74615 26 30,GIRLS (STRAIT) PANT,470,40
5604,74616 22 30,GIRLS WIDE LEG,475,5
5605,74617 26 30,GIRLS R F D WIDE LEG,485,75
5606,74618 26 30,GIRLS WIDE LEG,475,20
5607,74619 26 30,GIRLS (STRAIT) PANT,435,0
5608,74620 22 30,GIRLS (STRAIT) PANT,345,300
5609,748(536) 24 34,GIRLS SET,825,0
5610,750(536) 18 28,GIRLS SET,710,0
5611,7500 22 30,GIRLS (NICKER) DANGRI,285,39
5612,7500 32 40,GIRLS (NICKER) DANGRI,310,20
5613,7503 32 40,GIRLS (NICKER) DANGRI,310,5
5614,7509 20 30,GIRLS (NICKER) DANGRI,285,24
5615,7512 20 30,GIRLS (NICKER) DANGRI,285,66
5616,75480(624) 24 34,GIRLS SET,850,0
5617,75497(624) 20 30,GIRLS SET,705,0
5618,755(536) 24 34,GIRLS SET,1120,6
5619,75512(624) 18 28,GIRLS SET,730,0
5620,75513(624) 20 30,GIRLS SET,725,0
5621,75514(624)  24 34,PLAZO SET,985,0
5622,75518(624) 24 34,GIRLS SET,935,0
5623,75521(624) 24 34,GIRLS SET,775,0
5624,75522(624) 24 34,GIRLS SET,935,12
5625,75526(624) 24 34,GIRLS SET,935,6
5626,75528(624) 24 34,GIRLS SET,860,0
5627,75529(624) 24 34,GIRLS SET,825,0
5628,75530(624) 24 34,GIRLS SET,890,0
5629,75534(624) 24 34,MIDDY KOTI,935,0
5630,75535(624) 24 34,GIRLS SET,850,0
5631,75536(624) 24 34,CORD SET (G),870,6
5632,75538(624) 24 34,GIRLS SET,850,0
5633,75539(624) 22 32,GIRLS SET,860,0
5634,75539(624) 34 40,GIRLS SET,970,0
5635,75541(624) 24 34,GIRLS SET,825,0
5636,75547(624)  24 34,PANT TOP,935,0
5637,75548(624) 20 30,PANT TOP,795,6
5638,75549(624) 24 34,GIRLS SET,825,0
5639,75553(624) 24 34,CORD SET,870,0
5640,75554(624) 24 34,PANT TOP,805,0
5641,75555(624) 24 34,GIRLS SET,815,12
5642,75556(624) 24 34,CORD SET,850,0
5643,75558(624) 24 34,CORD SET,935,0
5644,75559(624) 34 40,GIRLS SET,945,0
5645,75561(624) 24 34,DRESS (G),835,0
5646,75562(624) 24 34,DRESS (G),915,0
5647,75563(624) 18 22,DRESS (G),675,0
5648,75563(624) 24 34,DRESS (G),810,0
5649,75566(624)  24 34,MIDI SET,760,0
5650,75568(624)  24 34,WESTERN DRESS,780,0
5651,75570(624)  24 34,MIDI SET,875,0
5652,75571(624)  24 34,CORD SET,750,0
5653,75572(624)  24 34,PANT TOP,985,0
5654,75573(624)  24 34,MIDDY,840,0
5655,75575 (624)  34 40,CORD SET,899,0
5656,75576(624)  34 40,PLAZO SET,835,0
5657,75578(624)  24 34,WESTERN DRESS,825,0
5658,75580(624) 24 34,GIRLS SET,825,42
5659,75581(624) 24 34,GIRLS SET,1030,12
5660,75582(624) 24 34,GIRLS SET,1099,0
5661,75583(624) 24 34,CORD SET (G),775,0
5662,75585(624) 24 34,GIRLS SET,935,0
5663,75586(624) 24 34,GIRLS SET,915,18
5664,75587(624) 24 34,GIRLS SET,875,12
5665,75589(624) 24 34,GIRLS SET,935,6
5666,757(536) 24 34,GIRLS SET,866,0
5667,7669 28,NIKKER DUNGREE,645,1
5668,771(536) 24 34,GIRLS SET,1255,0
5669,7741 28,ANKLE,615,1
5670,778(536) 18 22,GIRLS SET,835,0
5671,778(536) 24 34,GIRLS SET,910,0
5672,7838 28,MIDDI DUNGREE,650,1
5673,795(536) 18 22,GIRLS SET,980,0
5674,795(536) 24 34,GIRLS SET,1085,6
5675,797(536) 24 34,GIRLS SET,890,0
5676,802(598) 2 10,KURTA PAJAMA,610,27
5677,816 34 40,GIRLS SET (K),1235,0
5678,81610 32 40,GIRLS (NERO) PANT,330,20
5679,82777 28 36,PLAZO (PANT),395,-2
5680,82812 24 36,PLAZO (PANT),380,-4
5681,82844 26 36,PLAZO (PANT),405,-11
5682,833 10 16,BOYS SHIRTS,305,9
5683,83712 32 40,GIRLS JEGGING,405,1
5684,83722 32 40,GIRLS (NERO) PANT,415,20
5685,83804 32 40,GIRLS PANT(COTRIS),415,5
5686,83880 32 40,GIRLS (NERO) PANT,380,3
5687,83940 32 40,GIRLS (SKIRTS),375,15
5688,83983 32 40,GIRLS (NICKER) DANGRI,335,25
5689,84001 32 40,GIRLS(BLACK)PANT,360,1
5690,84149 32 40,GIRLS(R.F.D)PANT,475,10
5691,84172 32 40,GIRLS (DENIM) PANT,0,0
5692,84205 32 40,GIRLS DANGRI,560,-5
5693,84262 32 40,GIRLS JEGGINGS,300,5
5694,84388 32 40,GIRLS (NERO) PANT,495,5
5695,84393 32 40,GIRLS PANT(DNAM),305,5
5696,84419 32 40,GIRLS PANT(DNAM),475,5
5697,84441 32 40,GIRLS(R.F.D)PANT,415,1
5698,84466 32 38,GIRLS JEGGING,395,140
5699,84467 32 38,GIRLS JEGGING,395,3
5700,84548 32 40,GIRLS PANT(DNAM),485,-2
5701,84610 32 40,GIRLS JEGGING,395,9
5702,84660 32 40,GIRLS (VELVET) PANT,415,40
5703,84661 32 40,GIRLS (VELVET) PANT,385,3
5704,84662 32 40,GIRLS (VELVET) PANT,385,2
5705,84669 32 40,GIRLS (NERO) PANT,375,3
5706,84676 32 40,GIRLS JEGGING,425,10
5707,84710 32 40,GIRLS JEGGING,430,3
5708,84746 32 40,GIRLS PANT(DNAM),430,5
5709,84764 32 40,GIRLS JEGGING,425,1
5710,84772 32 40,GIRLS(BLACK)PANT,445,5
5711,84794 32 40,GIRLS JEGGING,395,1
5712,84838 32 40,GIRLS(R.F.D)PANT,455,-1
5713,84841 32 40,GIRLS JEGGING,380,5
5714,84842 32 40,GIRLS JEGGING,405,5
5715,84877 32 40,GIRLS PANT(DNAM),355,1
5716,84888 32 40,GIRLS JOGGER,315,100
5717,84926 32 40,GIRLS PANT(DNAM),415,1
5718,84933 32 40,GIRLS (CARGO) PANT,400,10
5719,84935 32 40,GIRLS JEGGING,390,1
5720,84936 32 40,PLAZO (PANT),400,5
5721,84937 32 40,GIRLS JOGGER,395,25
5722,84950 32 40,GIRLS JEGGING,395,10
5723,84951 32 40,GIRLS JEGGING,385,0
5724,84952 32 40,GIRLS PANT(DNAM),435,5
5725,84967 32 40,GIRLS JEGGING,430,10
5726,84988 32 40,GIRLS JEGGINGS,395,1
5727,84991 32 40,GIRLS(BLACK)PANT,395,5
5728,85036 32 40,GIRLS PANT(DNAM),425,5
5729,85041 32 40,GIRLS PANT(DNAM),535,1
5730,85043 32 40,GIRLS PANT(DNAM),370,-5
5731,85057 32 40,GIRLS JEGGINGS,295,44
5732,85063 32 40,GIRLS PANT(DNAM),490,22
5733,85069 32 40,GIRLS PANT(DNAM),315,4
5734,85079 32 40,GIRLS(R.F.D)PANT,475,1
5735,85081 32 40,GIRLS PANT(DNAM),490,10
5736,85090 32 40,GIRLS (BALL BOTTOM) PANT,550,3
5737,85092 32 40,GIRLS PANT(DNAM),415,5
5738,85097 32 40,GIRLS (BALL BOTTOM) PANT,395,0
5739,85099 32 40,GIRLS PANT(DNAM),505,1
5740,85101 32 40,GIRLS JEGGING,205,11
5741,85111 32 40,GIRLS PANT(DNAM),450,5
5742,85112 32 40,GIRLS PANT(DNAM),505,5
5743,85119 32 40,GIRLS PANT(DNAM),445,5
5744,85120 32 40,GIRLS JEGGING,215,5
5745,85129 32 40,GIRLS JOGGER,395,25
5746,85130 32 40,GIRLS JOGGER,395,15
5747,85146 32 40,GIRLS PANT(DNAM),300,5
5748,85159 32 40,GIRLS D.JEGGING,385,-3
5749,85174 32 40,GIRLS JEGGING,235,5
5750,85175 32 40,GIRLS JEGGING,235,5
5751,85181 32 40,GIRLS DANGRI,555,1
5752,85192 32 40,GIRLS (BALL BOTTOM) PANT,485,0
5753,85194 32 40,GIRLS CAPRI (JEGGING),145,45
5754,85202 32 40,GIRLS JOGGER,385,9
5755,85211 32 40,GIRLS(R.F.D)PANT,510,1
5756,85212 36 40,GIRLS PANT(DNAM),475,4
5757,85230 32 40,GIRLS PANT(DNAM),505,1
5758,85237 32 40,GIRLS (BALL BOTTOM) PANT,450,-5
5759,85249 32 40,GIRLS JEGGING,245,90
5760,85250 32 40,GIRLS JEGGING,195,61
5761,85251 32 40,GIRLS (BALL BOTTOM) JEGGING,245,69
5762,85252 32 40,GIRLS JEGGING,235,85
5763,85259 32 40,GIRLS PANT(DNAM),450,5
5764,85369 32 40,GIRLS JOGGER,315,2
5765,85371 32 40,GIRLS DANGRI,490,75
5766,85378 32 40,GIRLS (BALL BOTTOM) PANT,495,74
5767,85381 32 40,GIRLS PANT(DNAM),455,2
5768,85404 32 40,GIRLS PANT(DNAM),360,1
5769,85405 32 40,GIRLS JEGGINGS,245,15
5770,85416 32 40,GIRLS(R.F.D)PANT,540,5
5771,85431 32 40,GIRLS (BALL BOTTOM) PANT,535,9
5772,85445 32 40,GIRLS(BLACK)PANT,505,-5
5773,85448 32 40,GIRLS PANT(DNAM),460,5
5774,85458 32 40,GIRLS JEGGING,315,10
5775,85459 32 40,GIRLS JEGGING,240,0
5776,85460 32 40,GIRLS JEGGING,240,75
5777,85461 32 40,GIRLS JEGGING,215,35
5778,85463 32 40,GIRLS PANT(DNAM),455,5
5779,85464 32 40,GIRLS PANT(DNAM),455,10
5780,85478 32 40,GIRLS JOGGER,440,1
5781,85489 32 40,GIRLS (R.F.D) JOGGER,550,0
5782,85504 32 40,GIRLS (NERO) PANT,355,4
5783,85509 32 40,GIRLS (NERO) PANT,450,4
5784,85514 32 40,GIRLS (NERO) PANT,365,0
5785,85516 32 40,GIRLS JEGGING,315,20
5786,85517 32 40,GIRLS JEGGING,335,0
5787,85521 32 40,GIRLS JOGGER,425,-5
5788,85523 32 40,GIRLS JEGGING,405,-5
5789,85524 32 40,GIRLS PANT(DNAM),560,10
5790,85527 32 40,GIRLS(BLACK)PANT,495,5
5791,85534 32 40,GIRLS JOGGER,560,1
5792,85543 32 40,GIRLS JEGGING,425,1
5793,85545 32 40,GIRLS (WHITE)PANT,465,5
5794,85547 32 40,PLAZO (PANT),295,15
5795,85548 32 40,GIRLS (STRAIT) PANT,385,-1
5796,85551 32 40,GIRLS(R.F.D)PANT,535,25
5797,85553 32 40,GIRLS (R.F.D) JOGGER,540,-1
5798,85554 32 40,GIRLS(R.F.D)PANT,520,-1
5799,85556 32 40,GIRLS(BLACK)PANT,495,-1
5800,85566 32 40,GIRLS JOGGER,450,0
5801,85568 32 40,GIRLS PANT(DNAM),395,2
5802,85571 32 40,GIRLS PANT(DNAM),425,10
5803,85582 32 40,GIRLS(R.F.D)PANT,570,5
5804,85600 32 40,GIRLS JOGGER,415,10
5805,85603 32 40,GIRLS JEGGINGS,305,30
5806,85606 26 30,GIRLS D.JEGGING,445,62
5807,85612 32 40,GIRLS PANT(DNAM),495,-1
5808,85614 32 40,GIRLS PANT(DNAM),310,5
5809,85620 36 40,GIRLS PANT(DNAM),415,35
5810,85621 36 40,GIRLS PANT(DNAM),415,-35
5811,85622 36 40,GIRLS PANT(DNAM),415,-20
5812,85627 32 40,GIRLS JEGGING,320,35
5813,85643 32 40,GIRLS (R.F.D) JOGGER,510,-1
5814,85660 32 40,GIRLS PANT(DNAM),450,10
5815,85662 32 40,GIRLS PANT(DNAM),430,40
5816,85668 32 40,GIRLS PANT(DNAM),450,-2
5817,85671 32 40,GIRLS PANT(DNAM),465,-10
5818,85673 32 40,GIRLS PANT(DNAM),505,5
5819,85681 32 40,GIRLS PANT(DNAM),415,-1
5820,85702 32 40,GIRLS (STRAIT) PANT,390,-4
5821,85711 32 40,GIRLS PANT(DNAM),350,15
5822,85713 32 40,GIRLS PANT(DNAM),350,10
5823,85718 32 40,GIRLS PANT(DNAM),375,5
5824,85723 32 40,GIRLS PANT(DNAM),510,5
5825,85738 32 40,GIRLS PANT(DNAM),525,0
5826,85745 32 40,GIRLS PANT(DNAM),425,1
5827,85748 32 40,GIRLS(R.F.D)PANT,555,-30
5828,85768 32 40,GIRLS (STRAIT) PANT,415,1
5829,85774 32 40,GIRLS(R.F.D)PANT,570,0
5830,85792 32 40,GIRLS (NERO) PANT,505,1
5831,85818 32 40,GIRLS(R.F.D)PANT,540,0
5832,85819 32 40,GIRLS(R.F.D)PANT,540,6
5833,85820 32 40,GIRLS PANT(DNAM),365,-5
5834,85827 32 40,GIRLS (BALL BOTTOM) PANT,570,-1
5835,85828 32 40,GIRLS JEGGING,205,15
5836,85829 32 40,GIRLS JEGGING,365,4
5837,85834 32 40,GIRLS (BALL BOTTOM) PANT,510,9
5838,85839 32 40,GIRLS PANT(DNAM),390,46
5839,85842 32 40,GIRLS (STRAIT) PANT,360,1
5840,85843 32 40,GIRLS (STRAIT) PANT,365,1
5841,85851 32 40,GIRLS PANT(DNAM),445,-1
5842,85852 32 40,GIRLS PANT(DNAM),460,55
5843,85880 32 40,GIRLS JEGGING,400,5
5844,85904 32 40,GIRLS JEGGING,370,5
5845,85912 32 40,GIRLS PANT(DNAM),515,20
5846,85922 32 40,GIRLS(BLACK)PANT,475,5
5847,85928 32 40,GIRLS(R.F.D)PANT,535,0
5848,85929 32 40,GIRLS (R.F.D) JOGGER,610,0
5849,85933 32 40,GIRLS (BALL BOTTOM) PANT,505,0
5850,85934 32 40,GIRLS PANT(DNAM),455,0
5851,85944 32 40,GIRLS (STRAIT) PANT,455,0
5852,85946 32 40,GIRLS(R.F.D)PANT,525,0
5853,85951 32 40,GIRLS (WHITE)PANT,505,20
5854,85953 32 40,GIRLS(BLACK)PANT,380,0
5855,85961 32 40,GIRLS (STRAIT) R.F.D,565,5
5856,85979 32 40,GIRLS (BALL BOTTOM) PANT,460,0
5857,85991 32 40,GIRLS (STRAIT) PANT,460,-5
5858,86004 32 40,GIRLS (STRAIT) PANT,410,1
5859,86006 32 40,GIRLS PANT(DNAM),525,10
5860,86019 32 40,GIRLS(R.F.D)PANT,495,0
5861,86020 32 40,GIRLS PANT(DNAM),520,-10
5862,86021 32 40,GIRLS(R.F.D)PANT,490,10
5863,86025 32 40,GIRLS (STRAIT) PANT,425,1
5864,86028 32 40,GIRLS (STRAIT) PANT,580,0
5865,86036 32 40,GIRLS PANT(DNAM),560,-5
5866,86037 32 40,GIRLS(R.F.D)PANT,525,0
5867,86039 32 40,GIRLS PANT(DNAM),495,0
5868,86043 32 40,GIRLS PANT(DNAM),425,8
5869,86062 32 40,GIRLS PANT(DNAM),440,2
5870,86063 32 40,GIRLS(BLACK)PANT,565,-15
5871,86096 32 40,GIRLS (STRAIT) R.F.D,545,-1
5872,86101 32 40,GIRLS(R.F.D)PANT,495,0
5873,86113 32 40,GIRLS PANT(DNAM),425,5
5874,86128 32 40,GIRLS(R.F.D)PANT,475,2
5875,86131 32 40,GIRLS (STRAIT) PANT,535,0
5876,86132 32 40,GIRLS PANT(DNAM),530,10
5877,86141 32 40,GIRLS(BLACK)PANT,460,-5
5878,86142 32 40,GIRLS (BALL BOTTOM) PANT,430,1
5879,86143 32 40,GIRLS (STRAIT) PANT,410,1
5880,86160 32 40,GIRLS (STRAIT) PANT,515,0
5881,86169 32 40,GIRLS(R.F.D)PANT,460,0
5882,86189 32 40,GIRLS(R.F.D)PANT,460,0
5883,86192 32 40,GIRLS(BLACK)PANT,490,0
5884,86215 32 40,GIRLS (STRAIT) PANT,520,0
5885,86223 32 40,GIRLS(R.F.D)PANT,475,-5
5886,86237 32 40,GIRLS (STRAIT) PANT,435,5
5887,86239 32 40,GIRLS (STRAIT) PANT,435,5
5888,86245 32 40,GIRLS (STRAIT) R.F.D,525,0
5889,86246 32 40,GIRLS (STRAIT) R.F.D,545,1
5890,86259 32 40,GIRLS (BALL BOTTOM) PANT,445,5
5891,86266 32 40,GIRLS PANT(DNAM),430,-5
5892,86272 32 40,GIRLS (STRAIT) PANT,565,1
5893,86290 32 40,GIRLS (STRAIT) PANT,525,2
5894,86292 32 40,GIRLS (STRAIT) PANT,575,0
5895,86293 32 40,GIRLS (STRAIT) PANT,500,1
5896,86297 32 40,GIRLS JOGGER,530,-10
5897,86300 32 40,GIRLS PANT(DNAM),465,-10
5898,86301 32 40,GIRLS (STRAIT) R.F.D,540,0
5899,86302 32 40,GIRLS (R.F.D) JOGGER,550,0
5900,86303 32 40,GIRLS (BALL BOTTOM) PANT,475,30
5901,86304 32 40,GIRLS (R.F.D) JOGGER,520,0
5902,86307 32 40,GIRLS (R.F.D) JOGGER,455,1
5903,86308 32 40,GIRLS(BLACK)PANT,395,-5
5904,86309 32 40,GIRLS (CARGO) STRAIT,465,-1
5905,86311 32 40,GIRLS (STRAIT) PANT,480,0
5906,86312 32 40,GIRLS (STRAIT) PANT,535,0
5907,86313 32 40,GIRLS (STRAIT) PANT,540,0
5908,86317 32 40,GIRLS (BALL BOTTOM) PANT,405,5
5909,86319 32 40,GIRLS (STRAIT) PANT,445,1
5910,86322 32 40,GIRLS (BALL BOTTOM) PANT,455,11
5911,86323 32 40,GIRLS (STRAIT) PANT,520,5
5912,86339 32 40,GIRLS (R.F.D) JOGGER,535,-5
5913,86341 32 40,GIRLS (STRAIT) PANT,535,0
5914,86342 32 40,GIRLS (STRAIT) PANT,550,0
5915,86343 32 40,GIRLS (STRAIT) PANT,495,2
5916,86349 32 40,GIRLS JOGGER,565,20
5917,86351 32 40,GIRLS (BLK) JOGGER,475,3
5918,86356 32 40,GIRLS PANT(DNAM),465,2
5919,86357 32 40,GIRLS PANT(DNAM),465,2
5920,86358 32 40,GIRLS PANT(DNAM),465,0
5921,86360 32 40,GIRLS (CARGO) PANT,510,10
5922,86369 32 40,GIRLS (STRAIT) PANT,450,0
5923,86372 32 40,GIRLS (CARGO) STRAIT,435,0
5924,86376 32 40,GIRLS PANT(DNAM),465,40
5925,86379 32 40,GIRLS (STRAIT) PANT,455,0
5926,86384 32 40,GIRLS (STRAIT) PANT,535,0
5927,86385 32 40,GIRLS (STRAIT) PANT,540,10
5928,86386 32 40,GIRLS (CARGO) STRAIT,490,0
5929,86391 32 40,GIRLS (NERO) PANT,445,15
5930,86392 32 40,GIRLS (NERO) PANT,445,2
5931,86393 32 40,GIRLS (CARGO) STRAIT,485,5
5932,86394 32 40,GIRLS PANT(DNAM),490,-5
5933,86395 32 40,GIRLS PANT(DNAM),490,2
5934,86396 32 40,GIRLS PANT(DNAM),490,7
5935,86398 32 40,GIRLS(BLACK)PANT,550,0
5936,86399 32 40,GIRLS (STRAIT) PANT,505,0
5937,86403 32 40,GIRLS (STRAIT) PANT,530,0
5938,86406 32 40,GIRLS (NERO) PANT,525,2
5939,86407 32 40,GIRLS (STRAIT) R.F.D,595,0
5940,86411 32 40,GIRLS (STRAIT) PANT,450,1
5941,86412 32 40,GIRLS (STRAIT) PANT,480,0
5942,86413 32 40,GIRLS (STRAIT) PANT,445,1
5943,86414 32 40,GIRLS (STRAIT) PANT,545,-1
5944,86416 32 40,GIRLS PANT(DNAM),495,0
5945,86424 32 40,GIRLS (STRAIT) PANT,575,0
5946,86427 32 40,GIRLS (CARGO) STRAIT,495,-30
5947,86428 32 40,GIRLS (CARGO) STRAIT,580,0
5948,86436 32 40,GIRLS (STRAIT) PANT,425,35
5949,86439 32 40,GIRLS (CARGO) STRAIT,505,0
5950,86440 32 40,GIRLS (CARGO) STRAIT,535,1
5951,86441 32 40,GIRLS PANT(DNAM),580,-1
5952,86443 32 40,GIRLS (CARGO) STRAIT,595,0
5953,86444 32 40,GIRLS (STRAIT) PANT,435,0
5954,86447 32 40,GIRLS (WHITE)PANT,520,0
5955,86451 36 40,GIRLS(BLACK)PANT,435,0
5956,86454 32 40,GIRLS (CARGO) STRAIT,475,4
5957,86457 32 40,GIRLS (CARGO) STRAIT,535,0
5958,86461 32 40,GIRLS (STRAIT) R.F.D,455,39
5959,86462 32 40,GIRLS (STRAIT) R.F.D,490,0
5960,86463 32 40,GIRLS (CARGO) STRAIT,455,0
5961,86465 32 40,GIRLS JOGGER,480,1
5962,86466 32 40,GIRLS JOGGER,475,0
5963,86470 32 40,GIRLS (STRAIT) R.F.D,535,0
5964,86476 32 40,GIRLS (STRAIT) R.F.D,595,0
5965,86477 32 40,GIRLS (CARGO) STRAIT,595,0
5966,86481 32 40,GIRLS (STRAIT) PANT,455,0
5967,86482 32 40,GIRLS (STRAIT) PANT,455,0
5968,86484 32 40,GIRLS PANT(DNAM),430,15
5969,86486 32 40,GIRLS (CARGO) STRAIT,470,0
5970,86490 32 40,GIRLS (CARGO) STRAIT,450,0
5971,86491 32 40,GIRLS PANT(DNAM),440,10
5972,86492 32 40,GIRLS (CARGO) STRAIT,475,0
5973,86493 32 40,GIRLS (CARGO) STRAIT,475,0
5974,86494 32 40,GIRLS (CARGO) STRAIT,580,0
5975,86495 32 40,GIRLS (STRAIT) R.F.D,540,0
5976,86498 32 40,GIRLS (CARGO) STRAIT,535,0
5977,86501 32 40,GIRLS (STRAIT) PANT,535,0
5978,86502 32 40,LADIES (STRAIT) R.F.D,540,0
5979,86504 32 40,GIRLS (CARGO) STRAIT,295,0
5980,86505 32 40,GIRLS (STRAIT) PANT,515,0
5981,86506 32 40,GIRLS (STRAIT) PANT,515,0
5982,86507 32 40,GIRLS (CARGO) STRAIT,480,0
5983,86508 32 40,GIRLS (CARGO) STRAIT,480,0
5984,86509 32 40,GIRLS (CARGO) STRAIT,480,10
5985,86510 32 40,GIRLS (CARGO) STRAIT,475,0
5986,86511 32 40,GIRLS (STRAIT) PANT,465,0
5987,86512 32 40,GIRLS (STRAIT) PANT,465,0
5988,86513 32 40,GIRLS (CARGO) STRAIT,480,0
5989,86514 32 40,GIRLS (STRAIT) PANT,440,0
5990,86515 32 40,GIRLS (CARGO) STRAIT,445,0
5991,86517 32 40,GIRLS (STRAIT) R.F.D,460,0
5992,86519 32 40,GIRLS (STRAIT) R.F.D,525,0
5993,86520 32 40,GIRLS (CARGO) STRAIT,580,10
5994,86521 32 40,GIRLS (STRAIT) PANT,550,0
5995,86522 32 40,GIRLS (CARGO) STRAIT,585,-1
5996,86523 32 40,GIRLS PANT(DNAM),450,26
5997,86524 32 40,GIRLS PANT(DNAM),455,10
5998,86525 32 40,GIRLS (STRAIT) R.F.D,435,-5
5999,86526 32 40,GIRLS (STRAIT) R.F.D,430,5
6000,86527 32 40,GIRLS (STRAIT) R.F.D,450,0
6001,86528 32 40,GIRLS (STRAIT) PANT,415,0
6002,86529 32 40,GIRLS(BLACK)PANT,525,0
6003,86530 32 40,GIRLS (CARGO) STRAIT,550,0
6004,86532 32 40,GIRLS (CARGO) STRAIT,355,0
6005,86533 32 40,GIRLS (STRAIT) PANT,485,0
6006,86534 32 40,GIRLS (CARGO) STRAIT,525,0
6007,86535 32 40,GIRLS (NERO) PANT,475,25
6008,86536 32 40,GIRLS (CARGO) STRAIT,430,35
6009,86538 32 40,GIRLS (CARGO) STRAIT,475,0
6010,86539 32 40,GIRLS (CARGO) STRAIT,475,0
6011,86541 32 40,GIRLS (CARGO) STRAIT,445,0
6012,86543 36 40,GIRLS (CARGO) STRAIT,485,0
6013,86544 32 40,GIRLS (CARGO) STRAIT,485,-39
6014,86544 36 40,GIRLS (CARGO) STRAIT,485,39
6015,86546 32 40,GIRLS (CARGO) STRAIT,425,0
6016,86548 32 40,GIRLS(R.F.D)PANT,460,6
6017,86549 32 40,GIRLS (CARGO) STRAIT,280,0
6018,86550 32 40,BOYS PANT,555,0
6019,86551 32 40,GIRLS (CARGO) STRAIT,545,0
6020,86552 32 40,GIRLS (CARGO) STRAIT,460,0
6021,86553 32 40,GIRLS (CARGO) STRAIT,555,5
6022,86554 32 40,GIRLS (STRAIT) PANT,430,0
6023,86556 32 40,GIRLS (CARGO) STRAIT,590,0
6024,86557 32 40,GIRLS JOGGER,515,0
6025,86558 32 40,GIRLS (STRAIT) PANT,470,0
6026,86559 32 40,GIRLS (CARGO) STRAIT,480,0
6027,86560 32 40,GIRLS (CARGO) STRAIT,565,0
6028,86561 32 40,GIRLS (STRAIT) PANT,540,0
6029,86562 32 40,GIRLS (STRAIT) R.F.D,545,-5
6030,86564 32 40,GIRLS (CARGO) STRAIT,545,5
6031,86565 32 40,GIRLS (STRAIT) PANT,495,0
6032,86566 32 40,GIRLS (CARGO) STRAIT,575,0
6033,86567 32 40,GIRLS (CARGO) STRAIT,575,0
6034,86568 32 40,GIRLS (STRAIT) R.F.D,510,0
6035,86569 32 40,GIRLS (STRAIT) PANT,425,1
6036,86570 32 40,GIRLS (CARGO) STRAIT,505,0
6037,86571 32 40,GIRLS (CARGO) STRAIT,355,1
6038,86572 32 40,GIRLS (STRAIT) PANT,520,0
6039,86573 32 40,GIRLS (STRAIT) PANT,445,0
6040,86574 32 40,GIRLS (STRAIT) PANT,440,0
6041,86575 32 40,GIRLS (STRAIT) R.F.D,485,0
6042,86576 32 40,GIRLS (STRAIT) R.F.D,485,0
6043,86578 32 40,GIRLS (STRAIT) R.F.D,550,0
6044,86579 32 40,GIRLS (CARGO) STRAIT,530,0
6045,86580 32 40,GIRLS(BLACK)PANT,445,25
6046,86581 32 40,GIRLS (STRAIT) R.F.D,545,-10
6047,86582 32 40,GIRLS (STRAIT) PANT,485,0
6048,86583 32 40,GIRLS (JEGGING)BLACK,365,35
6049,86584 32 40,GIRLS (CARGO) STRAIT,540,0
6050,86585 32 40,GIRLS (STRAIT) PANT,635,0
6051,86586 32 40,GIRLS (CARGO) STRAIT,475,0
6052,86587 36 40,GIRLS (STRAIT) PANT,405,0
6053,86588 36 40,GIRLS (CARGO) STRAIT,425,0
6054,86589 32 40,GIRLS PANT(DNAM),425,0
6055,86590 32 40,GIRLS PANT(DNAM),355,0
6056,86591 32 40,GIRLS PANT(DNAM),440,0
6057,86592 32 40,GIRLS PANT(DNAM),465,0
6058,86593 32 40,GIRLS PANT(DNAM),465,0
6059,86594 32 40,GIRLS PANT(DNAM),440,0
6060,86596 32 40,GIRLS PANT(DNAM),475,1
6061,86598 32 40,GIRLS PANT(DNAM),550,0
6062,86599 32 40,GIRLS PANT(DNAM),590,0
6063,86600 32 40,GIRLS PANT(DNAM),525,0
6064,86601 32 40,GIRLS PANT(DNAM),540,0
6065,86602 32 40,GIRLS PANT(DNAM),530,0
6066,86604 32 40,GIRLS (STRAIT) PANT,545,0
6067,86605 32 40,GIRLS (STRAIT) R.F.D,545,-5
6068,86606 32 40,GIRLS (STRAIT) R.F.D,565,-5
6069,86607,GIRLS (CARGO) STRAIT,485,3
6070,86609,GIRLS (CARGO) STRAIT,470,-1
6071,86610,GIRLS (CARGO) STRAIT,295,5
6072,86611,GIRLS (CARGO) STRAIT,305,0
6073,86612,GIRLS (STRAIT) PANT,470,0
6074,86613,GIRLS (STRAIT) PANT,430,0
6075,86614 32 40,GIRLS (CARGO) STRAIT,555,1
6076,86615 32 40,GIRLS (CARGO) STRAIT,505,0
6077,86616 32 40,GIRLS (CARGO) STRAIT,520,4
6078,86617 32 40,GIRLS (CARGO) STRAIT,385,0
6079,86618 32 40,GIRLS PANT(DNAM),365,40
6080,86619 32 40,GIRLS(R.F.D)PANT,570,60
6081,86620 32 40,GIRLS (STRAIT) PANT,455,-10
6082,86621 32 40,GIRLS (STRAIT) R.F.D,495,0
6083,86622 32 40,GIRLS (STRAIT) PANT,520,0
6084,86623 32 40,GIRLS (CARGO) STRAIT,555,0
6085,86624 32 40,GIRLS (CARGO) STRAIT,405,-4
6086,86625 32 40,GIRLS (STRAIT) PANT,385,5
6087,86626 36 40,GIRLS (CARGO) STRAIT,485,0
6088,86627 32 40,GIRLS (CARGO) STRAIT,555,0
6089,86628 32 40,GIRLS (STRAIT) PANT,495,0
6090,86629 32 40,GIRLS (CARGO) STRAIT,555,0
6091,86630 32 40,GIRLS (STRAIT) PANT,495,0
6092,86631 32 40,GIRLS (CARGO) STRAIT,580,0
6093,86632 36 40,GIRLS (CARGO) STRAIT,555,0
6094,86633 32 40,GIRLS (CARGO) STRAIT,525,0
6095,86634 36 40,GIRLS (STRAIT) PANT,540,0
6096,86635 32 40,GIRLS (CARGO) STRAIT,575,0
6097,86636 36 40,GIRLS (CARGO) STRAIT,475,0
6098,86637 36 40,GIRLS (STRAIT) PANT,475,0
6099,86638 36 40,GIRLS(BLACK)PANT,480,0
6100,86639 36 40,GIRLS(BLACK)PANT,480,0
6101,86640 32 40,GIRLS JOGGER,355,0
6102,86641 36 40,GIRLS (STRAIT) PANT,445,0
6103,86642 32 40,GIRLS (CARGO) STRAIT,540,0
6104,86643 32 40,GIRLS (CARGO) STRAIT,490,0
6105,86644 32 40,GIRLS (R.F.D) JOGGER,510,5
6106,86645 32 40,GIRLS (STRAIT) PANT,505,0
6107,86646 32 40,GIRLS (CARGO) STRAIT,530,0
6108,86647 32 40,GIRLS (CARGO) STRAIT,0,0
6109,86648 32 40,GIRLS (STRAIT) PANT,505,0
6110,86649 32 40,GIRLS (STRAIT) PANT,470,0
6111,86650 32 40,GIRLS (STRAIT) PANT,495,0
6112,86651 32 40,GIRLS (CARGO) PANT,560,0
6113,86652 32 40,GIRLS (STRAIT) R.F.D,555,-20
6114,86653 32 40,GIRLS (CARGO) STRAIT,575,0
6115,86654 32 40,GIRLS (CARGO) STRAIT,575,0
6116,86655 32 40,GIRLS (STRAIT) PANT,455,0
6117,86656 36 40,GIRLS (STRAIT) R.F.D,520,0
6118,86657 32 40,GIRLS (CARGO) STRAIT,495,1
6119,86658 32 40,GIRLS (CARGO) STRAIT,475,1
6120,86659 32 40,GIRLS (CARGO) STRAIT,520,0
6121,86660 32 40,GIRLS (CARGO) STRAIT,520,0
6122,86661 32 40,GIRLS (STRAIT) R.F.D,520,0
6123,86662 32 40,GIRLS (STRAIT) PANT,530,0
6124,86663 32 40,GIRLS (CARGO) STRAIT,495,0
6125,86664 32 40,GIRLS (STRAIT) R.F.D,540,-20
6126,86665 36 40,GIRLS (CARGO) STRAIT,530,0
6127,86666 32 40,GIRLS (STRAIT) PANT,435,0
6128,86667 32 40,GIRLS (STRAIT) PANT,435,1
6129,86668 32 40,GIRLS (STRAIT) PANT,435,0
6130,86669 32 40,GIRLS (CARGO) STRAIT,475,0
6131,86670 32 40,GIRLS (CARGO) STRAIT,465,0
6132,86671 32 40,GIRLS (STRAIT) PANT,465,0
6133,86672 32 40,GIRLS (CARGO) PANT,410,71
6134,86673 32 40,GIRLS (CARGO) PANT,385,0
6135,86674 32 40,GIRLS (STRAIT) PANT,365,0
6136,86675 32 40,GIRLS (STRAIT) R.F.D,0,0
6137,86676 32 40,GIRLS (STRAIT) PANT,540,-5
6138,86677 32 40,GIRLS (STRAIT) PANT,475,1
6139,86678 32 40,GIRLS (STRAIT) PANT,475,0
6140,86679 32 40,GIRLS (CARGO) STRAIT,495,0
6141,86680 32 40,GIRLS (CARGO) STRAIT,490,0
6142,86681 32 40,GIRLS (CARGO) STRAIT,520,0
6143,86682 32 40,GIRLS (STRAIT) PANT,515,0
6144,86683 32 40,GIRLS (CARGO) STRAIT,430,0
6145,86684 32 40,GIRLS (CARGO) STRAIT,455,0
6146,86685 32 40,GIRLS (STRAIT) PANT,395,0
6147,86686 32 40,GIRLS (STRAIT) PANT,495,0
6148,86687 32 40,GIRLS (STRAIT) PANT,540,0
6149,86688 32 40,GIRLS (CARGO) STRAIT,545,-5
6150,86689 36 40,GIRLS (CARGO) STRAIT,535,0
6151,86690 36 40,GIRLS (STRAIT) PANT,465,0
6152,86691 36 40,GIRLS (STRAIT) PANT,455,0
6153,86692 32 40,GIRLS (CARGO) STRAIT,0,0
6154,86693 32 40,GIRLS (STRAIT) PANT,450,0
6155,86694 32 40,GIRLS (CARGO) STRAIT,570,0
6156,86695 36 40,GIRLS (CARGO) STRAIT,580,0
6157,86696 36 40,GIRLS (CARGO) STRAIT,565,1
6158,86697 32 40,GIRLS (CARGO) STRAIT,475,0
6159,86698 32 40,GIRLS (CARGO) STRAIT,565,5
6160,86699 32 40,GIRLS (CARGO) STRAIT,565,0
6161,86700 32 40,GIRLS (STRAIT) PANT,425,0
6162,86701 32 40,GIRLS (STRAIT) PANT,445,0
6163,86702 32 40,GIRLS (CARGO) PANT,480,0
6164,86703 36 40,GIRLS (CARGO) STRAIT,565,0
6165,86704 36 40,GIRLS (CARGO) STRAIT,540,0
6166,86705 32 40,GIRLS (CARGO) STRAIT,550,0
6167,86706 32 40,GIRLS (STRAIT) PANT,555,0
6168,86707 32 40,GIRLS (CARGO) STRAIT,565,0
6169,86708 32 40,GIRLS (CARGO) STRAIT,545,0
6170,86709 32 40,GIRLS PANT(DNAM),505,0
6171,86710 32 40,GIRLS PANT(DNAM),540,0
6172,86711 36 40,GIRLS(BLACK)PANT,495,0
6173,86712 36 40,GIRLS (WHITE)PANT,565,0
6174,86713 32 40,GIRLS (CARGO) STRAIT,415,0
6175,86714 32 40,GIRLS (CARGO) STRAIT,405,0
6176,86715 32 40,GIRLS (CARGO) STRAIT,470,0
6177,86716 32 40,GIRLS (CARGO) STRAIT,395,0
6178,86718 32 40,GIRLS (CARGO) STRAIT,505,0
6179,86719 32 40,GIRLS (CARGO) STRAIT,575,0
6180,86720 32 40,GIRLS (CARGO) STRAIT,565,1
6181,86721 36 40,GIRLS (WHITE)PANT,520,0
6182,86722 32 40,GIRLS (CARGO) STRAIT,485,30
6183,86723 32 40,GIRLS (CARGO) STRAIT,460,0
6184,86724 32 40,GIRLS (CARGO) STRAIT,395,1
6185,86725 32 40,GIRLS (CARGO) STRAIT,590,5
6186,86726 36 40,GIRLS (STRAIT) R.F.D,555,0
6187,86728 32 40,GIRLS (STRAIT) PANT,515,0
6188,86729 36 40,GIRLS (STRAIT) PANT,520,0
6189,86730 32 40,GIRLS (CARGO) STRAIT,395,0
6190,86731 32 40,GIRLS (STRAIT) PANT,560,0
6191,86732 32 40,GIRLS (STRAIT) PANT,555,1
6192,86733 32 40,GIRLS(BLACK)PANT,425,0
6193,86734 32 40,GIRLS (STRAIT) R.F.D,540,0
6194,86735 32 40,GIRLS (CARGO) STRAIT,355,0
6195,86736 32 40,GIRLS (CARGO) STRAIT,355,0
6196,86737 32 40,GIRLS (STRAIT) R.F.D,555,0
6197,86738 32 40,GIRLS (CARGO) STRAIT,455,0
6198,86739 32 40,GIRLS (STRAIT) PANT,0,0
6199,86740 32 40,GIRLS (STRAIT) PANT,515,0
6200,86741 36 40,GIRLS (CARGO) STRAIT,0,0
6201,86742 36 40,GIRLS (CARGO) STRAIT,0,0
6202,86743 32 40,GIRLS(BLACK)PANT,550,5
6203,86744 32 40,GIRLS(BLACK)PANT,550,0
6204,86745 32 40,GIRLS (STRAIT) R.F.D,495,2
6205,86746 36 40,GIRLS (CARGO) STRAIT,580,0
6206,86747 36 40,GIRLS (STRAIT) PANT,560,0
6207,86748 32 40,GIRLS (CARGO) STRAIT,430,0
6208,86749 36 40,GIRLS (STRAIT) PANT,405,0
6209,86750 32 40,GIRLS (CARGO) STRAIT,525,0
6210,86751 32 40,GIRLS (STRAIT) R.F.D,520,0
6211,86752 32 40,GIRLS (STRAIT) R.F.D,515,0
6212,86753 32 40,GIRLS (STRAIT) PANT,520,0
6213,86754 32 40,GIRLS(BLACK)PANT,510,0
6214,86755 32 40,GIRLS(BLACK)PANT,510,0
6215,86756 32 40,GIRLS(BLACK)PANT,575,0
6216,86757 32 40,GIRLS (STRAIT) PANT,505,0
6217,86758 32 40,GIRLS (STRAIT) PANT,530,0
6218,86759 32 40,GIRLS (STRAIT) PANT,475,0
6219,86760 32 40,GIRLS(BLACK)PANT,530,0
6220,86761 32 40,GIRLS (STRAIT) PANT,395,0
6221,86762 36 40,GIRLS (CARGO) STRAIT,530,10
6222,86763 32 40,GIRLS (STRAIT) PANT,380,0
6223,86764 36 40,GIRLS (CARGO) STRAIT,475,0
6224,86765 36 40,GIRLS (CARGO) STRAIT,475,0
6225,86766 32 40,GIRLS (STRAIT) PANT,490,0
6226,86767 32 40,GIRLS (STRAIT) PANT,505,0
6227,86768 36 40,GIRLS (CARGO) STRAIT,565,0
6228,86769 32 40,GIRLS (STRAIT) PANT,460,0
6229,86770 32 40,GIRLS (CARGO) STRAIT,545,0
6230,86771 32 40,GIRLS (CARGO) STRAIT,545,0
6231,86772 32 40,GIRLS (CARGO) STRAIT,540,0
6232,86773 36 40,GIRLS (CARGO) STRAIT,555,0
6233,86774 32 40,GIRLS (CARGO) STRAIT,345,0
6234,86775 32 40,GIRLS P,410,2
6235,86776 36 40,GIRLS (STRAIT) PANT,535,0
6236,86777 32 40,GIRLS (CARGO) STRAIT,435,0
6237,86778 32 40,GIRLS (STRAIT) PANT,435,0
6238,86779 32 40,GIRLS (CARGO) STRAIT,475,0
6239,86780 32 40,GIRLS (CARGO) STRAIT,530,0
6240,86781 32 40,GIRLS (CARGO) STRAIT,540,0
6241,86782 32 40,GIRLS (STRAIT) PANT,380,2
6242,86783 32 40,GIRLS (CARGO) STRAIT,415,0
6243,86784 32 40,GIRLS (STRAIT) PANT,470,0
6244,86785 32 40,GIRLS (STRAIT) PANT,525,0
6245,86786 32 40,GIRLS (STRAIT) R.F.D,540,-1
6246,86787 32 40,GIRLS (STRAIT) PANT,460,0
6247,86788 32 40,GIRLS (STRAIT) PANT,435,0
6248,86789 32 40,GIRLS (STRAIT) R.F.D,470,0
6249,86790 32 40,GIRLS (STRAIT) R.F.D,530,0
6250,86791 32 40,GIRLS (STRAIT) PANT,515,0
6251,86792 32 40,GIRLS (STRAIT) PANT,435,0
6252,86793 32 40,GIRLS (STRAIT) PANT,440,0
6253,86794 36 40,GIRLS (STRAIT) PANT,450,6
6254,86795 32 40,GIRLS (STRAIT) PANT,0,0
6255,86796 36 40,GIRLS (STRAIT) R.F.D,545,0
6256,86797 32 40,GIRLS (STRAIT) R.F.D,545,0
6257,86798 32 40,GIRLS (CARGO) STRAIT,560,40
6258,86799 32 40,GIRLS (CARGO) STRAIT,560,0
6259,86800 32 40,GIRLS (WHITE)PANT,505,0
6260,86801 36 40,GIRLS (STRAIT) PANT,545,0
6261,86802 32 40,GIRLS (CARGO) STRAIT,585,0
6262,86803 32 40,GIRLS (STRAIT) PANT,270,0
6263,86804 32 40,GIRLS (CARGO) STRAIT,350,10
6264,86805 32 40,GIRLS (STRAIT) PANT,310,1
6265,86806 32 40,GIRLS (CARGO) STRAIT,530,0
6266,86807 32 40,GIRLS (CARGO) STRAIT,540,0
6267,86808 32 40,GIRLS (STRAIT) PANT,545,0
6268,86809 32 40,GIRLS (STRAIT) PANT,405,15
6269,86810 32 40,GIRLS (WHITE)PANT,530,0
6270,86811 32 40,GIRLS (WHITE)PANT,520,0
6271,86812 32 40,GIRLS (STRAIT) R.F.D,520,10
6272,86813 32 40,GIRLS (STRAIT) PANT,525,0
6273,86814 32 40,GIRLS (STRAIT) PANT,590,0
6274,86815 32 40,GIRLS (CARGO) STRAIT,440,0
6275,86816 32 40,GIRLS (CARGO) STRAIT,545,0
6276,86817 32 40,GIRLS (CARGO) STRAIT,385,0
6277,86818 32 40,GIRLS (CARGO) STRAIT,0,0
6278,86819 32 40,GIRLS (CARGO) STRAIT,555,0
6279,86820 32 40,GIRLS (CARGO) STRAIT,555,1
6280,86821 32 40,GIRLS (STRAIT) PANT,560,0
6281,86822 32 40,GIRLS (CARGO) STRAIT,545,0
6282,86823 32 40,GIRLS (CARGO) STRAIT,540,0
6283,86824 32 40,GIRLS (STRAIT) PANT,530,0
6284,86825 32 40,GIRLS (CARGO) STRAIT,495,0
6285,86826 32 40,GIRLS (CARGO) STRAIT,545,0
6286,86827 32 40,GIRLS (CARGO) STRAIT,550,0
6287,86828 36 40,GIRLS (STRAIT) R.F.D,555,0
6288,86829 32 40,GIRLS(BLACK)PANT,455,0
6289,86830 32 40,GIRLS (STRAIT) PANT,560,0
6290,86831 32 40,GIRLS (CARGO) STRAIT,485,0
6291,86832 32 40,GIRLS (STRAIT) R.F.D,540,5
6292,86833 36 40,GIRLS (STRAIT) PANT,580,0
6293,86834 36 40,GIRLS (STRAIT) PANT,510,0
6294,86835 32 40,GIRLS (CARGO) STRAIT,560,0
6295,86836 32 40,GIRLS (STRAIT) PANT,475,0
6296,86837 32 40,GIRLS (CARGO) STRAIT,575,0
6297,86838 32 40,GIRLS (STRAIT) PANT,405,0
6298,86839 32 40,GIRLS (STRAIT) PANT,520,0
6299,86840 36 40,GIRLS (CARGO) STRAIT,515,0
6300,86841 32 40,GIRLS (STRAIT) PANT,485,0
6301,86842 36 40,GIRLS (STRAIT) PANT,465,0
6302,86843 32 40,GIRLS (STRAIT) PANT,405,0
6303,86844 32 40,GIRLS (STRAIT) PANT,355,0
6304,86845 36 40,GIRLS (STRAIT) PANT,405,0
6305,86846 32 40,GIRLS (STRAIT) PANT,385,0
6306,86847 32 40,GIRLS (CARGO) STRAIT,405,0
6307,86848 32 40,GIRLS (STRAIT) PANT,565,0
6308,86849 32 40,GIRLS (STRAIT) R.F.D,550,0
6309,86850 32 40,GIRLS(BLACK)PANT,520,0
6310,86851 32 40,GIRLS (CARGO) STRAIT,545,0
6311,86852 32  40,GIRLS (CARGO) STRAIT,585,0
6312,86853 32 40,GIRLS (STRAIT) PANT,535,0
6313,86854 32 40,GIRLS (CARGO) STRAIT,535,0
6314,86855 32 40,GIRLS (STRAIT) PANT,515,0
6315,86856 32 40,GIRLS (CARGO) STRAIT,425,0
6316,86857 32 40,GIRLS (CARGO) PANT,450,0
6317,86858 36 40,GIRLS (CARGO) PANT,485,0
6318,86859 32 40,GIRLS(R.F.D)PANT,465,0
6319,86860 32 40,GIRLS (CARGO) STRAIT,490,0
6320,86861 32 40,GIRLS (STRAIT) R.F.D,495,5
6321,86862 32 40,GIRLS (STRAIT) PANT,360,0
6322,86863 36 40,GIRLS (STRAIT) PANT,470,-5
6323,86864 32 40,GIRLS (CARGO) STRAIT,370,14
6324,86865 32 40,GIRLS (CARGO) STRAIT,395,15
6325,86866 36 40,GIRLS (CARGO) STRAIT,430,0
6326,86867 32 40,GIRLS (STRAIT) PANT,385,10
6327,86868 32 40,GIRLS (STRAIT) PANT,410,0
6328,86869 32 40,GIRLS (STRAIT) PANT,355,0
6329,86870 32 40,GIRLS (STRAIT) PANT,0,0
6330,86871 36 40,GIRLS (STRAIT) PANT,470,0
6331,86872 32 40,GIRLS (STRAIT) PANT,485,0
6332,86873 32 40,GIRLS (STRAIT) PANT,480,0
6333,86874 32 40,GIRLS (CARGO) STRAIT,540,0
6334,86875 32 40,GIRLS (CARGO) STRAIT,520,0
6335,86876 36 40,GIRLS (STRAIT) R.F.D,520,0
6336,86877 32 40,GIRLS (STRAIT) PANT,410,0
6337,86878 32 40,GIRLS (STRAIT) PANT,355,0
6338,86879 32 40,GIRLS (STRAIT) PANT,495,0
6339,86880 32 40,GIRLS (STRAIT) PANT,365,0
6340,86881 32 40,GIRLS (CARGO) STRAIT,550,0
6341,86882 32 40,GIRLS (CARGO) STRAIT,545,0
6342,86883 36 40,GIRLS (CARGO) STRAIT,555,0
6343,86884 32 40,GIRLS(BLACK)PANT,495,0
6344,86885 32 40,GIRLS(BLACK)PANT,510,0
6345,86886 32 40,GIRLS (STRAIT) PANT,445,10
6346,86887 32 40,GIRLS (STRAIT) PANT,505,0
6347,86888 32 40,GIRLS (STRAIT) PANT,320,-6
6348,86889 32 40,GIRLS (STRAIT) PANT,320,12
6349,86890 32 40,GIRLS (STRAIT) PANT,390,0
6350,86891 32 40,GIRLS (STRAIT) PANT,510,0
6351,86892 32 40,GIRLS (STRAIT) R.F.D,530,0
6352,86893 32 40,GIRLS (STRAIT) PANT,520,0
6353,86894 32 40,GIRLS (STRAIT) PANT,435,0
6354,86895 32 40,GIRLS (STRAIT) PANT,445,0
6355,86896 32 40,GIRLS (STRAIT) PANT,475,0
6356,86897 36 40,GIRLS (STRAIT) PANT,440,0
6357,86898 32 40,GIRLS (STRAIT) PANT,455,0
6358,86899 32 40,GIRLS (STRAIT) PANT,395,0
6359,86900 32 40,GIRLS (STRAIT) PANT,545,0
6360,86901 36 40,GIRLS (STRAIT) PANT,505,0
6361,86902 32 40,GIRLS (STRAIT) PANT,530,0
6362,86903 36 40,GIRLS (STRAIT) R.F.D,540,7
6363,86904 32 40,GIRLS (CARGO) STRAIT,540,0
6364,86905 32 40,GIRLS (STRAIT) PANT,495,-1
6365,86906 32 40,GIRLS (STRAIT) PANT,480,0
6366,86907 32 40,GIRLS (CARGO) STRAIT,415,0
6367,86908 32 40,GIRLS (STRAIT) PANT,415,5
6368,86909 32 40,GIRLS (STRAIT) R.F.D,580,0
6369,86910 32 40,GIRLS (STRAIT) PANT,510,0
6370,86911 32 40,GIRLS (CARGO) STRAIT,540,0
6371,86912 32 40,GIRLS(BLACK)PANT,460,0
6372,86913 32 40,GIRLS(BLACK)PANT,435,0
6373,86914 36 40,GIRLS (STRAIT) R.F.D,505,0
6374,86915 36 40,GIRLS(BLACK)PANT,450,-5
6375,86916 32 40,GIRLS (STRAIT) PANT,375,0
6376,86917 32 40,GIRLS (CARGO) STRAIT,460,5
6377,86918 36 40,GIRLS (CARGO) STRAIT,460,0
6378,86919 32 40,GIRLS (STRAIT) PANT,390,0
6379,86920 32 40,GIRLS (STRAIT) PANT,445,0
6380,86921 32 40,GIRLS (STRAIT) PANT,445,0
6381,86922 32 40,GIRLS (STRAIT) PANT,355,-5
6382,86923 32 40,GIRLS (STRAIT) PANT,530,0
6383,86924 32 40,GIRLS (WHITE)PANT,495,0
6384,86925 32 40,GIRLS (CARGO) STRAIT,455,0
6385,86926 32 40,GIRLS (CARGO) STRAIT,440,0
6386,86927 32 40,GIRLS (CARGO) STRAIT,430,0
6387,86928 32 40,GIRLS (CARGO) STRAIT,440,0
6388,86929 32 40,GIRLS (CARGO) STRAIT,525,0
6389,86930 32 40,GIRLS (CARGO) STRAIT,565,-1
6390,86931 32 40,GIRLS (CARGO) STRAIT,595,0
6391,86932 32 40,GIRLS(BLACK)PANT,530,0
6392,86933 32 40,GIRLS(BLACK)PANT,495,0
6393,86934 32 40,GIRLS (CARGO) STRAIT,580,0
6394,86935 32 40,GIRLS (STRAIT) R.F.D,535,0
6395,86936 32 40,GIRLS (STRAIT) PANT,450,0
6396,86937 32 40,GIRLS (STRAIT) PANT,435,0
6397,86938 32 40,GIRLS (STRAIT) PANT,435,0
6398,86939 32 40,GIRLS(BLACK)PANT,450,0
6399,86940 32 40,GIRLS (STRAIT) R.F.D,480,3
6400,86941 36 40,GIRLS (STRAIT) PANT,480,2
6401,86942 32 40,GIRLS (STRAIT) PANT,550,0
6402,86943 32 40,GIRLS(BLACK)PANT,530,0
6403,86944 32 40,GIRLS (STRAIT) PANT,560,0
6404,86945 32 40,GIRLS(BLACK)PANT,0,0
6405,86946 32 40,GIRLS (CARGO) STRAIT,545,0
6406,86947 32 40,GIRLS (STRAIT) R.F.D,545,0
6407,86948 32 40,GIRLS (STRAIT) PANT,320,-10
6408,86949 32 40,GIRLS (CARGO) STRAIT,545,0
6409,86950 32 40,GIRLS (CARGO) STRAIT,545,15
6410,86951 32 40,GIRLS (STRAIT) R.F.D,590,0
6411,86952 32 40,GIRLS (STRAIT) PANT,540,5
6412,86953 32 40,GIRLS (STRAIT) PANT,565,0
6413,86954 32 40,GIRLS (STRAIT) PANT,585,5
6414,86955 32 40,GIRLS (STRAIT) PANT,525,0
6415,86956 32 40,GIRLS(BLACK)PANT,460,0
6416,86957 32 40,GIRLS (STRAIT) R.F.D,465,5
6417,86958 32 40,GIRLS (STRAIT) PANT,390,0
6418,86959 32 40,GIRLS (CARGO) STRAIT,465,0
6419,86960 32 40,GIRLS (CARGO) STRAIT,390,0
6420,86961 32 40,GIRLS (STRAIT) PANT,550,0
6421,86962 32 40,GIRLS (STRAIT) PANT,510,0
6422,86963 32 40,GIRLS (BALL BOTTOM) PANT,490,5
6423,86964 32 40,GIRLS (STRAIT) PANT,495,0
6424,86965 36 40,GIRLS (STRAIT) PANT,445,8
6425,86966 32 40,GIRLS (STRAIT) R.F.D,495,0
6426,86967 32 40,GIRLS (WHITE)PANT,475,0
6427,86968 32 40,LADIES (STRAIT) PANT,380,0
6428,86969 32 40,GIRLS (STRAIT) R.F.D,495,0
6429,86970 36 40,GIRLS (STRAIT) PANT,470,0
6430,86971 32 40,GIRLS (STRAIT) R.F.D,555,0
6431,86972 32 40,GIRLS (CARGO) STRAIT,570,0
6432,86973 32 40,GIRLS (CARGO) STRAIT,570,0
6433,86974 36 40,GIRLS (STRAIT) PANT,595,-1
6434,86975 36 40,GIRLS (CARGO) STRAIT,545,0
6435,86976 32 40,GIRLS (STRAIT) PANT,530,7
6436,86977 32 40,GIRLS (STRAIT) PANT,320,0
6437,86978 32 40,GIRLS (CARGO) STRAIT,540,0
6438,86979 32 40,GIRLS (STRAIT) PANT,370,0
6439,86980 32 40,GIRLS(BLACK)PANT,505,0
6440,86981 32 40,GIRLS (CARGO) STRAIT,550,0
6441,86982 32 40,GIRLS (CARGO) STRAIT,575,0
6442,86983 32 40,GIRLS (STRAIT) PANT,505,0
6443,86984 32 40,GIRLS (STRAIT) PANT,0,0
6444,86985 32 40,GIRLS (STRAIT) PANT,485,0
6445,86986 32 40,GIRLS (STRAIT) PANT,490,0
6446,86987 36 40,GIRLS (STRAIT) R.F.D,620,0
6447,86988 32 40,GIRLS (STRAIT) PANT,455,0
6448,86989 32 40,GIRLS (STRAIT) PANT,0,0
6449,86990 32 40,GIRLS (STRAIT) R.F.D,520,0
6450,86991 32 40,GIRLS (STRAIT) PANT,505,0
6451,86992 36 40,GIRLS (STRAIT) PANT,475,0
6452,86993 36 40,GIRLS (STRAIT) PANT,465,0
6453,86994 36 40,GIRLS (STRAIT) PANT,395,0
6454,86995 32 40,GIRLS (STRAIT) PANT,435,0
6455,86996 32 40,GIRLS (STRAIT) R.F.D,480,8
6456,86997 32 40,GIRLS (STRAIT) R.F.D,380,0
6457,86998 36 40,GIRLS (STRAIT) R.F.D,565,-2
6458,86999 32 40,GIRLS (STRAIT) PANT,560,-1
6459,87000 32 40,GIRLS (CARGO) STRAIT,590,0
6460,87001 32 40,GIRLS (STRAIT) PANT,530,0
6461,87002 32 40,GIRLS (STRAIT) PANT,545,0
6462,87003 36 40,GIRLS(BLACK)PANT,470,0
6463,87004 32 40,GIRLS JEGGING,205,135
6464,87005 36 40,GIRLS (STRAIT) PANT,555,0
6465,87006 32 40,GIRLS (STRAIT) PANT,455,0
6466,87007 32 40,GIRLS (STRAIT) PANT,405,0
6467,87008 32 40,GIRLS (STRAIT) PANT,465,1
6468,87009 32 40,GIRLS (STRAIT) PANT,540,0
6469,87010 32 40,GIRLS (STRAIT) PANT,530,0
6470,87011 32 40,GIRLS (STRAIT) PANT,565,0
6471,87012 32 40,GIRLS (STRAIT) PANT,555,0
6472,87013 32 40,GIRLS (STRAIT) PANT,580,0
6473,87014 32 40,GIRLS (STRAIT) PANT,385,0
6474,87015 32 40,GIRLS (STRAIT) PANT,410,0
6475,87016 32 40,GIRLS (CARGO) STRAIT,385,0
6476,87017 32 40,GIRLS (STRAIT) PANT,440,0
6477,87018 32 40,GIRLS (STRAIT) PANT,395,0
6478,87019 32 40,GIRLS (STRAIT) PANT,385,0
6479,87020 32 40,GIRLS (CARGO) STRAIT,605,0
6480,87021 32 40,GIRLS (STRAIT) PANT,580,0
6481,87022 36 40,GIRLS (STRAIT) PANT,540,0
6482,87023 32 40,GIRLS (WHITE)PANT,495,0
6483,87024 32 40,GIRLS (CARGO) STRAIT,425,10
6484,87025 32 40,GIRLS (CARGO) STRAIT,410,0
6485,87026 32 40,GIRLS (STRAIT) PANT,575,10
6486,87027 36 40,GIRLS (STRAIT) PANT,430,0
6487,87028 36 40,GIRLS (STRAIT) PANT,455,0
6488,87029 32 40,GIRLS (STRAIT) PANT,410,-5
6489,87030 32 40,GIRLS (STRAIT) PANT,510,0
6490,87031 36 40,GIRLS (STRAIT) PANT,540,0
6491,87032 32 40,GIRLS (STRAIT) PANT,565,0
6492,87033 32 40,GIRLS(BLACK)PANT,495,0
6493,87034 32 40,GIRLS(BLACK)PANT,575,0
6494,87035 36 40,GIRLS(BLACK)PANT,440,0
6495,87036 32 40,GIRLS (STRAIT) PANT,400,0
6496,87037 32 40,GIRLS (STRAIT) R.F.D,530,1
6497,87038 32 40,GIRLS (STRAIT) PANT,540,0
6498,87039 32 40,GIRLS (STRAIT) PANT,530,0
6499,87040 32 40,GIRLS (STRAIT) PANT,405,0
6500,87041 32 40,GIRLS (STRAIT) PANT,570,0
6501,87042 32 40,GIRLS (STRAIT) R.F.D,530,1
6502,87043 32 40,GIRLS (STRAIT) PANT,440,0
6503,87044 32 40,GIRLS (STRAIT) PANT,440,0
6504,87045 32 40,GIRLS (STRAIT) PANT,440,0
6505,87046 32 40,GIRLS (STRAIT) PANT,440,1
6506,87047 32 40,GIRLS (STRAIT) PANT,435,0
6507,87048 32 40,GIRLS (STRAIT) PANT,435,0
6508,87049 32 40,GIRLS (STRAIT) PANT,505,0
6509,87050 32 40,GIRLS (STRAIT) PANT,470,5
6510,87051 32 40,GIRLS (STRAIT) PANT,565,0
6511,87052 36 40,GIRLS (STRAIT) PANT,540,2
6512,87053 36 40,GIRLS (STRAIT) PANT,540,3
6513,87054 32 40,GIRLS (STRAIT) PANT,450,0
6514,87055 32 40,GIRLS (STRAIT) R.F.D,590,1
6515,87056 32 40,GIRLS (STRAIT) PANT,510,25
6516,87057 32 40,GIRLS (STRAIT) PANT,575,0
6517,87058 32 40,GIRLS (STRAIT) PANT,535,0
6518,87059 32 40,GIRLS (STRAIT) PANT,530,16
6519,87060 32 40,GIRLS (STRAIT) PANT,550,0
6520,87061 32 40,GIRLS (STRAIT) PANT,550,5
6521,87062 36 40,GIRLS (CARGO) STRAIT,515,0
6522,87063 32 40,GIRLS (STRAIT) PANT,540,0
6523,87064 32 40,GIRLS (CARGO) STRAIT,545,0
6524,87065 32 40,GIRLS (STRAIT) PANT,540,0
6525,87066 32 40,GIRLS (STRAIT) PANT,545,0
6526,87067 36 40,GIRLS (STRAIT) PANT,455,0
6527,87068 36 40,GIRLS(BLACK)PANT,525,0
6528,87069 32 40,GIRLS (CARGO) STRAIT,565,0
6529,87070 32 40,GIRLS (STRAIT) R.F.D,615,0
6530,87071 32 40,GIRLS (STRAIT) PANT,445,0
6531,87072 32 40,GIRLS (CARGO) STRAIT,485,0
6532,87073 32 40,GIRLS (CARGO) STRAIT,505,15
6533,87074 32 40,GIRLS (STRAIT) PANT,405,0
6534,87075 32 40,GIRLS (STRAIT) PANT,475,0
6535,87076 32 40,GIRLS (STRAIT) PANT,455,0
6536,87077 32 40,GIRLS(BLACK)PANT,425,5
6537,87078 32 40,GIRLS (STRAIT) PANT,435,0
6538,87079 36 40,GIRLS (STRAIT) PANT,435,0
6539,87080 32 40,GIRLS (STRAIT) PANT,475,0
6540,87081 32 40,GIRLS (STRAIT) PANT,0,0
6541,87082 32 40,GIRLS (STRAIT) PANT,375,0
6542,87083 32 40,GIRLS (CARGO) STRAIT,540,0
6543,87084 36 40,GIRLS(BLACK)PANT,385,0
6544,87085 36 40,GIRLS (STRAIT) PANT,405,0
6545,87086 36 40,GIRLS (STRAIT) PANT,455,30
6546,87087 32 40,GIRLS(BLACK)PANT,470,0
6547,87088 32 40,GIRLS (STRAIT) PANT,550,0
6548,87089 32 40,GIRLS (STRAIT) PANT,515,0
6549,87090 32 40,GIRLS (STRAIT) PANT,515,0
6550,87091 32 40,GIRLS (STRAIT) PANT,545,0
6551,87092 32 36,PAJAMA,300,63
6552,87093 32 40,GIRLS (STRAIT) PANT,515,0
6553,87094 32 40,GIRLS(BLACK)PANT,455,6
6554,87095 32 40,GIRLS (CARGO) STRAIT,555,0
6555,87096 32 40,GIRLS(BLACK)PANT,455,3
6556,87097 32 40,GIRLS (STRAIT) R.F.D,485,1
6557,87098 32 40,GIRLS (STRAIT) PANT,525,0
6558,87099 32 40,GIRLS (CARGO) STRAIT,575,0
6559,87100 32 40,GIRLS (CARGO) STRAIT,620,0
6560,87101 32 40,GIRLS (CARGO) STRAIT,535,0
6561,87102 32 40,GIRLS (CARGO) STRAIT,515,9
6562,87103 36 40,GIRLS (STRAIT) PANT,425,0
6563,87104 32 40,GIRLS (STRAIT) R.F.D,530,35
6564,87105 36 40,GIRLS (STRAIT) R.F.D,550,20
6565,87106 32 40,GIRLS(BLACK)PANT,495,0
6566,87107 32 40,GIRLS (STRAIT) PANT,425,2
6567,87108 32 40,GIRLS (WHITE)PANT,455,0
6568,87109 32 40,GIRLS (WHITE)PANT,485,-20
6569,87110 32 40,GIRLS (WHITE)PANT,445,0
6570,87111 32 40,GIRLS (WHITE)PANT,0,0
6571,87112 32 40,PAJAMA,235,0
6572,87113 32 40,GIRLS JEGGING,335,25
6573,87114 32 40,GIRLS JEGGING,335,55
6574,87115 32 40,GIRLS(BLACK)PANT,435,0
6575,87116 32 40,GIRLS (BALL BOTTOM) PANT,495,20
6576,87117 32 40,GIRLS (WHITE)PANT,515,9
6577,87118 32 40,GIRLS (WHITE)PANT,540,0
6578,87119 32 40,GIRLS (STRAIT) R.F.D,530,5
6579,87120 36 40,GIRLS WIDE LEG,505,0
6580,87121 32 40,GIRLS (CARGO) STRAIT,575,0
6581,87122 32 40,GIRLS (STRAIT) R.F.D,540,0
6582,87123 36 40,GIRLS WIDE LEG,450,1
6583,87124 32 40,GIRLS (STRAIT) R.F.D,635,15
6584,87125 32 40,GIRLS (STRAIT) PANT,575,0
6585,87126 32 40,GIRLS (STRAIT) PANT,0,0
6586,87127 36 40,GIRLS (CARGO) STRAIT,545,10
6587,87128 32 40,GIRLS (STRAIT) PANT,405,0
6588,87129 32 36,PAJAMA,240,3
6589,87130 32 40,GIRLS (STRAIT) PANT,620,0
6590,87131 32 40,GIRLS (STRAIT) PANT,530,-1
6591,87132 32 40,GIRLS (STRAIT) PANT,550,0
6592,87133 32 40,GIRLS (STRAIT) PANT,550,0
6593,87134 32 40,GIRLS(BLACK)PANT,470,1
6594,87135 32 40,GIRLS(BLACK)PANT,455,0
6595,87136 32 40,GIRLS(BLACK)PANT,480,0
6596,87137 32 40,GIRLS (STRAIT) PANT,320,55
6597,87138 32 40,GIRLS (STRAIT) PANT,320,0
6598,87139 32 40,GIRLS (STRAIT) PANT,585,0
6599,87140 32 40,GIRLS (STRAIT) PANT,480,0
6600,87141 32 36,LOWER,295,27
6601,87142 32 40,GIRLS (STRAIT) PANT,530,25
6602,87143 32 40,GIRLS (STRAIT) PANT,530,40
6603,87144 32 40,GIRLS (STRAIT) PANT,550,0
6604,87145 32 40,GIRLS (STRAIT) PANT,525,0
6605,87146 32 40,GIRLS (STRAIT) R.F.D,565,35
6606,87147 32 40,GIRLS (STRAIT) R.F.D,575,39
6607,87148 32 40,GIRLS (STRAIT) PANT,530,30
6608,87149 32 40,GIRLS (STRAIT) PANT,450,0
6609,87150 32 40,GIRLS (STRAIT) PANT,425,0
6610,87151 32 40,GIRLS (STRAIT) PANT,435,0
6611,87152 32 40,LADIES (STRAIT) PANT,545,0
6612,87153 32 40,GIRLS (STRAIT) PANT,540,0
6613,87154 32 40,GIRLS (STRAIT) PANT,520,2
6614,87155 32 40,GIRLS (STRAIT) PANT,550,52
6615,87156 32 40,GIRLS (STRAIT) PANT,550,30
6616,87157 32 40,GIRLS WIDE LEG,455,0
6617,87158 32 40,GIRLS(BLACK)PANT,430,1
6618,87159 32 40,GIRLS (STRAIT) PANT,485,0
6619,87160 36 40,GIRLS (STRAIT) R.F.D,530,12
6620,87161 32 40,GIRLS (STRAIT) PANT,445,2
6621,87162 32 40,GIRLS (STRAIT) PANT,445,0
6622,87163 32 40,GIRLS (CARGO) STRAIT,495,0
6623,87164 32 40,GIRLS (STRAIT) PANT,515,0
6624,87165 32 40,GIRLS (STRAIT) PANT,580,0
6625,87166 32 40,GIRLS (STRAIT) R.F.D,530,0
6626,87167 32 40,GIRLS (STRAIT) PANT,440,0
6627,87168 32 40,GIRLS (STRAIT) PANT,550,0
6628,87169 32 40,GIRLS (STRAIT) PANT,470,0
6629,87170 32 40,GIRLS (STRAIT) PANT,550,0
6630,87171 32 40,GIRLS (STRAIT) PANT,530,0
6631,87172 32 40,GIRLS (DENIM) PANT,550,0
6632,87173 32 40,GIRLS (DENIM) PANT,550,0
6633,87174 32 40,GIRLS (DENIM) PANT,550,0
6634,87175 32 40,GIRLS (DENIM) PANT,585,0
6635,87176 32 40,GIRLS (STRAIT) PANT,455,0
6636,87177 32 40,GIRLS (CARGO) STRAIT,545,1
6637,87178 32 40,GIRLS (STRAIT) PANT,435,1
6638,87179 36 40,GIRLS (STRAIT) PANT,475,0
6639,87180 32 40,GIRLS (STRAIT) PANT,530,1
6640,87181 36 40,GIRLS (STRAIT) PANT,550,0
6641,87182 32 40,GIRLS (STRAIT) PANT,435,0
6642,87183 32 40,GIRLS (STRAIT) PANT,460,0
6643,87184 40,GIRLS (STRAIT) PANT,555,0
6644,87185 32 40,GIRLS(BLACK)PANT,555,0
6645,87186 32 40,GIRLS (STRAIT) PANT,405,101
6646,87187 32 40,GIRLS (STRAIT) PANT,320,127
6647,87188 32 40,GIRLS (STRAIT) PANT,320,500
6648,87189 32 40,GIRLS (STRAIT) PANT,425,0
6649,87190 32 40,GIRLS (STRAIT) PANT,375,-1
6650,87191 32 40,GIRLS (STRAIT) PANT,540,0
6651,87192 32 40,GIRLS (STRAIT) PANT,530,0
6652,87193 32 40,GIRLS (STRAIT) PANT,440,1
6653,87194 32 40,GIRLS (STRAIT) PANT,475,0
6654,87195 32 40,GIRLS (STRAIT) PANT,535,0
6655,87196 36 40,GIRLS (STRAIT) PANT,440,10
6656,87197 32 40,GIRLS (STRAIT) PANT,435,-10
6657,87198 32 40,GIRLS (STRAIT) PANT,565,0
6658,87199 32 40,GIRLS (STRAIT) PANT,570,0
6659,87200 36 40,GIRLS (STRAIT) PANT,440,0
6660,87201 36 40,GIRLS (STRAIT) PANT,440,0
6661,87202 32 40,GIRLS (STRAIT) PANT,565,0
6662,87203 32 40,GIRLS (STRAIT) PANT,415,0
6663,87204 36 40,GIRLS (STRAIT) PANT,0,0
6664,87205 32 40,GIRLS (STRAIT) PANT,470,0
6665,87206 32 40,GIRLS (STRAIT) PANT,545,2
6666,87207 32 40,GIRLS (STRAIT) PANT,505,0
6667,87208 36 40,GIRLS (STRAIT) PANT,560,0
6668,87209 36 40,GIRLS (STRAIT) PANT,405,2
6669,87210 36 40,GIRLS (STRAIT) PANT,475,0
6670,87211 36 40,GIRLS (STRAIT) PANT,490,5
6671,87212 36 40,GIRLS (STRAIT) PANT,485,0
6672,87213 32 40,GIRLS (STRAIT) PANT,545,0
6673,87214 32 40,GIRLS (STRAIT) PANT,570,0
6674,87215 32 40,GIRLS (STRAIT) PANT,490,0
6675,87216 32 40,GIRLS (STRAIT) PANT,525,5
6676,87217 32 40,GIRLS (STRAIT) PANT,445,210
6677,87219 32 40,GIRLS (STRAIT) PANT,565,0
6678,87220 32 40,GIRLS (STRAIT) PANT,565,0
6679,87221 32 40,GIRLS (STRAIT) PANT,550,0
6680,87222 32 40,GIRLS (STRAIT) PANT,565,1
6681,87223 32 40,GIRLS (STRAIT) PANT,540,1
6682,87224 32 40,GIRLS (STRAIT) PANT,0,0
6683,87225 32 40,GIRLS (STRAIT) PANT,525,1
6684,87226 32 40,GIRLS (STRAIT) PANT,505,20
6685,87227 32 40,GIRLS (STRAIT) PANT,530,0
6686,87228 32 40,GIRLS (STRAIT) PANT,460,-1
6687,87229 32 40,GIRLS WIDE LEG,465,15
6688,87230 32 40,GIRLS WIDE LEG,465,30
6689,87231 32 40,GIRLS WIDE LEG,465,0
6690,87232 32 40,GIRLS(BLACK)PANT,520,0
6691,87233 32 40,GIRLS WIDE LEG,570,25
6692,87234 32 40,GIRLS WIDE LEG,490,5
6693,87235 32 40,GIRLS WIDE LEG,440,0
6694,87236 32 40,GIRLS (STRAIT) PANT,495,5
6695,87237 36 40,GIRLS (STRAIT) PANT,490,0
6696,87238 32 40,GIRLS(BLACK)PANT,455,0
6697,87239 32 40,GIRLS (BALL BOTTOM) PANT,520,0
6698,87240 32 40,GIRLS (WHITE)PANT,515,35
6699,87241 36 40,GIRLS WIDE LEG,455,25
6700,87242 32 40,GIRLS (STRAIT) PANT,545,0
6701,87243 32 40,GIRLS (STRAIT) PANT,540,0
6702,87244 32 40,GIRLS (STRAIT) PANT,495,30
6703,87245 32 40,GIRLS WIDE LEG,580,0
6704,87246 32 40,GIRLS WIDE LEG,580,26
6705,87247 36 40,GIRLS WIDE LEG,415,15
6706,87248 36 40,GIRLS (STRAIT) PANT,475,9
6707,87249 32 40,GIRLS (STRAIT) PANT,465,0
6708,87250 32 40,GIRLS (STRAIT) PANT,0,0
6709,87251 32 40,GIRLS (STRAIT) PANT,530,35
6710,87252 32 40,GIRLS (STRAIT) PANT,475,25
6711,87253 36 40,GIRLS (STRAIT) PANT,565,25
6712,87254 32 40,GIRLS(BLACK)PANT,465,16
6713,87255 36 40,GIRLS WIDE LEG,560,8
6714,87256 32 40,GIRLS WIDE LEG,475,0
6715,87257 32 40,GIRLS(BLACK)PANT,490,6
6716,87258 36 40,GIRLS (WHITE)PANT,510,10
6717,87259 34 38,GIRLS (WHITE)PANT,550,12
6718,87260 32 40,GIRLS(BLACK)PANT,525,34
6719,87261 32 40,GIRLS(BLACK)PANT,535,4
6720,87262 32 40,GIRLS WIDE LEG,545,0
6721,87263 32 40,GIRLS WIDE LEG,410,5
6722,87264 36 40,GIRLS WIDE LEG,495,56
6723,87265 32 40,GIRLS WIDE LEG,445,10
6724,87266 36 40,GIRLS WIDE LEG,450,54
6725,87267 36 40,GIRLS WIDE LEG,585,14
6726,87268 36 40,GIRLS WIDE LEG,585,6
6727,87269 32 40,GIRLS (STRAIT) PANT,360,40
6728,87270 32 40,GIRLS (STRAIT) PANT,360,160
6729,87271 32 40,GIRLS (STRAIT) PANT,605,10
6730,87272 32 40,GIRLS (STRAIT) PANT,555,36
6731,87273 32 40,GIRLS (STRAIT) PANT,620,5
6732,87274 32 40,GIRLS (STRAIT) PANT,580,25
6733,87275 32 40,GIRLS WIDE LEG,525,0
6734,87276 32 40,GIRLS (STRAIT) PANT,550,42
6735,87277 32 40,GIRLS (STRAIT) PANT,425,20
6736,87278 36 40,GIRLS (STRAIT) PANT,665,35
6737,87279 32 40,GIRLS WIDE LEG,460,2
6738,87280 32 40,GIRLS WIDE LEG,535,45
6739,87281 32 40,GIRLS WIDE LEG,585,35
6740,87282 32 40,GIRLS WIDE LEG,570,0
6741,87283 32 40,GIRLS WIDE LEG,580,30
6742,87284 32 40,GIRLS WIDE LEG,525,20
6743,87285 32 40,GIRLS WIDE LEG,560,55
6744,87286 32 40,GIRLS WIDE LEG,475,0
6745,87287 32 40,GIRLS JOGGER,510,30
6746,87288 32 40,GIRLS WIDE LEG,455,15
6747,87289 32 40,GIRLS (STRAIT) PANT,0,0
6748,87290 36 40,GIRLS (STRAIT) PANT,0,0
6749,87291 32 40,GIRLS (STRAIT) PANT,375,280
6750,8901 XL 3XL,GENTS JACKETS,1575,1
6751,901(633) 24 34,PANT TOP,915,0
6752,902(633) 16 22,PANT TOP,825,0
6753,902(633) 24 34,PANT TOP,915,0
6754,903(633) 16 22,PANT TOP,825,0
6755,903(633) 24 34,PANT TOP,915,0
6756,904(633) 24 34,GIRLS SET,915,0
6757,905(633) 24 34,PANT TOP,915,0
6758,90523 20 26,GIRLS SET,295,0
6759,906(633) 24 34,PANT TOP,915,0
6760,908(633) 16 22,PANT TOP,825,4
6761,908(633) 24 34,GIRLS SET,915,0
6762,90839 20 26,GIRLS SET,500,0
6763,90872 20 30,GIRLS SET,475,0
6764,90884 16 22,GIRLS SET,450,0
6765,90886 16 22,GIRLS SET,410,0
6766,90890 20 26,GIRLS SET,515,0
6767,909(633) 16 22,PANT TOP,780,8
6768,909(633) 24 34,PANT TOP,870,18
6769,910(633) 16 22,PANT TOP,910,0
6770,910(633) 24 34,PANT TOP,1055,6
6771,91028 28 38,GIRLS SET,500,0
6772,91200 16 20,GIRLS SET,415,0
6773,91258 18 22,GIRLS SET,660,2
6774,91259 18 22,GIRLS SET,660,2
6775,91277 28 38,GIRLS SET,650,0
6776,91284 24 28,GIRLS SET,660,3
6777,913(633) 16 22,PANT TOP,825,0
6778,913(633) 24 34,GIRLS SET,915,0
6779,91335 28 38,GIRLS SET,450,0
6780,9135 30 38,GENTS PANT,625,-1
6781,9138 28 36,GENTS PANT,620,-1
6782,91381 24 34,GIRLS SET,425,0
6783,914(633) 16 22,GIRLS SET,825,0
6784,914(633) 24 34,GIRLS SET,915,0
6785,91424 24 38,GIRLS SET,620,6
6786,915(633) 24 34,PANT TOP,780,0
6787,91558 28 38,GIRLS SET,525,0
6788,916(633) 16 22,GIRLS SET,870,0
6789,916(633) 24 34,GIRLS SET,960,0
6790,91642 28 38,GIRLS SET,880,0
6791,9165 32 40,GENTS PANT,645,1
6792,91679 20 26,GIRLS SET,510,0
6793,917(633) 16 22,PANT TOP,825,0
6794,917(633) 24 34,PANT TOP,915,0
6795,91750 28 38,GIRLS SET,750,0
6796,918(633) 16 22,GIRLS SET,870,0
6797,918(633) 24 34,GIRLS SET,960,0
6798,919(633) 16 22,GIRLS SET,870,0
6799,919(633) 24 34,GIRLS SET,960,0
6800,92123 28 38,GIRLS SET,610,0
6801,92164 24 34,GIRLS SET,605,0
6802,92190 16 22,GIRLS SET,445,0
6803,92216 28 38,GIRLS SET,785,0
6804,92217 28 38,GIRLS SET,780,0
6805,92326 28 38,GIRLS SET,650,0
6806,92344 28 38,GIRLS SET,950,3
6807,92378 XL,GIRLS SET,1275,7
6808,92928 28 38,GIRLS SET,1250,0
6809,93021 30 40,GIRLS SET,1095,19
6810,93186 30 40,GIRLS SET,1095,12
6811,93203 30 40,GIRLS SET,1050,6
6812,93270 36 40,GIRLS SET,1295,5
6813,93465 30 40,GIRLS SET,1195,6
6814,93565 30 40,GIRLS SET,1295,12
6815,93567 20 30,GIRLS SET,1150,18
6816,93589 30 40,GIRLS SET,1395,12
6817,93661 24 34,GIRLS SET,650,1
6818,93711 20 30,GIRLS SET,955,6
6819,93717 18 28,GIRLS SET,775,0
6820,93718 24 34,GIRLS SET,905,6
6821,93780 20 30,GIRLS SET,775,0
6822,93838 30 40,GIRLS SET,1450,6
6823,93840 22 28,GIRLS SET,695,0
6824,93857 18 22,GIRLS SET,860,-3
6825,93865 22 28,GIRLS SET,695,0
6826,93865 24 34,GIRLS SET,1295,0
6827,93867 18 28,GIRLS SET,1370,0
6828,93867 30 40,GIRLS SET,1575,0
6829,93869 16 26,GIRLS SET,815,0
6830,93893 36 40,GIRLS SET,1395,3
6831,93906 16 32,GIRLS SET,610,0
6832,93915 24 34,GIRLS SET,755,0
6833,93916 34 40,GIRLS SET,1030,4
6834,93940 24 34,GIRLS SET,695,0
6835,93948 36 40,GIRLS SET,1050,0
6836,93950 36 40,GIRLS SET,845,0
6837,93952 36 40,GIRLS SET,845,0
6838,93956 24 34,GIRLS SET,835,-6
6839,93959 24 34,GIRLS SET,750,0
6840,93966 36 40,GIRLS SET,1395,0
6841,93967 16 26,GIRLS SET,845,0
6842,93971 16 26,GIRLS SET,845,0
6843,93974 18 28,GIRLS SET,895,-5
6844,93978 18 28,GIRLS SET,1095,0
6845,93980 36 40,GIRLS SET,1635,3
6846,93984 30 40,GIRLS SET,1345,0
6847,93991 24 34,GIRLS SET,1395,-6
6848,93991 36 40,GIRLS SET,1495,-3
6849,93992 18 28,GIRLS SET,1140,1
6850,93992 30 40,GIRLS SET,1370,11
6851,93999 24 34,GIRLS SET,915,0
6852,94002 36 40,GIRLS SET,1045,0
6853,94007 (ALLOVER) 18 28,GIRLS SET,1690,0
6854,94007 (ALLOVER) 30 40,GIRLS SET,1985,0
6855,94008 16 22,GIRLS SET,1160,0
6856,94008 36 40,GIRLS SET,1690,0
6857,94028 18 28,GIRLS SET,935,6
6858,94028 30 40,GIRLS SET,1190,-6
6859,94030(5002) 20 30,GIRLS SET,1040,0
6860,94031 (5003) 20 30,GIRLS SET,1095,0
6861,94038 (5010) 32 40,GIRLS SET,1370,0
6862,94047 34 40,GIRLS SET,990,-4
6863,94052 24 34,GIRLS SET,965,0
6864,94057 (5017) 20 30,GIRLS SET,1020,6
6865,94057 (5017) 22 32,GIRLS SET,985,0
6866,94058(5018) 32 40,GIRLS SET,1315,0
6867,94059 (5007) 20 30,GIRLS SET,1040,0
6868,94060 34 40,GIRLS SET,980,0
6869,94063 (5019) 20 30,GIRLS SET,1150,0
6870,94063 (5019) 32 40,GIRLS SET,1370,0
6871,94064 (5020) 20 30,GIRLS SET,1040,0
6872,94064 (5020) 32 40,GIRLS SET,1260,0
6873,94071 (5012) 30 40,GIRLS SET,1100,0
6874,94074 (5025) 20 30,GIRLS SET,1020,0
6875,94077 18 28,GIRLS SET,995,4
6876,94077 30 40,GIRLS SET,1150,10
6877,94078 (5026) 20 30,GIRLS SET,1020,0
6878,94081 24 34,GIRLS SET,1030,0
6879,94082 24 34,GIRLS SET,995,0
6880,94082 36 40,GIRLS SET,1090,0
6881,94083 24 34,GIRLS SET,975,0
6882,94083 36 40,GIRLS SET,1075,0
6883,94084 24 34,GIRLS SET,795,0
6884,94084 36 40,GIRLS SET,895,-3
6885,94086 36 40,GIRLS SET,965,-3
6886,94089 24 34,GIRLS SET,795,0
6887,94090(504 16 26,GIRLS SET,960,0
6888,94091 24 34,GIRLS SET,1115,0
6889,94092,GIRLS SET,1170,0
6890,94093,GIRLS SET,0,0
6891,94093 24 34,GIRLS SET,1145,0
6892,94094,GIRLS SET,0,0
6893,94094 24 34,GIRLS SET,1030,0
6894,94095 24 34,GIRLS SET,1030,0
6895,94096 18 22,GIRLS SET,915,0
6896,94097 24 34,GIRLS SET,835,0
6897,94098 16 26,GIRLS SET,495,0
6898,94099(5284) 18 28,GIRLS SET,935,0
6899,94099(5284) 30 40,GIRLS SET,1190,0
6900,94100(444) 24 34,GIRLS SET,1105,0
6901,94101(462) 24 34,GIRLS SET,1070,0
6902,94102(505) 16 26,GIRLS SET,880,0
6903,94103 (5023) 20 30,GIRLS SET,1085,0
6904,94103(5023) 32 40,GIRLS SET,1250,0
6905,94104 20 30,GIRLS SET,1085,0
6906,94105 24 34,GIRLS SET,1145,18
6907,94106 24 34,GIRLS SET,1145,18
6908,94107(5029) 16 18,GIRLS SET,795,0
6909,94108 24 34,GIRLS SET (A),1115,0
6910,94109 18 28,GIRLS SET (A),0,0
6911,94110(5030) 16 26,GIRLS SET (A),0,0
6912,94111 12 22,GIRLS SET,633,0
6913,94112 12 22,GIRLS SET (A),664,6
6914,94113 12 22,GIRLS SET (A),603,0
6915,94114 24 34,GIRLS SET,625,0
6916,94115 24 34,GIRLS SET,625,0
6917,94116 24 34,GIRLS SET,835,0
6918,94117 18 28,GIRLS SET,750,0
6919,94118 18 28,GIRLS SET (A),1110,0
6920,94118 30 40,GIRLS SET (A),1225,0
6921,94119 18 28,GIRLS SET (A),1295,0
6922,94119 30 40,GIRLS SET (A),1410,-6
6923,94120(5030) 20 30,GIRLS SET (A),1085,0
6924,94121(5031) 20 30,GIRLS SET (A),1070,0
6925,94121(5031) 32 40,GIRLS SET (A),1235,0
6926,94122(5032) 20 30,GIRLS SET (A),1085,0
6927,94122(5032) 32 40,GIRLS SET (A),1250,0
6928,94123(5033) 32 40,GIRLS SET (A),1260,0
6929,94124(5034) 20 30,GIRLS SET (A),1095,0
6930,94124(5034) 32 40,GIRLS SET (A),1260,0
6931,94125(5035) 20 30,GIRLS SET (A),1095,0
6932,94126(5036) 20 30,GIRLS SET (A),1030,0
6933,94126(5036) 32 40,GIRLS SET (A),1195,0
6934,94127(5363) 18 28,GIRLS SET (A),900,0
6935,94127(5363) 30 40,GIRLS SET (A),1110,0
6936,94128 24 34,GIRLS SET (A),1295,0
6937,94129 18 28,GIRLS SET (A),935,0
6938,94129 30 40,GIRLS SET (A),1195,0
6939,94130 30 40,GIRLS SET (A),1295,0
6940,94131 24 34,GIRLS SET (A),1170,0
6941,94133 24 40,GIRLS SET (A),1240,3
6942,94134(508) 16 26,GIRLS SET,755,0
6943,94135(505) 16 26,GIRLS SET (A),885,0
6944,94136(511) 16 26,GIRLS SET (A),700,0
6945,94137(506) 16 26,GIRLS SET (A),700,0
6946,94138(5037) 20 30,GIRLS SET,1050,0
6947,94138(5037) 32 40,GIRLS SET,1205,0
6948,94139(5038) 20 30,GIRLS SET,1095,6
6949,94139(5038) 32 40,GIRLS SET,1280,5
6950,94140(5039) 20 30,GIRLS SET,1030,0
6951,94140(5039) 32 40,GIRLS SET,1095,0
6952,94141(5040) 20 30,GIRLS SET,1085,0
6953,94141(5040) 32 40,GIRLS SET,1260,0
6954,94142(5041) 20 30,GIRLS SET,1030,0
6955,94142(5041) 32 40,GIRLS SET,1205,0
6956,94143 24 34,GIRLS SET,1095,0
6957,94144(1725) 24 34,GIRLS SET,1150,0
6958,94144(1725) 36 40,GIRLS SET,1255,0
6959,94145(1829) 24 34,GIRLS SET,1360,0
6960,94145(1829) 36 40,GIRLS SET,1465,0
6961,94146(1846) 24 34,GIRLS SET,1255,0
6962,94146(1846) 36 40,GIRLS SET,1360,0
6963,94147(1840) 24 34,GIRLS SET,1150,0
6964,94147(1840) 36 40,GIRLS SET,1255,0
6965,94148(1785) 24 34,GIRLS SET,1255,0
6966,94148(1785) 36 40,GIRLS SET,1460,0
6967,94149(1821) 22 32,GIRLS SET,1150,0
6968,94149(1821) 36 40,GIRLS SET,1255,0
6969,94150(1775) 24 34,GIRLS SET,1255,0
6970,94150(1775) 36 40,GIRLS SET,1360,0
6971,94151(1824) 24 34,GIRLS SET,1360,0
6972,94151(1824) 36 40,GIRLS SET,1465,0
6973,94152(1825) 24 34,GIRLS SET,1255,0
6974,94152(1825) 36 40,GIRLS SET,1360,0
6975,94153(1777) 24 34,GIRLS SET,1360,0
6976,94153(1777) 36 40,GIRLS SET,1465,0
6977,94154(1827) 30 40,GIRLS SET,1255,0
6978,94155(1812) 24 34,GIRLS SET,1360,0
6979,94155(1812) 36 40,GIRLS SET,1465,0
6980,94156(1830) 30 40,GIRLS SET,1360,0
6981,94157(1831) 30 40,GIRLS SET,1465,0
6982,94158(1823) 30 40,GIRLS SET,1255,0
6983,94159(514) 16 26,GIRLS SET,784,0
6984,94160(5042) 16 24,GIRLS SET,1095,5
6985,94161(5043) 20 30,GIRLS SET,1030,0
6986,94161(5043) 32 40,GIRLS SET,1195,0
6987,94162  16 26,GIRLS SET,853,0
6988,94163(1835) 28 38,GIRLS SET,1535,0
6989,94164(1841) 28 38,GIRLS SET,1535,0
6990,94165(1820) 24 34,GIRLS SET,1150,0
6991,94165(1820) 36 40,GIRLS SET,1255,0
6992,94166(1816) 24 34,GIRLS SET,1360,0
6993,94166(1816) 36 40,GIRLS SET,1465,0
6994,94167 24 34,GIRLS SET,0,0
6995,94167 36 40,GIRLS SET,0,0
6996,94168 24 34,GIRLS SET,0,0
6997,94168 36 40,GIRLS SET,0,0
6998,94169(518) 16 26,GIRLS SET,840,0
6999,94170(5044) 20 30,GIRLS SET,1133,0
7000,94170(5044) 32 40,GIRLS SET,1353,0
7001,94171(5387) 18 28,GIRLS SET,1055,0
7002,94172 24 34,GIRLS SET,1265,0
7003,94172 36 40,GIRLS SET,1430,0
7004,94173(1710) 28 38,GIRLS SET,0,0
7005,94174(5394) 18 28,GIRLS SET,1215,0
7006,94175(5045) 20 30,GIRLS SET,985,0
7007,94175(5045) 32 40,GIRLS SET,1170,0
7008,94176(5046) 20 30,GIRLS SET,1030,0
7009,94176(5046) 32 40,GIRLS SET,1195,0
7010,94177(708) 18 28,GIRLS SET,1100,0
7011,94178(696) 18 28,GIRLS SET,1110,0
7012,94179(713) 18 28,GIRLS SET,1225,0
7013,94180(713) 30 40,GIRLS SET,0,0
7014,94181(1863) 28 38,GIRLS SET,1467,0
7015,94182 22 32,GIRLS SET,685,0
7016,94183(5400) 18 28,GIRLS SET,980,0
7017,94184(487) 34 40,GIRLS SET,880,0
7018,94185(1868) 28 38,GIRLS SET,1250,0
7019,94186(1876) 28 38,GIRLS SET,1362,0
7020,94187(903) 30 40,GIRLS SET,685,0
7021,94188(490) 20 30,GIRLS SET,510,0
7022,94189(275) 20 30,GIRLS SET,625,0
7023,94190(411) 20 30,GIRLS SET,615,0
7024,94191(353) 20 30,GIRLS SET,615,0
7025,94192(412) 20 30,GIRLS SET,615,0
7026,94193(485) 20 30,GIRLS SET,620,0
7027,94194(483) 20 30,GIRLS SET,620,0
7028,94195(516) 16 26,GIRLS SET,875,0
7029,94196(512) 16 26,GIRLS SET,755,0
7030,94197(343) 16 22,GIRLS SET,740,0
7031,94198(384) 20 30,GIRLS SET,615,0
7032,94199(480) 22 32,GIRLS SET,685,0
7033,94200(392) 20 30,GIRLS SET,660,0
7034,94201(274) 20 30,GIRLS SET,630,0
7035,94201(274) 32 40,GIRLS SET,765,0
7036,94202(373) 16 22,GIRLS SET,660,0
7037,94203(386) 20 30,GIRLS SET,736,6
7038,94204(5047) 20 30,GIRLS SET,1095,0
7039,94204(5047) 32 40,GIRLS SET,1315,0
7040,94205(5048) 20 30,GIRLS SET,1125,0
7041,94205(5048) 32 40,GIRLS SET,1305,0
7042,94207(19165) 22 28,GIRLS SET,1235,0
7043,94208 22 28,AFGANI SET,1240,0
7044,94208(19165) 30 40,AFGANI SET,1350,0
7045,94209(19164) 30 40,SHARARA,1435,0
7046,94210(19143) 22 28,GIRLS SET,1260,0
7047,94211(19143) 30 40,GIRLS SET,1375,0
7048,94212(19162) 22 28,GIRLS SET,1260,0
7049,94213(19162) 30 40,SHARARA,1375,0
7050,94214(0115) 24 34,SKIRT TOP,1030,0
7051,94215(495) 34 40,GIRLS SET,995,0
7052,94216(496) 34 40,GIRLS SET,995,0
7053,94217(521) 16 26,GIRLS SET,745,0
7054,94218(25020) 24 34,GIRLS SET,930,0
7055,94219(520) 16 26,GIRLS SET,745,0
7056,94220(502) 22 32,GIRLS SET,685,5
7057,94220(502) 34 40,GIRLS SET,835,0
7058,94221 22 28,SHARARA,1236,0
7059,94221 30 40,SHARARA,1350,0
7060,94222 30 40,LAHANGA CHOLI,1719,0
7061,94223 30 40,GIRLS SET,1605,0
7062,94224(5050) 16 18,GIRLS SET,875,0
7063,94224(5050) 20 30,GIRLS SET,1095,0
7064,94225(5051) 14  18,GIRLS SET,875,0
7065,94225(5051) 20 30,GIRLS SET,1060,0
7066,94225(5051) 32 40,GIRLS SET,1205,0
7067,94226(0116) 24 34,GIRLS SET,845,0
7068,94227(522) 16 26,GIRLS SET,885,0
7069,94228(2501) 24 34,GIRLS SET,785,0
7070,94229(2502) 24 34,GIRLS SET,730,0
7071,94230(2503) 24 34,GIRLS SET,730,0
7072,94231 24 34,GIRLS SET,875,0
7073,94232 24 34,GIRLS SET,800,0
7074,94233 24 34,GIRLS SET,800,0
7075,94234(2506) 24 34,GIRLS SET,730,0
7076,94235(2507) 24 34,GIRLS SET,680,0
7077,94236 16 22,GIRLS SET,718,4
7078,94236 24 34,GIRLS SET,835,0
7079,94237 22 32,GIRLS SET,718,0
7080,94238 18 28,GIRLS SET,580,0
7081,94239 22 32,GIRLS SET,718,0
7082,94240(2516) 36 40,GIRLS SET,835,0
7083,94241(1940) 18 28,GIRLS SET,875,0
7084,94242(1910) 20 30,GIRLS SET,1330,0
7085,94243(1936) 14 18,GIRLS SET,650,0
7086,94244(5044) 24 34,GIRLS SET,730,15
7087,94244(5044) 36 40,GIRLS SET,840,0
7088,94245 (2501)  24  34,GIRLS SET,745,0
7089,94246(2512) 24 34,GIRLS SET,765,0
7090,94247(2517) 24 34,GIRLS SET,730,0
7091,94248(2518) 24 34,GIRLS SET,785,0
7092,94249(2526) 24 34,GIRLS SET,785,0
7093,94250(511) 22 32,GIRLS SET,718,0
7094,94251(512) 22 32,GIRLS SET,725,0
7095,94252(25006) 24 40,GIRLS SET,1155,0
7096,94253(25077) 24 34,GIRLS SET,820,0
7097,94254(25041) 24 34,GIRLS SET,875,0
7098,94255(25009) 24 34,GIRLS SET,765,0
7099,94256(25013) 24 34,GIRLS SET,800,0
7100,94257(25032) 24 34,GIRLS SET,800,0
7101,94258(25020) 24 34,GIRLS SET,950,0
7102,94259(526) 16 26,GIRLS SET,830,0
7103,94260(531) 16 26,GIRLS SET,820,0
7104,94261(501) 16 22,GIRLS SET,685,0
7105,94261(501) 24 34,GIRLS SET,800,0
7106,94262(537) 24 34,GIRLS SET,950,0
7107,94265(5054) 20 30,GIRLS SET,1040,0
7108,94265(5054) 32 40,GIRLS SET,1180,0
7109,94267(5056) 20 30,GIRLS SET,1070,0
7110,94268(5057) 20 30,GIRLS SET,1315,0
7111,94268(5057) 32 40,GIRLS SET,1535,0
7112,94269(2509) 24 34,GIRLS SET,655,0
7113,94270(2515) 24 34,GIRLS SET,780,0
7114,94271(5402) 18 28,GIRLS SET,1160,0
7115,94272(538) 24 34,GIRLS SET,720,0
7116,94273(529) 22 32,GIRLS SET,705,0
7117,94273(529) 34 40,GIRLS SET,890,0
7118,94274(515) 22 32,GIRLS SET,645,0
7119,94274(515) 34 40,GIRLS SET,0,0
7120,94275(383) 24 34,GIRLS SET,915,0
7121,94276(25015) 24 34,GIRLS SET,975,0
7122,94277(25049) 24 34,GIRLS SET,1235,6
7123,94278(25017) 20 30,GIRLS SET,1195,0
7124,94279(507) 22 32,GIRLS SET,720,0
7125,94279(507) 34 40,GIRLS SET,855,0
7126,94280 (524) 16 26,FROCK(L),805,0
7127,94281(530) 16 26,FROCK(L),830,0
7128,94282(516) 24 34,GIRLS SET,845,0
7129,94283 (1428)  24 34,SHARARA,1495,2
7130,94284 (1448)  20 30,CORD SET,925,0
7131,94285 (1449)  20 30,SHARARA (L),1050,0
7132,94286 (1392) 24 34,SHARARA (L),1095,0
7133,94287 24 34,GIRLS SET,1095,0
7134,94288 24 34,GIRLS SET,1150,0
7135,94289 14 22,GIRLS SET,725,0
7136,94290(5058) 20 30,GIRLS SET,1305,0
7137,94291(5059) 20 30,GIRLS SET,985,5
7138,94292(5060) 20 30,GIRLS SET,1095,0
7139,94292(5060) 32 40,GIRLS SET,1280,0
7140,94293(548) 24 34,GIRLS SET,725,0
7141,94294(1954) 14 20,GIRLS SET,695,0
7142,94295(519) 22 32,GIRLS SET,740,0
7143,94296(529) 16 26,GIRLS SET,0,0
7144,94296(547) 22 32,GIRLS SET,845,0
7145,94297(2509) 24 34,GIRLS SET,695,0
7146,94298(529) 16 26,GIRLS SET,820,0
7147,94299(536) 16 26,GIRLS SET,805,0
7148,94300(560) 22 32,GIRLS SET,835,0
7149,94301(5061) 20 30,GIRLS SET,1085,0
7150,94303(5002) 28 38,GIRLS SET,1255,0
7151,94304(1751) 36 40,GIRLS SET,1190,0
7152,94305 16 26,GIRLS SET,645,0
7153,94306 16 26,GIRLS SET,760,0
7154,94307 18 28,GIRLS SET,1055,0
7155,94307 20 30,GIRLS SET,1085,0
7156,94308(5063) 20 30,GIRLS SET,1095,0
7157,94309 24 34,GIRLS SET,1295,0
7158,94310 24 34,GIRLS SET,1155,0
7159,94311 28 38,GIRLS SET,1360,0
7160,94312(4682) 24 34,GIRLS SET,1195,0
7161,94313(1958) 20 30,GIRLS SET,1085,0
7162,94314 20 30,GIRLS SET,705,0
7163,94315 20 30,GIRLS SET,795,0
7164,94316 30 40,GIRLS SET,785,0
7165,94317 24 34,GIRLS SET,875,0
7166,94318(5065) 20 30,GIRLS SET,1030,6
7167,94319(5064) 14 18,GIRLS SET,820,0
7168,94319(5064) 20 30,GIRLS SET,1005,0
7169,94319(5064) 32 40,GIRLS SET,1195,0
7170,94320(1965) 20 30,GIRLS SET,1095,0
7171,94321(1964) 20 30,GIRLS SET,1250,0
7172,94322(6001) 28 38,GIRLS SET,1360,0
7173,94323(538) 16 26,GIRLS SET,775,0
7174,94324(5066) 14 18,GIRLS SET,875,0
7175,94324(5066) 20 30,GIRLS SET,1040,0
7176,94324(5066) 32 40,GIRLS SET,1235,0
7177,94325(24030) 24 34,GIRLS SET,950,0
7178,94326(24027) 24 34,GIRLS SET,980,0
7179,94327(75499)  24 34,PLAZO SET,765,0
7180,94329(75515)  24 34,PLAZO SET,765,0
7181,94330(515) 16 26,GIRLS SET,820,0
7182,94331(25059) 24 34,GIRLS SET,980,0
7183,94332(75495) 18 28,GIRLS SET,765,0
7184,94333(75469) 24 34,GIRLS SET,935,0
7185,94334(75494) 20 30,GIRLS SET,705,0
7186,94335(75516) 20 30,GIRLS SET,695,0
7187,94335(75516) 32 38,GIRLS SET,810,4
7188,94336(5067) 20 30,GIRLS SET,1125,0
7189,94337(5007) 28 38,GIRLS SET,1255,0
7190,94338(25070) 24 34,GIRLS SET,1005,0
7191,94339(5415) 18 28,GIRLS SET,1000,0
7192,94340(1974) 20 30,GIRLS SET,1195,0
7193,94341(5068) 20 30,GIRLS SET,1095,0
7194,94342(5069) 20 30,GIRLS SET,1235,0
7195,94343(5070) 20 30,GIRLS SET,985,6
7196,94343(5070) 32 40,GIRLS SET,1150,0
7197,94344(5071) 20 30,GIRLS SET,930,0
7198,94344(5071) 32 40,GIRLS SET,1095,4
7199,94345(522) 16 26,GIRLS SET,885,0
7200,94346(25071) 24 34,GIRLS SET,870,0
7201,94347(5072) 20 30,GIRLS SET,1205,0
7202,94347(5072) 32 40,GIRLS SET,1425,0
7203,94348(5073) 14 18,GIRLS SET,930,0
7204,94348(5073) 32 40,GIRLS SET,1195,0
7205,94350(3322) 28 38,GIRLS SET,1465,0
7206,94351(5008) 28 38,GIRLS SET,1360,0
7207,94352(3325) 28 38,GIRLS SET,1465,0
7208,94353(5074) 20 30,GIRLS SET,1040,0
7209,94353(5074) 32 40,GIRLS SET,1260,5
7210,94354(534) 16 26,GIRLS SET,810,0
7211,94355(541) 16 26,GIRLS SET,885,0
7212,94356(25043) 24 34,GIRLS SET,1175,0
7213,94357(24019) 24 34,GIRLS SET,945,0
7214,94358(24025) 24 34,GIRLS SET,905,0
7215,94359(24031) 24 34,GIRLS SET,945,0
7216,94360(638) 12 22,GIRLS SET,720,0
7217,94361(647) 12 22,GIRLS SET,625,0
7218,94362(646) 12 22,GIRLS SET,685,0
7219,94363(641) 12 22,GIRLS SET,730,0
7220,94364(633) 12 22,GIRLS SET,760,0
7221,94365(643) 16 26,GIRLS SET,835,0
7222,94366(632) 12 22,GIRLS SET,730,0
7223,94367(631) 12 22,GIRLS SET,625,0
7224,94368(75450) 24 34,GIRLS SET,970,0
7225,94369(75437) 24 34,GIRLS SET,940,6
7226,94370(75440) 24 34,GIRLS SET,795,0
7227,94371(580) 24 34,GIRLS SET,1075,0
7228,94372(581) 24 34,GIRLS SET,1030,0
7229,94374(583) 16 22,GIRLS SET,699,-4
7230,94374(583) 24 34,GIRLS SET,770,-6
7231,94375(3342) 28 38,GIRLS SET,1465,0
7232,94376(3343) 28 38,GIRLS SET,1465,0
7233,94377(542) 16 26,GIRLS SET,895,0
7234,94378(475) 24 34,GIRLS SET,1030,0
7235,94380(629) 22 28,GIRLS SET,1195,0
7236,94380(629) 30 40,GIRLS SET,1355,0
7237,94382(640) 22 28,GIRLS SET,995,0
7238,94382(640) 30 40,GIRLS SET,1155,0
7239,94383(633) 24 34,GIRLS SET,1175,1
7240,94384(522) 22 28,GIRLS SET,865,0
7241,94384(522) 30 40,GIRLS SET,995,0
7242,94385(638) 22 28,GIRLS SET,1165,0
7243,94385(638) 30 40,GIRLS SET,1325,0
7244,94386(678) 16 26,GIRLS SET,890,6
7245,94387(672) 18 22,GIRLS SET,730,0
7246,94388(677) 12 22,GIRLS SET,730,6
7247,94389(680) 12 22,GIRLS SET,770,0
7248,A1 (RT) 12 14     [620439],FROCK,550,0
7249,A2 (RT) 12 14     [620439],FROCK,550,0
7250,A2204 34 40,GIRLS SET (K),1025,0
7251,A3 (RT) 12 14     [620439],FROCK,520,0
7252,A3(MB) 16  26      [620443],FROCK (A),780,6
7253,A3306 (ROMAN SILK) M-XXL,KURTA SET (LADIES),835,3
7254,A4 (RT) 12 14     [620439],FROCK,550,0
7255,A5 (RT) 12 14     [620439],FROCK,499,0
7256,A6 (RT) 12 14     [620439],FROCK,499,0
7257,A6129 22 32,GIRLS SET (K),685,6
7258,A6171 20 30,GIRLS SET (K),695,7
7259,A717 20 26,GIRLS SET (K),495,0
7260,A8 (RT) 12 14    [620439],FROCK,550,0
7261,AA105 16 26,GIRLS SET (A),535,0
7262,AA200 16 26,GIRLS SET (A),575,0
7263,AA220 16 26,GIRLS SET (A),545,0
7264,AA755 16 26,GIRLS SET (A),520,6
7265,AATIYA  M-XXL,LADIES SUIT (L),1795,4
7266,ADVIKA 24 34,DRESS (G),500,-1
7267,AF1330 16 26,GIRLS SET (A),550,6
7268,AF1928 30 40,GIRLS SET (K),1465,0
7269,AF1990 30 40,HIRA MANDI(K),1475,0
7270,AF225 16 26,GIRLS SET (A),535,0
7271,AF2578 22 28,PLAZO SET,775,4
7272,AF2584 22 28,PLAZO SET,780,12
7273,AF2595 22 28,PLAZO SET,865,4
7274,AF2596 22 28,PLAZO SET,730,0
7275,AF3319 30 40,GIRLS SET (K),1367,0
7276,AF3344 30 40,HIRA MANDI(K),1295,0
7277,AF421 30 40,HIRA MANDI(K),1395,0
7278,AF45 16 26,GIRLS SET (A),745,6
7279,AF5222 30 40,GIRLS SET (K),1857,0
7280,AF8050 26 36,GIRLS SET (A),990,24
7281,AG1309 20 30,GIRLS SET (K),755,0
7282,AG1405  20 30,SHARARA,1490,0
7283,AG1514 20 30,GIRLS SET (K),950,0
7284,AG1561 20 30,GIRLS SET (K),940,0
7285,AG1801 20 30,SHARARA,980,0
7286,AG1840 20 30,GIRLS SET (K),945,0
7287,AG1863 20 30,GIRLS SET (K),955,0
7288,AG1900 20 30,SHARARA,950,0
7289,AG1912 20 30,GIRLS SET (K),1020,0
7290,AG1915 20 30,PLAZO KOTI,985,0
7291,AG1916 20 30,GIRLS SET (K),1090,0
7292,AG1918 20 30,GIRLS SET (K),995,0
7293,AG1929 20 30,GIRLS SET (K),770,0
7294,AG1930 20 30,GIRLS SET (K),1150,0
7295,AG1931 20 30,GIRLS SET (K),765,0
7296,AG1932 20 30,GIRLS SET (K),1059,0
7297,AG1933 20 30,GIRLS SET (K),1161,0
7298,AG1934 20 30,GIRLS SET (K),992,0
7299,AG1935 20 30,GIRLS SET (K),992,0
7300,AG1937 20 30,AFGANI DHOTI,950,0
7301,AG1951 20 30,GIRLS SET (K),995,0
7302,AG1953 20 30,AFGANI SET,995,0
7303,AG1958 20 30,GIRLS SET (K),1050,0
7304,AG1967 20 30,LAHANGA CHOLI,1088,0
7305,AG1969 20 30,GIRLS SET (K),1021,0
7306,AG1970 20 30,GIRLS SET (K),1216,0
7307,AG2002  20 30,GIRLS SET (K),1085,0
7308,AG2003 20 30,GIRLS SET (K),1258,0
7309,AG2004 20 30,GIRLS SET (K),1248,0
7310,AG2005 20 30,GIRLS SET (K),1435,0
7311,AG2007 20 30,GIRLS SET (K),1224,0
7312,AG2008 30 40,GIRLS SET (K),1392,0
7313,AG2009 30 40,GIRLS SET (K),1531,0
7314,AG2010 30 40,GIRLS SET (K),1517,0
7315,AG2015 20 30,GIRLS SET (K),1339,0
7316,AG2018 20 30,GIRLS SET (K),1243,0
7317,AG2020 30 40,GIRLS SET (K),1228,0
7318,AG2021 30 40,GIRLS SET (K),1526,0
7319,AG2024 20 30,GIRLS SET (K),1243,0
7320,AG2025 30 40,GIRLS SET (K),1535,0
7321,AG2027 20 30,GIRLS SET (K),1296,0
7322,AG2030 30 40,GIRLS SET (K),1480,0
7323,AG2050 20 30,GIRLS SET (K),1350,0
7324,AG2051 20 30,GIRLS SET (K),1243,0
7325,AG2052 30 40,GIRLS SET (K),1488,0
7326,AG2054 30 40,GIRLS SET (K),1488,0
7327,AG2055 20 30,GIRLS SET (K),1008,0
7328,AG2059 20 30,GIRLS SET (K),1224,0
7329,AG2062 20 30,GIRLS SET (K),1450,0
7330,AG3001 20 30,PLAZO SET,1235,0
7331,AG3002 20 30,PLAZO SET,1270,0
7332,AG3003 20 30,PLAZO SET,1240,0
7333,AG3004  20 30,LEHANGA CHOLI,1420,0
7334,AG3005  30 40,PLAZO SET,1140,0
7335,AG3006  20 30,PLAZO SET,1125,0
7336,AG3007  20 30,LEHANGA CHOLI,1125,0
7337,AG3008 20 30,PLAZO SET,1225,0
7338,AG3009 30 40,LEHANGA CHOLI,1520,0
7339,AG3014 30 40,PLAZO SET,1200,0
7340,AG3015 30 40,PLAZO SET,1215,0
7341,AG3017 20 30,PLAZO SET,910,0
7342,AG3018 20 30,PATIYALA,1010,0
7343,AG3019 20 30,AFGANI SET,930,0
7344,AG3020 20 30,LAHANGA CHOLI,1390,0
7345,AG3021 20 30,PLAZO SET,1055,0
7346,AG3022 30 40,LAHANGA CHOLI,1340,0
7347,AG3051 20 30,LAHANGA CHOLI,1045,0
7348,AG3052 30 40,PLAZO SET,1360,0
7349,AG3053 20 30,AFGANI SET,1075,0
7350,AG3054  20 30,SKIRT CHOLI,1170,0
7351,AG3055 30 40,GIRLS SET (K),1200,0
7352,AG3057 20 30,AFGANI SET,1005,0
7353,AG3058  20 30,PLAZO SET,1055,0
7354,AG3064 20 30,PLAZO SET,1080,0
7355,AG3065 20 30,AFGANI SET,1005,0
7356,AG3067 20 30,LAHANGA CHOLI,1130,12
7357,AG3099 20 30,FARSI,1395,0
7358,AG4003 30 40,FARSI,1530,0
7359,AG4004 30 40,GIRLS SET (K),1585,0
7360,AG4006 20 30,SHARARA,1245,6
7361,AG4007 30 40,GIRLS SET (K),1625,0
7362,AG4008 30 40,FARSI,1595,0
7363,AG4009 30 40,FARSI,1430,0
7364,AG4010 30 40,KALI PLAZO,1820,0
7365,AG4012 20 30,KALI SHARARA,1335,0
7366,AG4013 30 40,KALI SHARARA,1430,0
7367,AG4014 20 30,FARSI,1370,0
7368,AG4015 30 40,PLAZO SET,1530,0
7369,AG4017 20 30,GIRLS SET (K),1480,0
7370,AG4018 30 40,PAKISTANI SET,1405,0
7371,AG4021 20 30,SHARARA,1305,0
7372,AG4022 20 30,GIRLS SET (K),1430,0
7373,AG4026 30 40,FARSI,1585,0
7374,AG4029 20 30,GIRLS SET (K),1270,0
7375,AG4032 30 40,GIRLS SET (K),1585,0
7376,AG4033 30 40,GIRLS SET (K),1560,0
7377,AG4034 30 40,GIRLS SET (K),1575,0
7378,AG4035 20 30,GIRLS SET (K),1295,0
7379,AG4036 30 40,GIRLS SET (K),1625,0
7380,AG4037 20 30,GIRLS SET (K),1370,0
7381,AG4041 20 30,PLAZO SET,1405,0
7382,AG4042 20 30,GIRLS SET (K),1175,0
7383,AG4045 20 30,PLAZO SET,1395,0
7384,AG4048 30 40,FARSI,1595,0
7385,AG4049 30 40,FARSI,1588,0
7386,AG4050 20 30,PLAZO SET,1405,0
7387,AG4051 30 40,FARSI,1575,0
7388,AG4052 30 40,FARSI,1595,0
7389,AG4053 30 40,FARSI,1610,0
7390,AG4054 20 30,FARSI,1435,0
7391,AG5003 20 30,PLAZO SET,1010,6
7392,AG5005 30 40,PLAZO SET,1285,6
7393,AG5007 20 30,PLAZO SET,1270,0
7394,AG5008 30 40,PLAZO SET,1245,6
7395,AG5011 20 30,LAHANGA CHOLI,1145,0
7396,AG5043 20 30,PLAZO SET,1010,0
7397,AG5045 20 30,PLAZO SET,1145,0
7398,AG5051 20 30,PLAZO SET,955,0
7399,AG5052 30 40,PLAZO SET,1380,18
7400,AG5053 30 40,PLAZO SET,1135,6
7401,AG5054 20 30,PLAZO SET,1275,18
7402,AG5055 30 40,PLAZO SET,1399,18
7403,AG5058 20 30,PLAZO SET,1135,18
7404,AG5059 20 30,PLAZO SET,980,6
7405,AG5061 20 30,PLAZO SET,1135,6
7406,AG5062 20 30,PLAZO SET,1199,12
7407,AG5064 30 40,PLAZO SET,1325,12
7408,ALIZA 36 40,DRESS (G),1235,1
7409,AN1205 16 22,GIRLS SET (K),505,0
7410,ANAMIKA 18 28,FROCK (A),745,6
7411,ANJALI 24 34,GIRLS SET (A),1610,0
7412,APSARA 22 32,GIRLS SET (A),1301,0
7413,APSARA 34 38,GIRLS SET (A),1541,0
7414,AVINASH M-XXL,LADIES SUIT (L),1199,0
7415,B1002 38,BOYS SHIRTS,275,11
7416,B16524 18,BOYS SHIRTS,480,1
7417,B17538 10 16,BOYS SHIRTS,360,4
7418,B17539 10 16,BOYS SHIRTS,340,7
7419,B17543 10 16,BOYS SHIRTS,340,4
7420,B1845 32 36,GIRLS SET (K),1095,3
7421,B2365 32 36,BOYS SHIRTS,355,1
7422,B2407 32 36,GIRLS SET (K),1295,-6
7423,B941 10 16,BOYS SHIRTS,495,4
7424,BC0022 16 22,GIRLS SET (K),530,0
7425,BC0024 16 22,GIRLS SET (K),575,0
7426,BC0025 16 22,GIRLS SET (K),550,0
7427,BC0026 16 22,GIRLS SET (K),565,0
7428,BC003 16 22,GIRLS SET (K),565,0
7429,BC006 16 22,GIRLS SET (K),575,0
7430,BD076   12  14     [62041100],FROCK (A),520,0
7431,BD10011 32 40,GIRLS SET (A),1320,0
7432,BD10013 22 30,GIRLS SET (A),1170,0
7433,BD10013 32 40,GIRLS SET (A),1420,0
7434,BD10019 22 30,GIRLS SET (A),1020,0
7435,BD10019 32 40,GIRLS SET (A),1220,0
7436,BD10022 22 30,GIRLS SET (A),1220,0
7437,BD10022 32 40,GIRLS SET (A),1420,0
7438,BD10052 22 30,GOWN,1060,0
7439,BD10052 32 40,GOWN,1310,10
7440,BD1212 16 26,GIRLS SET (A),815,0
7441,BD1302 12 14,GIRLS SET (A),355,0
7442,BD1307 12 14,GIRLS SET (A),375,0
7443,BD1338 12 14,GIRLS SET (A),325,0
7444,BD1342 16 26,GIRLS SET (A),650,1
7445,BD1343 16 26,GIRLS SET (A),755,0
7446,BD1354 12 14,GIRLS SET (A),395,0
7447,BD1364 16 26,GIRLS SET (A),685,0
7448,BD1365 16 26   [611190],FROCK(L),475,0
7449,BD1366  16  26     [611190],FROCK(L),525,0
7450,BD1367 16 26  [611190],FROCK(L),495,0
7451,BD1368 16 26,GIRLS SET (A),675,0
7452,BD1375 16 26,GIRLS SET (A),775,0
7453,BD1383 16 26    [611190],FROCK(L),455,0
7454,BD1387 12 14,GIRLS SET (A),415,0
7455,BD1399 12 14,GIRLS SET (A),395,0
7456,BD1405 16 26,GIRLS SET (A),775,0
7457,BD1409 12 14,GIRLS SET (A),375,0
7458,BD1501 16 26,GIRLS SET (A),735,0
7459,BD1502 16 26,GIRLS SET (A),695,0
7460,BD1504 16 26      [611190],FROCK (A),795,0
7461,BD1505 16 26,GIRLS SET (A),845,0
7462,BD1506 12 14    [611190],FROCK,425,0
7463,BD1506 16 26,GIRLS SET (A),745,0
7464,BD1507 16 26,GIRLS SET (A),655,0
7465,BD1508 16 26,GIRLS SET (A),675,0
7466,BD1509 16 26,GIRLS SET (A),765,0
7467,BD1510 16 26,GIRLS SET (A),755,0
7468,BD1512 16 26,GIRLS SET (A),785,0
7469,BD1513 16 26,GIRLS SET (A),885,0
7470,BD1516 16 22     [611190],FROCK (A),845,0
7471,BD1520 16 26,GIRLS SET (A),725,0
7472,BD1523 16 26,FROCK(L),895,0
7473,BD1524 16 26  [611190],FROCK (A),755,0
7474,BD1527 16 26      [611190],GIRLS SET (A),735,0
7475,BD1530 12 14,GIRLS SET (A),375,0
7476,BD1530 16 26,GIRLS SET (A),855,0
7477,BD1531 12 14,FROCK (A),425,0
7478,BD1532 16 26,GIRLS SET (A),825,0
7479,BD1534 16 26,GIRLS SET (A),675,0
7480,BD1536 16 26,GIRLS SET (A),725,0
7481,BD1537 16 26,GIRLS SET (A),795,0
7482,BD1539 16 26     [611190],FROCK (A),745,0
7483,BD1540 12 14     [611190],FROCK(L),315,0
7484,BD1540 16 26     [611190],FROCK (A),545,0
7485,BD1542 16 26,GIRLS SET (A),725,0
7486,BD1544 16 26                    [611190],FROCK(L),745,0
7487,BD1545 16 26,GIRLS SET (A),895,0
7488,BD1546 12 14,GIRLS SET (A),285,0
7489,BD1546 16 26,FROCK (A),485,0
7490,BD1547 16 26,GIRLS SET (A),695,0
7491,BD1548 16 26,GIRLS SET (A),745,0
7492,BD1549 12 14,GIRLS SET (A),395,0
7493,BD1549 16 26,FROCK(L),765,0
7494,BD1551 16 26    [611190],GIRLS SET (A),775,0
7495,BD1552 16 26    [611190],GIRLS SET (A),725,0
7496,BD1553 12 14       [ 611190 ],GIRLS SET (A),425,0
7497,BD1554 16 26,FROCK (A),865,0
7498,BD1556 16 26,GIRLS SET (A),755,0
7499,BD1559 12 14,GIRLS SET (A),415,0
7500,BD1559 16 26,GIRLS SET (A),745,0
7501,BD1560  16  26     [6111190],FROCK (A),855,0
7502,BD1561 12 14,GIRLS SET (A),355,0
7503,BD1562 12 14,FROCK (A),385,0
7504,BD1567 12 14   [611190],FROCK(L),395,0
7505,BD1568 12 14,GIRLS SET (A),425,0
7506,BD1568 16 26,GIRLS SET (A),795,0
7507,BD1570 12 14    [611190],FROCK(L),425,0
7508,BD1570 16 26    [611190],FROCK(L),765,0
7509,BD1571 12 14   [611190],FROCK(L),395,0
7510,BD1571 16 26   [611190],GIRLS SET (A),715,0
7511,BD1573 16 26   [611190],FROCK(L),875,0
7512,BD1574 16 26,FROCK (A),795,0
7513,BD1575 12 14,GIRLS SET (A),395,0
7514,BD1576 16 26,FROCK (A),725,0
7515,BD1578 16 26    [611190],FROCK(L),825,0
7516,BD1581 16 26     [611190],FROCK (A),785,0
7517,BD1586 16 26,GIRLS SET (A),795,2
7518,BD1587  16 26           [ 611190 ],FROCK (A),725,0
7519,BD1588  16 22           [ 611190 ],FROCK (A),895,0
7520,BD1588  16 26           [ 611190 ],FROCK (A),955,0
7521,BD1596 12 14,FROCK (A),420,0
7522,BD1596 16 26,FROCK (A),715,0
7523,BD1597 16 26  [611190],FROCK (A),775,0
7524,BD1599  16 26,GOWN,666,0
7525,BD1599 12 14,GIRLS SET (A),375,1
7526,BD1600 16 26,FROCK (A),665,0
7527,BD1601 16 26,FROCK (A),835,0
7528,BD1602 16 26,FROCK (A),699,0
7529,BD1604 16 26,FROCK,590,0
7530,BD1605 16 26,GIRLS SET (A),799,0
7531,BD1606 16 26,FROCK (A),699,6
7532,BD1609 16 26,FROCK (A),725,0
7533,BD1612 12 14,FROCK (A),385,0
7534,BD1613 16 26,FROCK (A),765,0
7535,BD1614 16 26,FROCK (A),645,0
7536,BD1617 16 22,FROCK (A),725,0
7537,BD1620 12 14,FROCK (A),385,0
7538,BD1623 16 22,FROCK (A),710,-8
7539,BD1623 16 26,FROCK (A),745,0
7540,BD1629 16 26,FROCK (A),815,0
7541,BD1630 16 26,FROCK (A),645,0
7542,BD1631 12 14,FROCK (A),445,0
7543,BD1633 16 26,FROCK (A),666,6
7544,BD1634 16 26,FROCK (A),735,0
7545,BD1636 16 26,FROCK (A),630,0
7546,BD1637 16 26,FROCK (A),635,0
7547,BD1643 16 26,FROCK (A),745,0
7548,BD1646 16 26,FROCK (A),755,0
7549,BD1655 16 26,FROCK (A),688,6
7550,BD1658 16 26,FROCK (A),735,6
7551,BD1661 16 26,FROCK (A),765,0
7552,BD1664 16 26,FROCK (A),720,0
7553,BD1667 16 26,FROCK (A),755,6
7554,BD1675 16 26,FROCK (A),799,12
7555,BD1681 16 26,FROCK,855,30
7556,BD1684 16 26,FROCK (A),735,6
7557,BD1685 16 26,FROCK (SCUBA),720,6
7558,BD1693 16 26,FROCK (SCUBA),745,18
7559,BD1702 16 26,FROCK,710,18
7560,BD215 20 30,GIRLS SET (A),995,0
7561,BD233 12 14,GIRLS SET (A),355,0
7562,BD236 12 14,GIRLS SET (A),415,0
7563,BD238 12 14,GIRLS SET (A),415,0
7564,BD241 12 14,GIRLS SET (A),395,0
7565,BD242 12 14,GIRLS SET (A),365,0
7566,BD245 22 32,GIRLS SET (A),1125,0
7567,BD246 12 14,GIRLS SET (A),385,0
7568,BD252 12 14          [611190 ],GIRLS SET (A),375,0
7569,BD253 12 14,GIRLS SET (A),415,0
7570,BD255 12 14  [611190],FROCK(L),415,0
7571,BD255 22 32,GIRLS SET (A),925,0
7572,BD256 12 14       [611190],FROCK(L),455,0
7573,BD257  12 14       [611190],FROCK(L),465,0
7574,BD257 22 32,GIRLS SET (A),1025,0
7575,BD258 12 14,GIRLS SET (A),445,0
7576,BD258 22 32,GIRLS SET (A),1055,0
7577,BD260 22 32,GIRLS SET (A),1055,0
7578,BD263 12 14,GIRLS SET (A),465,0
7579,BD264 12 14,GIRLS SET (A),465,0
7580,BD265 12 14,GIRLS SET (A),425,0
7581,BD270 12 14   [ 611190],FROCK(L),395,0
7582,BD271 12 14,FROCK (A),395,0
7583,BD288 12 14,FROCK (A),420,0
7584,BD289 12 14,FROCK (A),420,0
7585,BD290 12 14,FROCK (A),455,0
7586,BD293 12 14,FROCK (A),410,0
7587,BD5002 12 14,FROCK (A),475,0
7588,BD5003 12 14,FROCK (A),495,0
7589,BD5012 12 14,FROCK (A),510,0
7590,BD5015 12 14,FROCK (A),485,0
7591,BD5016 12 14,FROCK (A),485,0
7592,BD502 2232,GIRLS SET (A),1125,0
7593,BD5026 12 14,FROCK (A),465,0
7594,BD503 22 32,GIRLS SET (A),1125,0
7595,BD5036 12 14,FROCK (A),495,0
7596,BD504 22 32,GIRLS SET (A),1115,0
7597,BD5044 12 14,FROCK (A),475,2
7598,BD505 22 32   [611190],GOWN,1235,0
7599,BD506 22 32,GIRLS SET (A),1375,0
7600,BD507 22 32,GIRLS SET (A),1385,0
7601,BD508  22  32     [611190],FROCK(L),1175,0
7602,BD509 22 30,GIRLS SET (A),1175,0
7603,BD509 32 38,GOWN,1425,0
7604,BD511 22 30,GIRLS SET (A),1295,0
7605,BD511 32 38,GOWN,1575,4
7606,BD512 22 32,GIRLS SET (A),1175,0
7607,BD518 22 32,GOWN,1245,0
7608,BD523 22 32       [611190],GOWN,1295,0
7609,BD527 22 32,GOWN,1225,0
7610,BD528 22 32  [611190],GOWN,1145,0
7611,BD530 22 32,GIRLS SET (A),1425,0
7612,BD531 22 30,FROCK (A),925,0
7613,BD532 22 32,GOWN,1155,0
7614,BD537 22 32,GOWN,1095,0
7615,BD543 22 30,GOWN,1035,5
7616,BD543 32 38,GOWN,1260,12
7617,BD552 22 32,GOWN,1285,6
7618,BD555 22 32,GOWN,970,0
7619,BD556 22 32,GOWN,1115,0
7620,BD559 22 32,GOWN,890,0
7621,BD560 22 32,GOWN,1340,0
7622,BD561 22 32,GOWN,1225,0
7623,BD562 20 30,GOWN,1285,0
7624,BD566 22 32,GOWN,1230,0
7625,BD577 22 32,GOWN,1150,12
7626,BD578 22 32,GOWN,1150,18
7627,BD578 34 38,GOWN,1310,3
7628,BD629 16 26,GIRLS SET (A),795,0
7629,BD777 12 14,GIRLS SET (A),345,0
7630,BD955 16 26,FROCK (A),795,0
7631,BEAUTIFULL-2 16 26,FROCK(L),625,0
7632,BG1020 20 30,GIRLS SET (A),1620,0
7633,BG1020 32 40,GIRLS SET (A),1820,0
7634,BG1050 20 30,GIRLS SET (A),1545,0
7635,BG1050 32 40,GIRLS SET (A),1745,0
7636,BG1121 16 26,FROCK,658,0
7637,BG115 32 36,GIRLS SET (A),1395,0
7638,BG121(BITIYA) 20 30,GIRLS SET (A),1090,0
7639,BG126 20 30,GIRLS SET (A),1160,0
7640,BG1270 16 26,GIRLS SET (A),695,0
7641,BG1338 16 22,GIRLS SET (A),515,0
7642,BG137 32 40,GIRLS SET (A),990,0
7643,BG1375 16 26,GIRLS SET (A),775,0
7644,BG1387 16 22,GIRLS SET (A),655,0
7645,BG139 20 30,GIRLS SET (A),1015,0
7646,BG139 32 36,GIRLS SET (A),1415,0
7647,BG1399 16 22,GIRLS SET (A),665,0
7648,BG1471 16 26,GIRLS SET (A),600,0
7649,BG1491 20 30,GIRLS SET (A),1051,0
7650,BG1504 16 26,FROCK,552,0
7651,BG1506 16 26,FROCK,629,0
7652,BG1521 16 26,GIRLS SET (A),755,0
7653,BG1635 16 26,GIRLS SET (A),705,0
7654,BG1670 20 30,GIRLS SET (A),1115,0
7655,BG1670 32 36,GIRLS SET (A),1115,0
7656,BG185 32 40,GIRLS SET (A),1255,0
7657,BG1895 32 40,GIRLS SET (A),1160,0
7658,BG1915 16 26,GIRLS SET (A),425,0
7659,BG1917 16 26,GIRLS SET (A),765,0
7660,BG1956 16 26,GIRLS SET (A),795,0
7661,BG1988 16 26,GIRLS SET (A),815,0
7662,BG1991 16 26,GIRLS SET (A),865,0
7663,BG200 32 40,GIRLS SET (A),1255,0
7664,BG2003 16 26,GIRLS SET (A),711,0
7665,BG2010 20 30,GIRLS SET (A),1095,0
7666,BG2016 16 26,GIRLS SET (A),720,0
7667,BG2017 16 26,GIRLS SET (A),920,6
7668,BG2022 16 26,GIRLS SET (A),715,0
7669,BG205 20 30,GIRLS SET (A),1160,0
7670,BG205 32 40,GIRLS SET (A),1560,0
7671,BG2055 16 26,GIRLS SET (A),915,0
7672,BG2068 16 26,GIRLS SET (A),865,0
7673,BG2238 20 30,GIRLS SET (A),1170,0
7674,BG235 12 14,GIRLS SET (A),455,0
7675,BG2664 16 26,FROCK,571,0
7676,BG2676 16 26,GIRLS SET (A),610,0
7677,BG2725 16 26,GIRLS SET (A),619,0
7678,BG2767 16 26,FROCK,667,0
7679,BG2780 16 26,FROCK,638,0
7680,BG2848 16 26,MIDDY,715,0
7681,BG2853 16 26,MIDDY,665,0
7682,BG2854 16 26,MIDDY,570,0
7683,BG2865 16 26,MIDDY,665,0
7684,BG2884 20 30,GIRLS SET,820,12
7685,BG3018 20 30,GIRLS SET (A),815,0
7686,BG3055 16 26,GIRLS SET (A),715,0
7687,BG3220 20 30,GIRLS SET (A),855,0
7688,BG3230 20 30,GIRLS SET (A),1225,0
7689,BG3230 32 40,GIRLS SET (A),1225,0
7690,BG3250 16 26,GIRLS SET (A),660,0
7691,BG3435 32 40,GIRLS SET (A),1175,0
7692,BG3600 16 26,GIRLS SET (A),795,0
7693,BG5016A 16 26,FROCK (A),915,0
7694,BG502 22 32,GIRLS SET (A),1125,0
7695,BG5031 16 26,FROCK (A),915,0
7696,BG5039 16 26,FROCK (A),915,6
7697,BG5062 16 26,FROCK (A),915,12
7698,BG543 16 26,GIRLS SET (A),667,0
7699,BG558 16 22,GIRLS SET (K),680,0
7700,BG561 16 22,GIRLS SET (K),735,0
7701,BG562 16 22,GIRLS SET (K),775,0
7702,BG570 16 22,GIRLS SET (K),735,0
7703,BG5715 16 26,GIRLS SET (A),915,0
7704,BG575 16 22,GIRLS SET (K),695,0
7705,BG5750 20 30,GIRLS SET (A),1375,0
7706,BG5750 32 40,GIRLS SET (A),1575,0
7707,BG576 16 22,GIRLS SET (K),655,0
7708,BG6007 16 26,FROCK (A),865,0
7709,BG6022 16 26,GOWN,915,0
7710,BG6026 16 26,FROCK (A),910,0
7711,BG6029 16 26,FROCK (A),815,0
7712,BG6030 16 26,GOWN,915,0
7713,BG6037 16 26,FROCK (A),865,0
7714,BG6039 16 26,GOWN,915,0
7715,BG6059 16 26,FROCK (A),818,0
7716,BG6074 16 26,FROCK (A),915,0
7717,BG6081 16 26,FROCK (A),815,0
7718,BG6093 16 26,FROCK (A),865,0
7719,BG6100 16 26,GIRLS SET (A),895,0
7720,BG6109 16 26,FROCK (A),915,0
7721,BG6121 16 26,FROCK (A),815,0
7722,BG6125 16 26,GIRLS SET (A),855,0
7723,BG6135 16 26,GIRLS SET (A),795,0
7724,BG6140 20 30,GIRLS SET (A),1090,0
7725,BG6180 16 26,GIRLS SET (A),835,0
7726,BG6210 20 30,GIRLS SET (A),1225,0
7727,BG6210 32 40,GIRLS SET (A),1425,0
7728,BG6225 20 30,GIRLS SET (A),1425,0
7729,BG6225 32 40,GIRLS SET (A),1625,0
7730,BG6230  20 30,GIRLS SET (A),1399,0
7731,BG6230  32 40,GIRLS SET (A),1599,0
7732,BG6245 20 30,GIRLS SET (A),1395,0
7733,BG6245 32 40,GIRLS SET (A),1595,0
7734,BG6515 16 26,GIRLS SET (A),850,0
7735,BG6620 16 26,GIRLS SET (A),715,0
7736,BG6635 16 26,FROCK (A),795,0
7737,BG6805 16 26,FROCK (A),895,0
7738,BG6815 16 26,FROCK (A),745,0
7739,BG6830 16 26,FROCK (A),835,0
7740,BG6900 16 26,FROCK (A),785,0
7741,BG6975 24 34,FROCK (A),1490,18
7742,BG7003 22 32,GOWN,1220,0
7743,BG7006 22 32,GOWN,1220,0
7744,BG7080 16 26,FROCK (A),875,6
7745,BG7210 24 34,FROCK (A),1175,0
7746,BG7240 24 34,FROCK (A),1225,0
7747,BG7255 20 30,FROCK (A),1195,0
7748,BG7255 32 40,FROCK (A),1395,0
7749,BG7280 20 30,GOWN,1190,0
7750,BG7280 32 40,GOWN,1390,0
7751,BG7290 16 26,FROCK (A),890,18
7752,BG7295 20 30,FROCK (A),1195,0
7753,BG7295 32 40,FROCK (A),1395,20
7754,BG7330 16 26,FROCK (A),795,0
7755,BG7350 16 26,FROCK (A),890,0
7756,BG7365 16 26,FROCK (A),890,0
7757,BG7366 16 26,FROCK (A),840,0
7758,BHUVIKA 24 30,GIRLS SET (A),1825,0
7759,BHUVIKA 32 40,GIRLS SET (A),2075,5
7760,BLACK BERRY M-XXL,LADIES SUIT (L),1599,0
7761,BOBBY M-2XL,LADIES SUIT (L),1075,16
7762,BS2004 22 26,BABA SUIT,450,3
7763,BS560 22 26,BABA SUIT,515,3
7764,BS709 20,BABA SUIT,515,0
7765,BULBUL 18 28,FROCK,870,6
7766,BUTTERFLY 16 22,GIRLS SET (A),899,0
7767,BW275 28 38,GIRLS SET (K),1264,0
7768,BW288 28 38,GIRLS SET (K),813,0
7769,BW291 28 38,GIRLS SET (K),1213,0
7770,BW292 20 30,SHARARA (A),953,0
7771,BW294 28 38,GIRLS SET (K),1001,0
7772,BW295 30 40,GIRLS SET (K),1310,0
7773,BW299 28 38,GIRLS SET (K),1066,0
7774,BW307 30 40,HIRA MANDI(K),1299,0
7775,BW313   30 40      [620419],PANT TOP,1390,0
7776,BW314 28 38,LAHANGA CHOLI,1310,0
7777,BW316 30 40,LAHANGA CHOLI,1265,0
7778,BW317 28 38,PLAZO SET,630,0
7779,BW319 28 38,LAHANGA CHOLI,1215,0
7780,BW322  30 40        [620419],GOWN INNER (K),930,0
7781,BW323  30 40        [620419],GOWN INNER (K),830,0
7782,BW330  30 40        [620419],PLAZO SET,1175,0
7783,BW341 30 40,GOWN INNER (K),985,0
7784,BW342 30 40,GOWN INNER (K),970,0
7785,BW343 30 40,GOWN,935,0
7786,BW344 20 30,GIRLS SET (K),935,0
7787,BW346 20 30,GIRLS SET (K),1113,0
7788,BW348 30 40,FARSI,1495,0
7789,BW351 20 30,FARSI,1340,0
7790,BW351 30 40,AFGANI SET,1525,0
7791,BW353 30 40,FARSI,1405,0
7792,BW359 30 40,GIRLS SET (K),1635,0
7793,BW367 30 40,FARSI,1305,0
7794,BW368 20 30,FARSI,1120,0
7795,BW374 20 30,FARSI SALWAR,1270,0
7796,BW375 30 40,GOWN,980,18
7797,BW376 30 40,PLAZO SET,990,0
7798,BW377 30 40,PLAZO SET,1030,0
7799,BW380 30 40,PLAZO SET,1010,0
7800,BW381 30 40,PLAZO SET,1020,0
7801,BW385 30 40,PLAZO TOP,1240,18
7802,BW387 30 40,PLAZO TOP,1260,24
7803,BW390 30 40,PLAZO TOP,1285,18
7804,CG534 20 30,GIRLS SET (K),1030,0
7805,CP1403 11 13,COAT PANT,1185,0
7806,CP1403 2 4,COAT PANT,955,0
7807,CP1403 5 7,COAT PANT,1010,0
7808,CP1403 8 10,COAT PANT,1070,0
7809,CP1405 11 13,COAT PANT,1150,0
7810,CP1405 8 10,COAT PANT,1035,0
7811,CP1406 11 13,COAT PANT,1130,0
7812,CP1406 5 7,COAT PANT,955,0
7813,CP1406 8 10,COAT PANT,1015,0
7814,CP1408 11 13,COAT PANT,1330,-3
7815,CP1408 5 7,COAT PANT,1150,-1
7816,CP1408 8 10,COAT PANT,1210,3
7817,CP1494 11 13,COAT PANT,1295,0
7818,CP1494 2 4,COAT PANT,1070,0
7819,CP1494 5 7,COAT PANT,1125,0
7820,CP1494 8 10,COAT PANT,1185,0
7821,CP1496 2 4,COAT PANT,975,0
7822,CP1496 5 7,COAT PANT,1035,0
7823,CP1496 8 10,COAT PANT,1090,0
7824,CP1533 11 13,COAT PANT,1070,0
7825,CP186920 11 13,COAT PANT,1360,3
7826,CP186920 2 10,COAT PANT,1090,18
7827,CP187520 5 13,COAT PANT,610,0
7828,CP187540 8 13,COAT PANT,610,0
7829,CP187550  5 13,COAT PANT,610,3
7830,CP188070 11 13,COAT PANT,1320,0
7831,CP188070 2 10,COAT PANT,1075,0
7832,CP188150  5 13,COAT PANT,610,0
7833,CP18815050  5 13,COAT PANT,610,0
7834,CP18815140 5 13,COAT PANT,610,0
7835,CP18815160 5 13,COAT PANT,610,0
7836,CP188300 5 13,COAT PANT,835,9
7837,CP188320 8 13,COAT PANT,830,0
7838,CP188540  11 13,COAT PANT,1240,7
7839,CP188540 2 10,COAT PANT,975,2
7840,CP188550 5 13,COAT PANT,610,0
7841,CP188560 5 13,COAT PANT,610,0
7842,CP188700 5 13,BLAZER,875,18
7843,CP188710 5 13,COAT PANT,880,3
7844,CP188720 5 13,BLAZER,855,3
7845,CP209 20,COAT PANT,545,0
7846,CP215 20,COAT PANT,630,0
7847,CP26012 2 10,COAT PANT,1060,36
7848,CP2612 11 13,COAT PANT,1090,0
7849,CP2612 5 7,COAT PANT,920,0
7850,CP2612 8 10,COAT PANT,975,0
7851,CP29502 2 10,COAT PANT,1275,0
7852,CP29506 2 10,COAT PANT,1105,9
7853,CP29507 2 10,COAT PANT,1105,0
7854,CP29511 2 10,COAT PANT,1395,0
7855,CP5065 2 13,COAT PANT,795,0
7856,CP5074 2 10,COAT PANT,595,0
7857,CP5086 2 13,COAT PANT,780,0
7858,CP5095 2 10,COAT PANT,960,0
7859,CP5096 2 10,COAT PANT,1035,0
7860,CP5100 2 10,COAT PANT,770,0
7861,CP5103 2 10,COAT PANT,685,0
7862,CP5105 2 10,COAT PANT,760,0
7863,CP5121 11 13,COAT PANT,950,9
7864,CP5121 2 10,COAT PANT,740,0
7865,CP5123 2 10,COAT PANT,850,0
7866,CP5133 11 13,COAT PANT,1070,0
7867,CP5133 2 10,COAT PANT,850,0
7868,CP5134 11 13,COAT PANT,1070,0
7869,CP5134 2 10,COAT PANT,850,0
7870,CP5137 11 13,COAT PANT,1015,3
7871,CP5137 2 10,COAT PANT,795,0
7872,CP5140 2 10,COAT PANT,1055,0
7873,CP5141  2 10,COAT PANT,1055,0
7874,CP5201 2 13,COAT PANT,815,0
7875,CP5202 2 13,COAT PANT,815,0
7876,CP5384 11 13,COAT PANT,1140,0
7877,CP5435 2 10,COAT PANT,1045,0
7878,CP5436 2 10,COAT PANT,1140,0
7879,CP5455 11 13,COAT PANT,1045,0
7880,CP5489 2 10,COAT PANT,935,0
7881,CP5708 2 10,COAT PANT,900,0
7882,CP5756 2 10,COAT PANT,1165,0
7883,CP5771 2 10,COAT PANT,990,0
7884,CP5772 2 10,COAT PANT,1010,0
7885,CP5783 2 10,COAT PANT,1350,0
7886,CP5791 2 10,COAT PANT,890,0
7887,CP5793 11 13,COAT PANT,1155,0
7888,CP5793 2 10,COAT PANT,890,0
7889,CP5794 11 13,COAT PANT,1155,3
7890,CP5794 2 10,COAT PANT,890,0
7891,CP5797 11 13,COAT PANT,1155,0
7892,CP5800 2 10,COAT PANT,825,0
7893,CP5802 11 13,COAT PANT,1170,0
7894,CP5802 5 10,COAT PANT,950,0
7895,CP5803 11 13,COAT PANT,1160,0
7896,CP5803 5 10,COAT PANT,940,0
7897,CP5807 2 10,COAT PANT,850,0
7898,CP5808 11 13,COAT PANT,1100,3
7899,CP5808 2 10,COAT PANT,860,0
7900,CP5853 2 10,COAT PANT,785,0
7901,CP5861 2 10,COAT PANT,915,0
7902,CP5862 2 10,COAT PANT,915,0
7903,CP5868 5 10,COAT PANT,985,0
7904,CP5873 11 13,COAT PANT,1170,0
7905,CP5873 5 10,COAT PANT,950,0
7906,CP5874 11 13,COAT PANT,1170,0
7907,CP5874 5 10,COAT PANT,950,0
7908,CP5875  5 10,COAT PANT,825,0
7909,CP5877 2 10,COAT PANT,935,0
7910,CP5880 11 13,COAT PANT,999,0
7911,CP5880 2 10,COAT PANT,770,0
7912,CP5919 2 10,COAT PANT,815,9
7913,CP5922 2 10,COAT PANT,895,0
7914,CP5923 2 10,COAT PANT,815,0
7915,CP6016 11 13,COAT PANT,1210,3
7916,CP6016 2 10,COAT PANT,935,0
7917,CP6041 11 13,COAT PANT,1260,9
7918,CP6041 2 10,COAT PANT,985,0
7919,CP6056 5 13,COAT PANT,1025,0
7920,CP6057 5 13,COAT PANT,795,0
7921,CP6058 5 13,COAT PANT,795,0
7922,CP6059 5 13,COAT PANT,985,0
7923,CP6060 5 13,COAT PANT,935,0
7924,CP6063  11 13,COAT PANT,1840,3
7925,CP6063 2 10,COAT PANT,1485,0
7926,CP6064 11 13,COAT PANT,1595,0
7927,CP6064 2 10,COAT PANT,1225,0
7928,CP6068 2 10,COAT PANT,1315,0
7929,CP6069 2 10,COAT PANT,1250,0
7930,CP6070 2 10,COAT PANT,1155,0
7931,CP6111 11 13,COAT PANT,1125,1
7932,CP6111 2 10,COAT PANT,880,1
7933,CP6113  2 10,COAT PANT,1015,9
7934,CP6117 2 10,COAT PANT,825,9
7935,CP6261 11 13,COAT PANT,1835,9
7936,CP6261 2 10,COAT PANT,1535,27
7937,CP6267 2 10,COAT PANT,1290,18
7938,CP6268 11 13,COAT PANT,1755,9
7939,CP6268 2 10,COAT PANT,1425,9
7940,CP6270 11 13,COAT PANT,1725,9
7941,CP6270 2 10,COAT PANT,1425,9
7942,CP6274 11 13,COAT PANT,1725,9
7943,CP6274 2 10,COAT PANT,1425,27
7944,CP6276 11 13,COAT PANT,1615,12
7945,CP6276 2 10,COAT PANT,1350,36
7946,CP679 11 13,COAT PANT,1010,0
7947,CP679 2 10,COAT PANT,840,0
7948,CP681 11 13,COAT PANT,1010,0
7949,CP681 2 10,COAT PANT,840,0
7950,CP683 2 10,COAT PANT,1070,0
7951,CP685 2 10,COAT PANT,1070,0
7952,CP7005 2 10,COAT PANT,1320,0
7953,CP7009 11 13,COAT PANT,1320,0
7954,CP7009 2 10,COAT PANT,1140,0
7955,CP7519 2 10,COAT PANT,1010,0
7956,CP7523 2 10,COAT PANT,890,0
7957,CP7525 2 13,COAT PANT,1020,0
7958,CP7527 2 13,COAT PANT,910,0
7959,CP7531 2 10,COAT PANT,905,0
7960,CP7611 2 10,COAT PANT,1065,0
7961,CP7881 11 13,COAT PANT,1005,9
7962,CP7881 5 10,COAT PANT,815,4
7963,CP7922 11 13,COAT PANT,1140,0
7964,CP7922 5 10,COAT PANT,900,0
7965,CP7926 11 13,COAT PANT,1140,0
7966,CP7926 2 10,COAT PANT,870,0
7967,CP7926 5 10,COAT PANT,900,0
7968,CP7929 11 13,COAT PANT,1140,0
7969,CP7929 5 10,COAT PANT,900,0
7970,CP7932 11 13,COAT PANT,1140,3
7971,CP7932 2 10,COAT PANT,870,0
7972,CP8269 2 10,COAT PANT,990,0
7973,CP8275 2 10,COAT PANT,1015,0
7974,CP8280 2 10,COAT PANT,975,0
7975,CP8281 2 10,COAT PANT,1195,0
7976,CP8282 2 10,COAT PANT,925,0
7977,CP8283 2 10,COAT PANT,1095,0
7978,CP8285 2 10,COAT PANT,1095,0
7979,CP8286 2 10,COAT PANT,1095,0
7980,CP8293 2 10,COAT PANT,990,0
7981,CP8308 2 10,"BOY,S INDO WESTERN",1190,0
7982,CP8322 11 13,COAT PANT,1171,0
7983,CP8322 2 10,COAT PANT,869,0
7984,CP8338 11 13,COAT PANT,915,3
7985,CP8338 2 10,COAT PANT,735,1
7986,CP8361 2 13,COAT PANT,885,0
7987,CP8366 2 13,COAT PANT,1001,0
7988,CP8369 11 13,COAT PANT,1160,0
7989,CP8369 2 10,COAT PANT,885,0
7990,CP8373 11 13,COAT PANT,1065,0
7991,CP8373 2 10,COAT PANT,835,0
7992,CP8374 11 13,COAT PANT,1160,0
7993,CP8374 2 10,COAT PANT,885,0
7994,CP8383 11 13,COAT PANT,1235,0
7995,CP8383 2 10,COAT PANT,990,0
7996,CP8530 11 13,COAT PANT,1195,3
7997,CP8530 2 10,COAT PANT,945,0
7998,CP8540 11 13,COAT PANT,1225,0
7999,CP8540 2 10,COAT PANT,980,0
8000,CP861303 5 13,COAT PANT,610,0
8001,CP8692 11 13,COAT PANT,1360,0
8002,CP8692 2 10,COAT PANT,1090,6
8003,CP8693 11 13,COAT PANT,1445,6
8004,CP8693 2 10,COAT PANT,1180,0
8005,CP8741 11 13,COAT PANT,1315,0
8006,CP8741 2 10,COAT PANT,1050,0
8007,CP8758 11 13,COAT PANT,1335,9
8008,CP8758 2 10,COAT PANT,1095,27
8009,CP8759 11 13,COAT PANT,1340,0
8010,CP8759 2 10,COAT PANT,1070,0
8011,CP8816 11 13,COAT PANT,1460,3
8012,CP8816 2 10,COAT PANT,1195,0
8013,CP8831 11 13,COAT PANT,1350,6
8014,CP8831 2 10,COAT PANT,1080,9
8015,CP8866 11 13,COAT PANT,1210,0
8016,CP8866 2 10,COAT PANT,940,0
8017,CP8870  5 13,BLAZER,875,12
8018,CP8920 11 13,COAT PANT,1655,0
8019,CP8920 2 10,COAT PANT,1385,0
8020,CP8999 11 13,COAT PANT,1220,9
8021,CP8999 2 10,COAT PANT,1060,27
8022,CP9002 11 13,COAT PANT,1455,6
8023,CP9002 2 10,COAT PANT,1240,27
8024,CP9011 11 13,COAT PANT,1510,6
8025,CP9011 2 10,COAT PANT,1240,9
8026,CP9011 5 10,COAT PANT,1295,18
8027,CP9907 2 10,COAT PANT,1015,9
8028,CS17570 11 13,COAT SUITS,995,6
8029,CS17570 2 10,COAT SUITS,725,27
8030,CS17909 11 13,COAT SUITS,1095,12
8031,CS17909 2 10,COAT SUITS,830,27
8032,CS17928 11 13,COAT SUITS,1120,15
8033,CS17928 2 10,COAT SUITS,850,25
8034,CS17938 11 13,COAT SUITS,1140,0
8035,CS17938 2 10,COAT SUITS,870,0
8036,CS17950 11 13,COAT SUITS,1120,0
8037,CS17950 2 10,COAT SUITS,850,0
8038,CS17991 11 13,COAT SUITS,1370,0
8039,CS17991 2 10,COAT SUITS,1099,9
8040,CS17994 11 13,COAT SUITS,1370,3
8041,CS17994 2 10,COAT SUITS,1099,18
8042,CS17994 5 10,COAT SUITS,1130,6
8043,CS4110 14 16,COAT SUITS,855,9
8044,CS4110 8 13,COAT SUITS,685,18
8045,CS4111 5 13,COAT SUITS,620,27
8046,CS4112 14 16,COAT SUITS,855,9
8047,CS4112 8 13,COAT SUITS,685,18
8048,CS4114 5 13,COAT SUITS,620,27
8049,CS4115 5 13,COAT SUITS,620,27
8050,CS5792  5 13,COAT SUITS,875,0
8051,CS6079 5 13,COAT SUITS,945,0
8052,CS6080 5 13,COAT SUITS,850,0
8053,CS6081 5 13,COAT SUITS,935,9
8054,CS7992 11 13,COAT SUITS,1370,15
8055,CS7992 2 10,COAT SUITS,1099,36
8056,CS8552  2 10,COAT SUITS,825,0
8057,CS8552 11 13,COAT SUITS,1070,0
8058,CS8652 2 10,COAT SUITS,1015,9
8059,CS8715 11 13,COAT SUITS,1435,0
8060,CS8715 2 10,COAT SUITS,1165,0
8061,CS8715 5 10,COAT SUITS,1190,0
8062,CS87300 5 13,COAT SUITS,965,18
8063,CS87300 8 13,COAT SUITS,965,6
8064,CS87360 5 13,COAT SUITS,695,9
8065,CS8753 2 10,COAT SUITS,990,9
8066,CS8753 5 10,COAT SUITS,1025,0
8067,CS8815 5 13,COAT SUITS,610,9
8068,CS8815 8 13,COAT SUITS,665,6
8069,CS881505 5 13,COAT SUITS,610,9
8070,CS881508 8 13,COAT SUITS,665,0
8071,CS881514 5 13,COAT SUITS,610,9
8072,CS881515 5 13,COAT SUITS,610,18
8073,CS881516 5 13,COAT SUITS,610,9
8074,CS8823 11 13,COAT SUITS,1655,0
8075,CS8823 2 10,COAT SUITS,1385,0
8076,CS8832 8 13,COAT SUITS,610,0
8077,CS8836 11 13,COAT SUITS,1655,0
8078,CS8836 2 10,COAT SUITS,1385,0
8079,CS8855  5 13,COAT SUITS,610,9
8080,CS8860 8 13,COAT SUITS,665,6
8081,CS8872 11 13,COAT SUITS,855,6
8082,D100 L 2XL,BOYS (DNAM) CAPRI,295,46
8083,D103 L 2XL,BOYS (DNAM) NICKER,310,3
8084,D300 19 21,BOYS (DNAM) NICKER,255,3
8085,D300 L 2XL,BOYS (DNAM) NICKER,295,18
8086,D301 12 15,BOYS (DNAM) NICKER,235,20
8087,D45 12 15,BOYS (DNAM) NICKER,145,5
8088,D65 12 15,BOYS (DNAM) NICKER,175,12
8089,D65 16 18,BOYS (DNAM) NICKER,185,15
8090,D800 12 15,BOYS (DNAM) CAPRI,230,-24
8091,D800 16 18,BOYS (DNAM) CAPRI,240,97
8092,D800 19 21,BOYS (DNAM) CAPRI,250,108
8093,DA1 12 15,BOYS CAPRI,170,32
8094,DA1 16 18,BOYS CAPRI,180,18
8095,DD1220 20 30,GIRLS SET (K),550,0
8096,DD2539 20 26,GIRLS SET (K),945,0
8097,DD2539 28 38,GIRLS SET (K),1115,0
8098,DD2548 20 26,GIRLS SET,1005,8
8099,DEEPIKA 20 30,GIRLS SET (A),1515,0
8100,DG2741 24 34,GIRLS SET (H),1320,0
8101,DG2741 36 40,GIRLS SET (H),1530,0
8102,DG2744 24 34,GIRLS SET (H),1015,0
8103,DG2746 24 34,GIRLS SET (H),1265,0
8104,DG2746 36 40,GIRLS SET (H),1475,0
8105,DG2747 24 34,GIRLS SET (H),1115,0
8106,DG5203 24 34,GIRLS SET (H),1325,0
8107,DG5204 24 34,GIRLS SET (H),1325,0
8108,DG5205 24 34,GIRLS SET (H),1370,0
8109,DG600 12 15,BOYS CAPRI,195,12
8110,DG600 16 18,BOYS CAPRI,205,6
8111,DG7571 24 34,GIRLS SET (H),740,0
8112,DG7858 24 34,GIRLS SET (H),895,0
8113,DG7866 24 34,GIRLS SET (H),895,0
8114,DG7871 24 34,GIRLS SET (H),895,0
8115,DG7875 24 34,GIRLS SET (H),785,0
8116,DG7880 24 34,GIRLS SET (H),830,0
8117,DG7888 24 34,GIRLS SET (H),835,0
8118,DG7895 24 34,GIRLS SET (H),835,0
8119,DG7899 24 34,MIDI SET,835,0
8120,DG7900 24 34,MIDI SET,815,0
8121,DG7903 24 34,MIDI SET,815,0
8122,DG9019 24 34,SHARARA (H),995,0
8123,DG9023 24 38,GIRLS SET (H),1100,-12
8124,DISCO 16 26,GIRLS SET (A),834,0
8125,DISHA 24 34,GIRLS SET (A),1510,6
8126,DM1549 32 36,GIRLS SET (K),1005,12
8127,DM1569 32 36,GIRLS SET (K),605,12
8128,DM1569 38 42,GIRLS SET (K),715,18
8129,DM1593 32 36,GIRLS SET (K),605,6
8130,DM1593 38 42,GIRLS SET (K),715,9
8131,DM1644 38 42,GIRLS SET (K),1145,3
8132,DM1929 38 42,GIRLS SET (K),715,12
8133,DM1984 32 36,GIRLS SET (K),605,9
8134,DM1984 38 42,GIRLS SET (K),715,6
8135,DM2172 38 42,GIRLS SET (K),785,18
8136,DM2362 32 36,GIRLS SET (K),980,9
8137,DM2364 32 36,GIRLS SET (K),885,9
8138,DM2364 38 42,GIRLS SET (K),1000,6
8139,DM2379 32 36,GIRLS SET (K),610,3
8140,DM4556 32 36,GIRLS SET (K),945,3
8141,DM4557 32 36,GIRLS SET (K),950,6
8142,DM7847 32 36,GIRLS SET (K),1015,3
8143,DM7888 32 36,GIRLS SET (K),1015,15
8144,DR800 16 18,BOYS CAPRI,245,0
8145,DR800 19 21,BOYS CAPRI,255,3
8146,DV2184 20 30,GIRLS SET (A),1375,1
8147,DW3030 22 32,GIRLS SET (A),1160,0
8148,DW3030 34 40,GIRLS SET (A),1410,0
8149,DW3034 22 32,GIRLS SET (A),1185,0
8150,DW3034 34 40,GIRLS SET (A),1435,0
8151,DW3063  22 32,GIRLS SET (A),1180,0
8152,DW3063 34 40,GIRLS SET (A),1430,0
8153,DW3090  34 40,GOWN,1430,0
8154,DW3090 22 32,GOWN,1180,0
8155,DW3112 20 30,GIRLS SET (A),1085,0
8156,DW3112 32 38,GIRLS SET (A),1339,0
8157,DW3136 22 32,GIRLS SET (A),1265,0
8158,DW3136 34 40,GIRLS SET (A),1485,0
8159,DW3229 22 32     [620442],GOWN,1180,0
8160,DW3229 34 40      [620442],GOWN,1430,0
8161,DW3256 22 32,GOWN,1330,0
8162,DW3256 32 38,GOWN,1540,0
8163,DW3279 22 32,GIRLS SET (A),1220,0
8164,DW3291 22 32,GOWN,1130,0
8165,DW3291 34 40,GOWN,1330,-4
8166,DW3292 22 32,GOWN,980,0
8167,DW3292 34 40,GOWN,1230,0
8168,DW3330 22 32,GIRLS SET (A),1260,0
8169,DW3330 34 40,GIRLS SET (A),1480,12
8170,DW3355 22 32,FROCK (A),1220,0
8171,DW3355 34 40,FROCK (A),1420,0
8172,DW3443 20 30,GOWN,1280,12
8173,DW3443 32 38,GOWN,1530,16
8174,DW3510 22 32,GIRLS SET (A),1080,0
8175,DW3510 34 40,GIRLS SET (A),1330,0
8176,DW3522 20 30,GOWN,1080,0
8177,DW3522 32 38,GOWN,1330,0
8178,DW3535 22 32,GIRLS SET (A),1210,0
8179,DW3535 34 40,GIRLS SET (A),1460,0
8180,DW3666 20 30,FROCK (A),1230,0
8181,DW3666 32 38,FROCK (A),1480,0
8182,DW3679 22 32,GOWN,1130,0
8183,DW3679 34 40,GOWN,1330,-4
8184,DW3710 22 32,GOWN,1280,0
8185,DW3710 34 40,GOWN,1530,12
8186,DW3786 20 30,GIRLS SET (A),1130,0
8187,DW3786 32 38,GIRLS SET (A),1380,0
8188,DW3810 22 32,GIRLS SET (A),1280,0
8189,DW3810 34 40,GIRLS SET (A),1530,8
8190,DW3825 20 30,FROCK (A),1270,0
8191,DW3825 32 38,FROCK (A),1520,0
8192,DW3826 20 30,FROCK (A),999,0
8193,DW3826 32 38,FROCK (A),1250,0
8194,DW3881 22 32,GIRLS SET (A),1080,0
8195,DW3881 34 40,GIRLS SET (A),1330,0
8196,DW3898 22 32,GOWN,1145,0
8197,DW3898 34 40,GOWN,1445,0
8198,DW3899A 20 30,GOWN,1280,0
8199,DW3899A 32 38,GOWN,1530,0
8200,DW3923 22 32,GIRLS SET (A),1030,0
8201,DW3923 34 40,GIRLS SET (A),1280,0
8202,DW3926 22 32,GIRLS SET (A),1070,0
8203,DW3926 34 40,GIRLS SET (A),1320,0
8204,DW3969 22 32,GIRLS SET (A),1225,0
8205,DW3969 34 40,GIRLS SET (A),1425,0
8206,DW3990 20 30,GIRLS SET (A),1030,0
8207,DW3990 32 38,GIRLS SET (A),1280,0
8208,DW3991 22 32,GIRLS SET (A),1025,0
8209,DW4011 20 30,GOWN,1075,24
8210,DW4011 32 38,GOWN,1325,8
8211,DW469 16 26,GIRLS SET (A),715,0
8212,DW4810 20 30,FROCK,1470,12
8213,DW4810 32 38,FROCK,1750,24
8214,DW5061 22 32,GIRLS SET (A),1730,30
8215,DW5061 34 40,GIRLS SET (A),1930,16
8216,DW5067 22 32,GIRLS SET (A),1480,0
8217,DW5067 34 40,GIRLS SET (A),1680,0
8218,DW5071 22 32,GIRLS SET (A),1430,30
8219,DW5071 34 40,GIRLS SET (A),1630,0
8220,DW5076 22 32,GIRLS SET (A),1630,0
8221,DW5076 34 40,GIRLS SET (A),1830,8
8222,DW5088 22 32,GIRLS SET (A),1630,12
8223,DW5088 34 40,GIRLS SET (A),1830,16
8224,DW5099 22 32,GIRLS SET (A),1480,0
8225,DW5099 34 40,GIRLS SET (A),1700,0
8226,DW516 16 26,FROCK (A),520,0
8227,DW544 16 26,FROCK (A),715,0
8228,DW579 16 26,GIRLS SET (A),720,0
8229,DW581 16 26,GIRLS SET (A),820,0
8230,DW583 16 26,GIRLS SET (A),670,0
8231,DW595 16 26,GIRLS SET (A),815,0
8232,DW670 16 26,GIRLS SET (A),720,0
8233,DW696 16 26,GIRLS SET (A),750,0
8234,DW701 16 26,GOWN,840,23
8235,DW704 16 26,FROCK (A),820,12
8236,DW705 16 26,GOWN,725,24
8237,DW710 16 26,GOWN,915,24
8238,DW719 16 26,GOWN,745,0
8239,DW720 16 26,GIRLS SET (A),700,0
8240,DW729 16 26,FROCK (A),770,12
8241,DW750(A) 16 26,FROCK,670,18
8242,DW750(B) 16 26,FROCK,670,36
8243,DW750(C) 16 26,FROCK,670,12
8244,DW779 16 26,GIRLS SET (A),425,0
8245,DW822 16 26    [620442],FROCK (A),720,0
8246,DW898 16 26,FROCK (A),820,6
8247,DW913 16 26   [620442],FROCK (A),855,6
8248,DW923 16 26,GIRLS SET (A),670,0
8249,DW929 16 26,FROCK (A),920,6
8250,DW931 16 26   [620442],FROCK (A),820,0
8251,DW936 16 26,FROCK (A),715,0
8252,DW937 16 26   [620442],FROCK (A),770,0
8253,DW942 16 26,GIRLS SET (A),670,0
8254,DW944 16 26,GIRLS SET (A),720,0
8255,DW947 16 26,GIRLS SET (A),925,0
8256,DW983 16 26       [620442],FROCK (A),955,0
8257,DW992 16 26,GOWN,560,18
8258,DW997 16 26         [620442],FROCK (A),720,0
8259,DW998 16 26,FROCK (A),920,0
8260,E1708 28 38,GIRLS SET (K),1320,0
8261,E2039 28 38,GIRLS SET (K),1140,0
8262,EF2470 28 38,LAHANGA CHOLI,1215,0
8263,EF2511 28 38,GIRLS SET (K),1475,0
8264,EF2524 28 38,GIRLS SET (K),1165,0
8265,EF2525 28 38,LAHANGA CHOLI,1455,0
8266,EF2526 28 38,GIRLS SET (K),1230,0
8267,EF2532 28 38,GIRLS SET (K),1415,0
8268,EF2537  28  38,LAHANGA CHOLI,1455,0
8269,EF2542 28 38,LAHANGA CHOLI,1515,0
8270,EF2552 28 38,LAHANGA CHOLI,1755,6
8271,EF2553 28 38,GIRLS SET,1695,24
8272,EF2564 28 38,LAHANGA CHOLI,1515,0
8273,EF2572 28 38,LAHANGA CHOLI,1665,0
8274,ELEGENT M-2XL,CORD SET (L),820,15
8275,F10174 20 30,GIRLS SET (A),1260,6
8276,F10174 32 40,GIRLS SET (A),1490,-5
8277,F10317 20 30,GIRLS SET (A),1035,6
8278,F10346 30 40,GIRLS SET (A),1580,6
8279,F10389 32 40,GIRLS SET (A),1460,5
8280,F10504 16 26,GIRLS SET (A),825,0
8281,F187 16 26,GIRLS SET (A),795,0
8282,F244 24 34,GIRLS SET (A),795,0
8283,F268 32 40,GIRLS SET (A),1260,5
8284,F486 32 40,GIRLS SET (A),1260,1
8285,FA1921 20 30,GIRLS SET,990,11
8286,FA2302 20 30,CORD SET,710,0
8287,FA2303 28 38,GIRLS SET (K),1395,0
8288,FA2304 20 30,GIRLS SET,1205,0
8289,FA2304 28 38,PLAZO SET,1180,0
8290,FA2307 20 30,PLAZO SET,865,0
8291,FA2309 20 30,GIRLS SET (K),1195,0
8292,FA2312 20 30,GIRLS SET,945,6
8293,FA2313 20 30,GIRLS SET,850,0
8294,FA2314 20 30,GIRLS SET,1090,5
8295,FA2315 20 30,GIRLS SET,1210,0
8296,FA2316 20 30,PLAZO SET,935,0
8297,FA2316 30 40,GIRLS SET (K),1520,0
8298,FA2317 20 30,GIRLS SET (K),1120,0
8299,FA2317 32 42,PLAZO SET,1085,6
8300,FA2318 20 30,PLAZO SET,1225,12
8301,FA2319 30 40,PLAZO SET,1120,0
8302,FA2320 20 30,PLAZO SET,955,0
8303,FA2321 20 30,GIRLS SET,1025,6
8304,FA2322 20 30,PLAZO SET,905,0
8305,FA2323 20 30,GIRLS SET (K),1140,0
8306,FA2325 20 30,PLAZO SET,970,0
8307,FA2327 20 30,GIRLS SET (K),1120,0
8308,FA2329 30 40,PLAZO SET,1085,12
8309,FA2330 20 30,PLAZO SET,870,0
8310,FA2331 20 30,PLAZO SET,840,18
8311,FA2336 20 30,HIRA MANDI(K),1133,0
8312,FA2338 20 30,GIRLS SET (K),1243,0
8313,FA2339 20 30,GIRLS SET (K),1334,0
8314,FA2341 20 30,PLAZO SET,945,36
8315,FA2342 20 30,PLAZO SET,995,36
8316,FA2344 20 30,GIRLS SET (K),1219,0
8317,FA2346 20 30,HIRA MANDI(K),1229,0
8318,FA2347 20 30,GIRLS SET (K),1397,0
8319,FA2348 20 30,GIRLS SET (K),1138,0
8320,FA2349 20 30,GIRLS SET (K),1363,0
8321,FA2350  20 30,HIRA MANDI(K),1138,0
8322,FA2351 20 30,KALI PLAZO,1420,0
8323,FA2353 30 40,KALI PLAZO,1560,0
8324,FA2354 20 30,HIRA MANDI(K),1262,0
8325,FA2355 20 30,GIRLS SET (K),1238,0
8326,FA2356 20 30,HIRA MANDI(K),1238,0
8327,FA2358 30 40,PLAZO SET,1545,0
8328,FA2359 20 30,PLAZO SET,1238,0
8329,FA2403 20 30,CORD SET,710,0
8330,FA2507 30 40,LANCHA,1430,0
8331,FA2509  30 40,LANCHA,1425,0
8332,FA2510 20 30,LANCHA,1205,0
8333,FA2513 20 30,LANCHA,1010,0
8334,FA2515 20 30,AFGANI SET,1030,0
8335,FA2516 20 30,AFGANI SET,1010,0
8336,FA2517 30 40,LANCHA,1430,6
8337,FA2518 20 30,AFGANI SET,1010,0
8338,FA2519 20 30,LAHANGA CHOLI,1145,0
8339,FA2521 20 30,LANCHA,1435,0
8340,FA2522 20 30,LANCHA,1390,0
8341,FC2403 16 22,PLAZO SET,1015,4
8342,FC2403 24 34,PLAZO SET,1250,18
8343,FC2404 16 22,PLAZO SET,1065,12
8344,FC2407 16 22,PLAZO SET,1015,12
8345,FC2409 16 22,PLAZO SET,1015,-8
8346,FC2410 16 22,PLAZO SET,1015,12
8347,FC2410 24 34,PLAZO SET,1250,18
8348,FC2425 16 22,PLAZO SET,855,8
8349,FC2425 24 34,PLAZO SET,1099,12
8350,FC2429 30 40,PLAZO SET,1060,24
8351,FC3251 16 22,PLAZO SET,745,0
8352,FC3298 24 34,PLAZO SET,1405,6
8353,FC3298 36 42,PLAZO SET,1685,8
8354,FC3299 36 42,PLAZO SET,1685,12
8355,FC3321 16 22,PLAZO SET,1015,20
8356,FC3324 16 22,PLAZO SET,920,12
8357,FC3352 36 40,KALI PLAZO,1650,0
8358,FC3353 36 40,KALI PLAZO,1650,3
8359,FC3354 24 34,KALI PLAZO,1375,36
8360,FC3363 24 34,PLAZO SET,1615,-6
8361,FC3363 36 42,PLAZO SET,1815,12
8362,FEMINA-1265 M-XXL,LADIES SUIT (L),1740,17
8363,FEMINA-1298 M-XXL,LADIES SUIT (L),1380,0
8364,FLOWER(BURFI) 18 28,FROCK,960,6
8365,FLOWER(SNOW BLISS) 16 26,GIRLS SET (A),1065,12
8366,FP8293 30 34,BOYS SHIRTS,330,0
8367,FP8295 24 28,BOYS SHIRTS,285,0
8368,FP8295 30 34,BOYS SHIRTS,295,0
8369,FP8314 20 24,BOYS SHIRTS,315,0
8370,FP8314 26 30,BOYS SHIRTS,325,0
8371,FP8314 32 36,BOYS SHIRTS,335,0
8372,FP8320 20 24,BOYS SHIRTS,325,0
8373,FP8323 20 24,BOYS SHIRTS,325,0
8374,FP8323 26 30,BOYS SHIRTS,335,0
8375,FP8323 32 36,BOYS SHIRTS,345,0
8376,FP8326 26 30,T SHIRTS,360,0
8377,FP8326 32 36,T SHIRTS,370,0
8378,FP8331 20 24,BOYS SHIRTS,315,0
8379,FP8331 26 30,BOYS SHIRTS,325,0
8380,FP8331 32 36,BOYS SHIRTS,335,0
8381,FP8333 26 30,BOYS SHIRTS,350,0
8382,FP8333 32 36,BOYS SHIRTS,360,0
8383,FP8336 26 30,T SHIRTS,340,0
8384,FP8336 32 36,T SHIRTS,350,0
8385,FP8338 26 30,BOYS SHIRTS,360,0
8386,FP8338 32 36,BOYS SHIRTS,370,0
8387,FP8345 26 30,BOYS SHIRTS,360,0
8388,FP8353 26 30,T SHIRTS,340,0
8389,FP8353 32 36,T SHIRTS,350,0
8390,FP8358 20 24,T SHIRTS,310,0
8391,FP8358 26 30,T SHIRTS,320,0
8392,FP8358 32 36,T SHIRTS,330,0
8393,FP8363 20 24,T SHIRTS,310,0
8394,FP8366 32 36,BOYS SHIRTS,360,0
8395,FP8372 20 24,T SHIRTS,340,0
8396,FP8372 26 30,T SHIRTS,350,0
8397,FP8372 32 36,T SHIRTS,360,0
8398,FP8374 20 24,BOYS SHIRTS,330,0
8399,FP8377 20 24,BOYS SHIRTS,330,0
8400,FP8377 26 30,BOYS SHIRTS,340,0
8401,FP8377 32 36,BOYS SHIRTS,350,0
8402,FP8378 20 24,T SHIRTS,330,0
8403,FP8378 26 30,T SHIRTS,340,0
8404,FP8378 32 36,T SHIRTS,350,0
8405,FP8379 20 24,T SHIRTS,330,0
8406,FP8379 26 30,T SHIRTS,340,0
8407,FP8379 32 36,T SHIRTS,350,0
8408,FT13580 16 22,WESTERN DRESS,785,0
8409,FT13585 16 26,WESTERN DRESS,865,0
8410,FT13591 16 26,WESTERN DRESS,845,0
8411,FT13593 16 26,WESTERN DRESS,785,6
8412,FT13595 16 26,WESTERN DRESS,765,0
8413,FT13596 16 26,WESTERN DRESS,730,6
8414,FT13604 16 26,WESTERN DRESS,795,0
8415,FT692  22 32,WESTERN DRESS,855,0
8416,FT706 22 32,WESTERN DRESS,1030,0
8417,FT706 34 38,WESTERN DRESS,1145,6
8418,FT715 16 26,WESTERN DRESS,770,12
8419,FT717 16 20,WESTERN DRESS,830,0
8420,FT717 22 32,WESTERN DRESS,945,0
8421,FT727 16 20,WESTERN DRESS,855,0
8422,FT727 22 32,WESTERN DRESS,970,0
8423,FT730 16 26,WESTERN DRESS,915,0
8424,FT733 16 20,WESTERN DRESS,850,0
8425,FT733 22 32,WESTERN DRESS,995,0
8426,FTS1919 0 5,BABA SUIT,1070,0
8427,FTS1921 6 8,BABA SUIT,750,0
8428,FTS535 0 4,BABA SUIT,750,0
8429,G1119 36 40,DRESS (CT),950,0
8430,G1131 36 40,DRESS (CT),960,3
8431,G1134 36 40,GIRLS SET (A),930,3
8432,G1136 36 40,DRESS (G),700,0
8433,G1137 36 40,DRESS (CT),960,6
8434,G1138 36 40,DRESS (CT),960,12
8435,G1140 24 34,GIRLS SET (A),800,12
8436,G1140 36 40,GIRLS SET (A),960,12
8437,G1143 36 40,GIRLS SET,995,0
8438,G1153 36 40,DRESS (G),985,0
8439,G1155 36 40,DRESS (CT),960,6
8440,G117 24 34,GIRLS SET (A),1050,6
8441,G127 24 34,GIRLS SET (A),500,0
8442,G2127 36 40,DRESS (G),995,3
8443,G2133 36 40,DRESS (G),995,0
8444,G2147 36 40,DRESS (G),700,4
8445,G2157 36 40,DRESS (G),995,-3
8446,G2253 24 34,DRESS (G),500,0
8447,G2267 36 40,DRESS (G),700,2
8448,G2271 36 40,DRESS (G),915,12
8449,G2279 36 40,DRESS (G),1085,5
8450,G2281 36 40,DRESS (G),1050,3
8451,G2282 36 40,DRESS (G),700,-3
8452,G2285 36 40,DRESS (G),700,3
8453,G2302 36 40,DRESS (G),700,3
8454,G2313 36 40,DRESS (G),700,6
8455,G2972 20 30          [ 620419],GIRLS SET (K),800,0
8456,GD (DISHI) 32 40,GIRLS SET (A),1580,15
8457,GD560 16 26,GIRLS SET (A),725,5
8458,GIRIJA M-2XL,LADIES SUIT (L),1015,12
8459,GL374 30 40,FARSI,1295,0
8460,GL376 30 40,FARSI,1455,6
8461,GL380 32 38,FARSI SALWAR,1340,0
8462,GL381 20 30,FARSI SALWAR,1040,0
8463,GUNJAN (NNN) 20 30,FROCK (A),1050,0
8464,GUNJAN (NNN) 32 38,FROCK (A),1250,0
8465,H612 12 14,FROCK (A),455,0
8466,H614 12 14,FROCK(L),475,0
8467,H615 12 14,FROCK(L),475,0
8468,H616 12 14,FROCK(L),430,0
8469,H624 12 14,FROCK(L),400,0
8470,HC1002 24 34,GIRLS SET (K),745,0
8471,HC1003 24 34,GIRLS SET (K),690,0
8472,HC1005 24 34,FROCK,870,1
8473,HC1006 24 34,FROCK,810,0
8474,HC1007 24 34,MIDDY,845,0
8475,HC1009 24 34,GIRLS SET (K),865,0
8476,HC1010 24 34,MIDDY,840,0
8477,HC1013 24 34,MIDDY,945,0
8478,HC1014 24 34,MIDDY,870,0
8479,HC1015 24 34,MIDDY,930,0
8480,HC1016 24 34,MIDDY,820,0
8481,HC1018  24 34,GIRLS SET (K),790,0
8482,HC1019 24 34,GIRLS SET (K),750,0
8483,HC3259 26 36,PLAZO SET,875,0
8484,HC3280 24 34,PLAZO SET,875,0
8485,HC3281 26 36,PLAZO SET,875,0
8486,HD1116 12 14,FROCK (A),440,0
8487,HD1117 12 14,FROCK (A),470,0
8488,HD1118 12 14,FROCK (A),385,0
8489,HD1119 12 14,FROCK (A),440,0
8490,HD1120 12 14,FROCK (A),450,0
8491,HD1121 12 14,FROCK (A),440,0
8492,HD1122 12 14,FROCK (A),445,0
8493,HD1123 12 14,FROCK (A),515,0
8494,HD1124 12 14,FROCK (A),485,0
8495,HD1125 12 14,FROCK (A),470,22
8496,HD1126 12  14,FROCK (A),495,54
8497,HD1127 12  14,FROCK,475,20
8498,HD1128 12  14,FROCK,490,2
8499,HD1129 12  14,FROCK,445,10
8500,HD3483 18 28,PLAZO SET,930,0
8501,HD3552 16 22,PLAZO SET,820,0
8502,HD4987 30 40,CORD SET,875,17
8503,HD5096 30 40,PLAZO SET,1095,0
8504,HD5098 30 40,PLAZO SET,985,0
8505,HD5104 30 40,PLAZO SET,985,0
8506,HD5114 30 40,PLAZO SET,1015,0
8507,HD5118 30 40,PLAZO SET,1015,0
8508,HD5126 24 34,PLAZO SET,920,0
8509,HD5127 24 34,FARSI,820,0
8510,HD5132  24 34,PLAZO SET,960,6
8511,HD5133 24 34,PLAZO SET,875,0
8512,HD5194 30 40,PLAZO SET,1125,6
8513,HD5197 30 40,GOWN,1050,0
8514,HD5252 24 34,PLAZO SET,985,0
8515,HD5723 30 40,PLAZO SET,1199,18
8516,HE120 28 38,GIRLS SET (K),986,0
8517,HE1875 28 38,GIRLS SET (K),892,0
8518,HE202  28 38      [610449],GOWN INNER (K),790,0
8519,HE322 30 40,GIRLS SET (K),1348,0
8520,HE613 28 38,GIRLS SET (A),719,0
8521,HE636 28 38,PLAZO SET,1440,0
8522,HE648 28 38,GIRLS SET (K),720,0
8523,HF1932 22 30,GOWN,1775,5
8524,HF1932 32 40,GOWN,1995,15
8525,HG113 24 34,GIRLS SET,915,18
8526,HG122 20 26,GIRLS SET (K),766,0
8527,HG1248 20 26,GIRLS SET,825,0
8528,HG131 28 38,GOWN,985,6
8529,HG1622 30 40,FARSI,1345,0
8530,HG1642 28 38,FARSI,1205,0
8531,HG1701 20 30,GIRLS SET (A),1950,0
8532,HG1755 20 30,GIRLS SET (A),1788,0
8533,HG1770 20 30,GIRLS SET (A),1495,0
8534,HG1770 32 38,GIRLS SET (A),1834,0
8535,HG178 28 38,GOWN INNER (K),1040,0
8536,HG1855 22 30,GOWN,1520,0
8537,HG1855 32 40,GOWN,1740,0
8538,HG1860 22 30,GOWN,1615,0
8539,HG1860 32 40,GOWN,1835,0
8540,HG1861 20 26,GIRLS SET (K),766,0
8541,HG1866 28 38,GIRLS SET (K),1229,0
8542,HG1871 22 30,GIRLS SET (A),1470,0
8543,HG1871 32 40,GIRLS SET (A),1690,0
8544,HG1872 22 30,GIRLS SET (A),1530,0
8545,HG1872 32 40,GIRLS SET (A),1799,10
8546,HG1873 22 30,GOWN,1710,0
8547,HG1873 32 40,GOWN,1930,0
8548,HG1944 22 28,FARSI,1135,0
8549,HG1945 22 28,FARSI,1245,0
8550,HG1945 30 40,FARSI,1455,0
8551,HG1948 30 40,FARSI,1150,0
8552,HG1958 30 40,FARSI,1190,0
8553,HG1964 30 40,PLAZO SET,1170,0
8554,HG2031 18 24,GIRLS SET (A),1030,0
8555,HG206 28 38,GOWN INNER (K),950,0
8556,HG2060 18 24,GOWN,999,0
8557,HG2071 18 24,GIRLS SET (A),895,0
8558,HG224 28 38,GOWN,830,6
8559,HG315 20 30,GIRLS SET (K),1084,0
8560,HG317 34 40,GIRLS SET (K),1366,0
8561,HG321 28 38,GIRLS SET (K),1041,0
8562,HG526 32 42,FARSI,1485,0
8563,HG527 30 40,PLAZO SET,1485,0
8564,HG530 32 42,PLAZO SET,1485,6
8565,HG591 24 34,GIRLS SET (K),766,0
8566,HG595 24 34,GIRLS SET (K),722,0
8567,HG604 20 26,GIRLS SET (K),609,0
8568,HG613 20 26,GIRLS SET (K),598,0
8569,HG618 28 38,GIRLS SET (K),981,0
8570,HG629 28 38,GIRLS SET (K),1161,0
8571,HG648 20 26,GIRLS SET (K),623,0
8572,HG686 28 38,HEERAMANDI,1255,0
8573,HG7007 28 38,GIRLS SET (K),1167,0
8574,HG767 28 38,FARSI,1425,0
8575,HG886 30 40,GIRLS SET (K),1645,0
8576,HG902 16 22,GIRLS SET (A),857,0
8577,HG925 16 22,GIRLS SET (A),1029,0
8578,HG937 28 38,GIRLS SET (K),995,0
8579,HG951 16 22,GIRLS SET (A),1029,0
8580,HG975 16 22,GIRLS SET (A),799,0
8581,HI2604 16 26,FROCK (A),760,0
8582,HI2606 16 26,FROCK (A),645,0
8583,HI621 12 14,FROCK,490,2
8584,HI626 12 14,FROCK (A),399,0
8585,HI627 12 14,FROCK (A),460,0
8586,HI628 12 14,FROCK (A),415,0
8587,HI629 12 14,FROCK (A),455,0
8588,HI630 12 14,FROCK,435,4
8589,HI632 12 14,FROCK (A),470,20
8590,HI636 12 14,FROCK (A),465,0
8591,HITANSHI M-2XL,CORD SET (L),510,32
8592,HONEY M-2XL,CORD SET (L),560,24
8593,HRF1183 M-XXL,LADIES SUIT (L),955,4
8594,HRF1184 M-XXL,PLAZO SUIT (LADIES),955,8
8595,IRA 18 28,GIRLS SET (A),1125,0
8596,IW106 1 10,"BOY,S INDO WESTERN",535,3
8597,IW106 12 16,"BOY,S INDO WESTERN",590,6
8598,IW109 1 10,"BOY,S INDO WESTERN",565,0
8599,IW144 1 10,"BOY,S INDO WESTERN",595,13
8600,IW147 1 10,"BOY,S INDO WESTERN",485,4
8601,IW163 1 10,"BOY,S INDO WESTERN",555,0
8602,IW166 1 10,"BOY,S INDO WESTERN",545,0
8603,IW167 1 10,"BOY,S INDO WESTERN",520,0
8604,IW169 1 10,"BOY,S INDO WESTERN",490,10
8605,IW172 1 10,"BOY,S INDO WESTERN",485,3
8606,IW172 12 16,"BOY,S INDO WESTERN",540,0
8607,IW180 1 10,"BOY,S INDO WESTERN",450,0
8608,IW202 1 10   [611190],KURTA,520,0
8609,IW208  1 10     [611190],KURTA,640,4
8610,IW2305 5 10,"BOY,S INDO WESTERN",975,0
8611,IW29510 2 10,"BOY,S INDO WESTERN",1030,0
8612,IW29522 2 10,"BOY,S INDO WESTERN",999,9
8613,IW29588 11 13,"BOY,S INDO WESTERN",1335,9
8614,IW29588 2 10,"BOY,S INDO WESTERN",1125,27
8615,IW29595 2 10,"BOY,S INDO WESTERN",1135,9
8616,IW29599 11 13,"BOY,S INDO WESTERN",1395,12
8617,IW29599 2 10,"BOY,S INDO WESTERN",1185,36
8618,IW29600 11 13,"BOY,S INDO WESTERN",1395,9
8619,IW29600 2 10,"BOY,S INDO WESTERN",1185,27
8620,IW29602 11 13,"BOY,S INDO WESTERN",1035,3
8621,IW29602 2 10,"BOY,S INDO WESTERN",820,9
8622,IW29607 11 13,"BOY,S INDO WESTERN",1210,3
8623,IW29607 2 10,"BOY,S INDO WESTERN",995,9
8624,IW29610 11 13,"BOY,S INDO WESTERN",1405,6
8625,IW29610 2 10,"BOY,S INDO WESTERN",1195,18
8626,IW3123 28 32,"BOY,S INDO WESTERN",665,3
8627,IW4970 5 10,"BOY,S INDO WESTERN",999,6
8628,IW601 2 10,"BOY,S INDO WESTERN",895,9
8629,IW605 2 10,"BOY,S INDO WESTERN",990,0
8630,IW606 2 10,"BOY,S INDO WESTERN",990,0
8631,IW653 2 10,"BOY,S INDO WESTERN",690,0
8632,IW670 2 10,"BOY,S INDO WESTERN",1070,0
8633,IW697 2 10,"BOY,S INDO WESTERN",945,0
8634,IW7456 11 13,"BOY,S INDO WESTERN",1205,9
8635,IW7456 2 10,"BOY,S INDO WESTERN",1045,18
8636,IW7564 2 10,"BOY,S INDO WESTERN",980,0
8637,IW7565 2 10,"BOY,S INDO WESTERN",980,0
8638,IW7566 11 13,"BOY,S INDO WESTERN",1165,3
8639,IW7567 2 10,"BOY,S INDO WESTERN",920,0
8640,IW7569 2 10,"BOY,S INDO WESTERN",1005,0
8641,IW7580 11 13,"BOY,S INDO WESTERN",1320,0
8642,IW7625 2 10,"BOY,S INDO WESTERN",870,0
8643,IW7627 2 10,"BOY,S INDO WESTERN",870,0
8644,IW7631 2 10,"BOY,S INDO WESTERN",1155,0
8645,IW7633 2 10,"BOY,S INDO WESTERN",1085,0
8646,IW7698 11 13,"BOY,S INDO WESTERN",1490,9
8647,IW7698 2 10,"BOY,S INDO WESTERN",1090,27
8648,IW7699 11 13,"BOY,S INDO WESTERN",1490,9
8649,IW7699 2 10,"BOY,S INDO WESTERN",1090,27
8650,IW7700 11 13,"BOY,S INDO WESTERN",1665,3
8651,IW7700 2 10,"BOY,S INDO WESTERN",1265,9
8652,IW7704 11 13,"BOY,S INDO WESTERN",1260,9
8653,IW7704 2 10,"BOY,S INDO WESTERN",999,27
8654,IW7815 11 13,"BOY,S INDO WESTERN",870,3
8655,IW7815 2 10,"BOY,S INDO WESTERN",710,8
8656,IW7860 2 10,"BOY,S INDO WESTERN",1060,9
8657,IW7861 2 10,"BOY,S INDO WESTERN",995,27
8658,IW8246 2 10,"BOY,S INDO WESTERN",1090,0
8659,IW8248 2 10,"BOY,S INDO WESTERN",1090,0
8660,IW8317 2 13,"BOY,S INDO WESTERN",940,0
8661,IW8321 2 13,"BOY,S INDO WESTERN",940,0
8662,IW8323 2 10,"BOY,S INDO WESTERN",1090,0
8663,IW8324 2 10,"BOY,S INDO WESTERN",1090,0
8664,IW8326 2 10,"BOY,S INDO WESTERN",1090,0
8665,IW8341 11 13,"BOY,S INDO WESTERN",1010,0
8666,IW8341 2 10,"BOY,S INDO WESTERN",790,0
8667,IW8343 2 10,"BOY,S INDO WESTERN",1045,0
8668,IW8344 2 10,"BOY,S INDO WESTERN",935,9
8669,IW8363 2 10,"BOY,S INDO WESTERN",1115,0
8670,IW8375 11 13,"BOY,S INDO WESTERN",1160,0
8671,IW8375 2 10,"BOY,S INDO WESTERN",885,0
8672,IW8402 5 13,"BOY,S INDO WESTERN",800,18
8673,IW8406 2 10,"BOY,S INDO WESTERN",1060,36
8674,IW8547 5 13,"BOY,S INDO WESTERN",910,18
8675,IW8567 2 10,"BOY,S INDO WESTERN",1100,9
8676,IW8810 11 13,"BOY,S INDO WESTERN",1520,0
8677,IW8810 2 10,"BOY,S INDO WESTERN",1305,0
8678,J3 20,COAT PANT,775,0
8679,JAGAT M-XXL,LADIES SUIT (L),1795,0
8680,JG1048 28 38,GIRLS SET (K),945,1
8681,JG786 20 30,GIRLS SET (K),715,6
8682,JIGISHA M-2XL,CORD SET (L),810,20
8683,JP5176 2 10,JODHPURI,830,0
8684,JP5177 2 10,JODHPURI,830,0
8685,JP5178 2 10,JODHPURI,830,0
8686,JP5181 2 10,JODHPURI,1165,0
8687,JP5183 2 10,JODHPURI,1065,0
8688,JP5184 2 10,JODHPURI,1150,9
8689,JP8971 2 10,JODHPURI,1060,27
8690,JP9025 11 13,JODHPURI,1260,6
8691,JP9025 2 10,JODHPURI,1100,18
8692,K001 24 34,MIDDY,1075,24
8693,K1001 M,LOWER,375,0
8694,K1001 XXXL,LOWER,415,0
8695,K1009 L,LOWER,415,0
8696,K1009 M,LOWER,405,0
8697,K1009 XL,LOWER,425,0
8698,K1009 XXL,LOWER,435,0
8699,K1009 XXXL,LOWER,445,0
8700,K1046 XXL,LOWER,380,0
8701,K1059 M,GENTS CAPRI,320,0
8702,K1064 22 30       [620442],FROCK (A),1135,0
8703,K1064 32 40       [620442],FROCK (A),1385,0
8704,K1106 16 26       [620442],FROCK (A),855,0
8705,K1106 L,LOWER,500,0
8706,K1106 M,LOWER,490,0
8707,K1106 XL,LOWER,510,0
8708,K111 18 28,MIDDY,830,12
8709,K1117  18 28       [620442],FROCK (A),925,0
8710,K1120 6 XL,LOWER,480,0
8711,K1120 7 XL,LOWER,490,0
8712,K1120 M,LOWER,375,0
8713,K1120 XL,LOWER,395,0
8714,K1120 XXXL,LOWER,420,0
8715,K1123 XXXL,LOWER,535,0
8716,K1125 L,LOWER,605,0
8717,K1125 XL,LOWER,615,0
8718,K1127 XXXL,LOWER,615,0
8719,K1137 XXXL,LOWER,585,0
8720,K1140 L,LOWER,575,0
8721,K1140 XXL,LOWER,590,0
8722,K1141 XL,LOWER,780,0
8723,K1141 XXXL,LOWER,800,0
8724,K1142 XL,LOWER,780,0
8725,K1142 XXL,LOWER,790,0
8726,K1142 XXXL,LOWER,800,0
8727,K1146 L,LOWER,520,0
8728,K1146 XL,LOWER,530,0
8729,K1147 L,LOWER,525,0
8730,K1147 M,LOWER,515,0
8731,K1147 XL,LOWER,535,0
8732,K1148 XXL,LOWER,465,0
8733,K1150 L,LOWER,570,0
8734,K1150 XL,LOWER,580,0
8735,K1150 XXL,LOWER,590,0
8736,K1151 L,LOWER,715,0
8737,K1151 M,LOWER,705,0
8738,K1151 XL,LOWER,725,0
8739,K1152 XL,LOWER,675,0
8740,K1153 L,LOWER,585,0
8741,K1153 M,LOWER,575,0
8742,K1153 M 2XL,LOWER,590,0
8743,K1153 XL,LOWER,595,0
8744,K1156 L,LOWER,665,0
8745,K1158 L,LOWER,450,0
8746,K1158 M,LOWER,440,0
8747,K1158 XL,LOWER,460,0
8748,K1158 XXXL,LOWER,475,0
8749,K1159 XL,LOWER,500,0
8750,K1159 XXL,LOWER,505,0
8751,K1170 XXL,LOWER,500,0
8752,K1170 XXXL,LOWER,510,0
8753,K1173 XXL,LOWER,500,0
8754,K1175 L,LOWER,440,0
8755,K1175 XL,LOWER,450,0
8756,K1175 XXL,LOWER,460,0
8757,K1178 M,LOWER,405,0
8758,K1179 L,LOWER,400,0
8759,K1179 M,LOWER,390,0
8760,K1179 XXL,LOWER,420,0
8761,K1179 XXXL,LOWER,430,0
8762,K145 18 28,GIRLS SET (A),1025,0
8763,K2005 M,GENTS CAPRI,320,0
8764,K2013 M,GENTS CAPRI,400,0
8765,K2017 M,GENTS CAPRI,330,0
8766,K2018 XXL,GENTS CAPRI,355,0
8767,K2045 6 16,LOWER,475,0
8768,K2046 6 16,LOWER,475,0
8769,K2057 6 16,LOWER (SET),645,0
8770,K3002 L,GENTS NICKER,320,0
8771,K3009 M,GENTS NICKER,385,0
8772,K3009 XL,GENTS NICKER,405,0
8773,K3011 M,GENTS NICKER,380,0
8774,K3011 XL,GENTS NICKER,400,0
8775,K3015 L,LOWER,250,0
8776,K3015 XXL,LOWER,270,0
8777,K3015 XXXL,LOWER,280,0
8778,K3016 XL,GENTS NICKER,330,0
8779,K3921 20 30,GIRLS SET (K),960,12
8780,K4003 6 16,NICKER,333,0
8781,K4011 6 16,NICKER,333,0
8782,K4028 6 16,NICKER,333,0
8783,K4029 6 16,NICKER,310,0
8784,K4031 6 16,NICKER,333,0
8785,K4032 6 16,NICKER,333,0
8786,K4033 6 16,NICKER,310,0
8787,K4034 6 16,NICKER,333,0
8788,K4035 6 16,NICKER,333,0
8789,K4036 6 16,NICKER,333,0
8790,K4038 6 16,NICKER,333,0
8791,K4039 6 16,NICKER,333,0
8792,K5(KB) 22 32,GOWN,675,0
8793,K5031 10 16,LOWER (SET),598,0
8794,K5032 10 16,LOWER (SET),598,0
8795,K5033 10 16,LOWER (SET),598,0
8796,K5034 10 16,LOWER (SET),575,0
8797,K5035 10 16,NICKER (SET),530,0
8798,K5036 10 16,NICKER (SET),505,0
8799,K5037 10 16,NICKER (SET),530,0
8800,K5038 10 16,NICKER (SET),530,0
8801,K5039 6 16,NICKER (SET),530,0
8802,K5040 6 16,NICKER (SET),530,0
8803,K5041 6 16,NICKER (SET),530,0
8804,K5042 6 16,NICKER (SET),530,0
8805,K5043 6 16,NICKER (SET),505,0
8806,K5044 6 16,NICKER (SET),505,0
8807,K5072 6 16,LOWER (SET),645,0
8808,K5073 6 16,LOWER (SET),645,0
8809,K5074 6 16,LOWER (SET),645,0
8810,K5075 6 16,LOWER (SET),645,0
8811,K5076 6 16,LOWER (SET),645,0
8812,K5077 6 16,LOWER (SET),620,0
8813,K5090 6 16,NICKER (SET),575,0
8814,K5091 6 16,NICKER (SET),575,0
8815,K5092 6 16,NICKER (SET),550,0
8816,K5093 6 16,NICKER (SET),575,0
8817,K5094 6 16,NICKER (SET),575,0
8818,K5095 6 16,NICKER (SET),575,0
8819,K6300 M-2XL,KURTI(L),1315,4
8820,K7014 M 3XL,LOWER,505,0
8821,K7021 M,LOWER,480,0
8822,K7021 XL,LOWER,500,0
8823,K7024 M 2XL,LOWER,470,0
8824,K7030 M,LOWER,495,0
8825,K7030 M 3XL,LOWER,505,0
8826,K7110 M-XXL,CORD SET (L),775,20
8827,K7494 M-XXL,KURTI(L),655,16
8828,K7601 M-XXL,KURTI(L),775,20
8829,K7726 M-XXL,KURTI(L),955,12
8830,K7805 M-XXL,KURTI(L),655,9
8831,K7866  M-XXL,KURTI(L),1075,15
8832,K7898 M-XXL,KURTI(L),955,12
8833,K8000 M-XXL,KURTI(L),1015,8
8834,K8006 M-XXL,KURTI(L),895,4
8835,K8026 M-XXL,KURTI(L),990,15
8836,K9009 M-XXL,KURTI(L),895,24
8837,K9036 M-XXL,KURTI(L),835,4
8838,K9042 M-XXL,KURTI(L),955,16
8839,K9060 M-XXL,KURTI(L),895,19
8840,K9066 M-XXL,KURTI(L),655,4
8841,K9073 M-XXL,KURTI(L),1315,12
8842,K9077 M-XXL,KURTI(L),1135,8
8843,K9084 M-XXL,KURTI(L),1195,4
8844,K9087 M-XXL,KURTI(L),955,24
8845,K9124 M-XXL,KURTI(L),980,12
8846,K9134  M-2XL,KURTI(L),1375,16
8847,K9138 M-XXL,KURTI(L),1195,16
8848,K9155 M-2XL,KURTI(L),1195,20
8849,K9161 L-2XL,KURTI(L),1255,6
8850,K9176 M-XXL,KURTI(L),1195,15
8851,K9177 M-XXL,KURTI(L),1450,12
8852,K9180 M-2XL,KURTI(L),1675,16
8853,K9184 M-XXL,KURTI(L),895,28
8854,K9186 M-XXL,KURTI(L),895,0
8855,K9188 M-2XL,KURTI(L),1075,8
8856,K9189 M-XXL,KURTI(L),775,16
8857,K9193 M-XXL,KURTI(L),1195,10
8858,K9198 M-XXL,KURTI(L),870,24
8859,K9210 M-XXL,KURTI(L),1135,16
8860,K9211 M-XXL,KURTI(L),1135,8
8861,K9214 M-XXL,KURTI(L),1495,16
8862,K9219 M-2XL,KURTI(L),1435,12
8863,K9223 M-XXL,KURTI(L),1195,8
8864,K9224 M-XXL,KURTI(L),1255,0
8865,K9227 M-XXL,KURTI(L),1015,30
8866,K9228 M-XXL,KURTI(L),870,24
8867,K9230 M-XXL,KURTI(L),1135,16
8868,K9233 M-XXL,KURTI(L),955,10
8869,K9235 M-XXL,KURTI(L),1075,39
8870,K9239 M-XXL,KURTI(L),955,20
8871,KALKI 16 26,GIRLS SET (A),1098,6
8872,KANIKA (SI) 12 14,GIRLS SET (A),395,0
8873,KANIKA (SI) 16 26,GIRLS SET (A),745,0
8874,KAPILA M-2XL,LADIES SUIT (L),1270,46
8875,KB1028 22 32,FROCK (A),1460,0
8876,KB1045 24 34,GOWN,1570,6
8877,KB1069 22 32,GOWN,785,0
8878,KB2001 20 30,LANCHA,1930,24
8879,KB-25 16 26,FROCK (A),925,0
8880,KB5049 24 34,LANCHA,1930,12
8881,KB5049 36 40,LANCHA,2130,6
8882,KB550 16 26,FROCK (A),750,0
8883,KB555 16 26,FROCK (A),630,0
8884,KB571 16 26,FROCK,905,0
8885,KB584 16 26,FROCK,905,6
8886,KB-9 16 26,FROCK (A),845,0
8887,KB983 16 26,GIRLS SET (A),810,0
8888,KDIF39560 M-XXL,CORD SET (L),1075,12
8889,KKI002 M-XXL,KURTA SET (LADIES),690,4
8890,KP101 2 10,COAT PANT,1260,0
8891,KP102 11 13,COAT PANT,1560,0
8892,KP102 2 10,COAT PANT,1440,7
8893,KP103 5 10,COAT PANT,1260,0
8894,KP104 2 10,COAT PANT,1440,0
8895,KP129 32 40,PLAZO KURTI,375,20
8896,KP200  1 10     [611190],KURTA,610,1
8897,KP225  1 10     [611190],KURTA,610,0
8898,KP295 3 12,KURTA PAJAMA,975,27
8899,KP299 3 12,KURTA PAJAMA,835,9
8900,KP307 1 10,KURTA PAJAMA,725,30
8901,KP321 1 10,KURTA PAJAMA,595,10
8902,KP323 1 10,KURTA PAJAMA,499,20
8903,KP603 2 10,KURTA PAJAMA,910,0
8904,KP608 2 10,KURTA PAJAMA,715,0
8905,KP698 2 10,KURTA PAJAMA,945,0
8906,KP7000/1 32 36,KURTA PAJAMA,599,-3
8907,KP7000/15 32 36,KURTA PAJAMA,585,0
8908,KP7001 11 13,COAT PANT,1080,0
8909,KP7001 2 10,COAT PANT,899,0
8910,KP7001 32 36,KURTA PAJAMA,420,3
8911,KP7002 2 10,COAT PANT,1080,0
8912,KP7003 2 13,COAT PANT,1140,0
8913,KP7003 26 30,KURTA PAJAMA,380,0
8914,KP7003 32 36,KURTA PAJAMA,390,0
8915,KP7004 2 13,COAT PANT,1320,0
8916,KP7004 26 30,KURTA PAJAMA,380,0
8917,KP7004 32 36,KURTA PAJAMA,390,0
8918,KP7005 32 36,KURTA PAJAMA,585,0
8919,KP7006 2 13,COAT PANT,1080,0
8920,KP7007 12 16,COAT PANT,1560,0
8921,KP7008 2 13,COAT PANT,899,0
8922,KP7010 2 10,COAT PANT,1080,0
8923,KP7011 2 10,COAT PANT,1380,0
8924,KRB070 M-XXL,ANARKALI SUIT (LADIES),895,12
8925,KRITI 24 30,GIRLS SET (A),1920,0
8926,KRITI 32 40,GIRLS SET (A),2170,5
8927,KS(HI)2601 16 26,FROCK (A),720,0
8928,KS1790 16 26,GIRLS SET (A),560,0
8929,KS1911 16 26,GIRLS SET (A),745,0
8930,KS1980 16 26,GIRLS SET (A),940,0
8931,KS1987 16 26,GIRLS SET (A),625,0
8932,KS2007 16 26,GIRLS SET (A),660,0
8933,KS2043 16 26,GIRLS SET (A),825,0
8934,KS2045 16 26,GIRLS SET (A),685,0
8935,KS2053 16 26,GIRLS SET (A),855,0
8936,KS2067 16 26,GIRLS SET (A),745,0
8937,KS2075 16 26,GIRLS SET (A),1025,0
8938,KS2092 16 26,FROCK(L),830,0
8939,KS2093 16 26,GIRLS SET (A),880,0
8940,KS2110 16 26,FROCK(L),885,0
8941,KS2113 16 26,FROCK(L),835,0
8942,KS2115 16 26,GIRLS SET (A),1027,0
8943,KS2117 16 26,GIRLS SET (A),932,0
8944,KS2119 16 26,FROCK(L),905,0
8945,KS2121 16 26,GIRLS SET (A),865,0
8946,KS2125 16 26   [620442],FROCK (A),840,0
8947,KS2134 16 26,GIRLS SET (A),708,0
8948,KS2140 16 26   [620442],FROCK (A),835,0
8949,KS2144 16 26,FROCK (A),741,0
8950,KS2146 16 26,GIRLS SET (A),850,0
8951,KS2149 16 26   [620442],FROCK (A),700,0
8952,KS2151 16 26   [620442],FROCK (A),835,0
8953,KS2152 16 26   [620442],FROCK (A),680,0
8954,KS2153 16 26,GIRLS SET (A),675,6
8955,KS2156 16 26   [620442],FROCK (A),855,0
8956,KS2157  16 26  [620442],FROCK (A),715,0
8957,KS2160 16 26   [620442],FROCK (A),805,12
8958,KS2167 16 26,FROCK (A),888,0
8959,KS2172 16 26,FROCK (A),860,0
8960,KS2174 16 26,FROCK (A),820,0
8961,KS2177 16 26,FROCK (A),660,0
8962,KS2180 16 26,FROCK (A),799,0
8963,KS2183 16 26,FROCK,630,0
8964,KS2184 16 26,FROCK (A),810,0
8965,KS2196 16 26,FROCK,835,-6
8966,KS2198 16 26,FROCK,985,0
8967,KS2199 16 26,FROCK (A),865,0
8968,KS2200 16 26,FROCK (A),799,0
8969,KS2201 16 26,FROCK (A),860,0
8970,KS2202 16 26,FROCK (A),640,0
8971,KS2203 16 26,FROCK (A),875,0
8972,KS2204 16 26,FROCK (A),855,5
8973,KS2207 16 26,FROCK (A),865,0
8974,KS2211 16 26,FROCK (A),945,12
8975,KS2213 16 26,FROCK (A),820,0
8976,KS2217 16 26,FROCK (A),895,0
8977,KS2220 16 26,FROCK (A),915,0
8978,KS2221 16 26,FROCK (A),650,0
8979,KS2231 16 26,FROCK (A),855,6
8980,KS2236 16 26,FROCK (A),750,0
8981,KS2246 16 26,FROCK,860,30
8982,KS2257 16 26,FROCK,895,18
8983,KS2276 16 26,FROCK,910,18
8984,KS2278 16 26,FROCK,740,6
8985,KS2288 16 26,FROCK,799,24
8986,KS3327 24 34,GIRLS SET (A),1095,0
8987,KS3331 24 34,GIRLS SET (A),1275,0
8988,KS3332 24 34,GIRLS SET (A),1190,0
8989,KS3355 20 30,GIRLS SET (A),1325,0
8990,KS3360 20 30,GIRLS SET (A),1230,0
8991,KS3364 20 30,GIRLS SET (A),1195,0
8992,KS3369 20 30,GIRLS SET (A),1315,0
8993,KS3369 32 38,GIRLS SET (A),1535,0
8994,KS3377 20 30,GIRLS SET (A),1290,0
8995,KS3389 20 30,GIRLS SET (A),1325,0
8996,KS3390 20 30,GOWN INNER (K),1285,0
8997,KS3397 22 32,GOWN INNER (K),1140,0
8998,KS3400 22 32,FROCK (A),1070,0
8999,KS3401 22 32,GOWN,1370,0
9000,KS3403 22 32,GOWN,995,0
9001,KS3409 22 32,GOWN,1330,0
9002,KS3427 22 32,GOWN,1340,0
9003,KS501 16 26,GIRLS SET (A),730,0
9004,KS502 16 26,GIRLS SET (A),705,0
9005,KS514 16 26,GIRLS SET (A),885,0
9006,KS516 16 26,GIRLS SET (A),1060,0
9007,KS703 20 30,GIRLS SET (A),1350,24
9008,KS705 24 34,GIRLS SET (A),1395,12
9009,KSK002 M-XXL,LADIES SUIT (L),835,16
9010,KSRN170 M-XXL,LADIES SUIT (L),1195,4
9011,KULKARNI M-XXL,LADIES SUIT (L),2395,4
9012,KV16019 20,GIRLS SET,575,0
9013,KV18000 20,GIRLS SET,435,0
9014,KV18005 20,GIRLS SET,355,0
9015,KVR002 M-XXL,CORD SET (L),835,4
9016,KZ5384 M-XXL,LADIES SUIT (L),1450,16
9017,KZ5480 M-XXL,LADIES SUIT (L),1265,16
9018,KZ5504 M-XXL,LADIES SUIT (L),1265,20
9019,KZ5538 M-XXL,LADIES SUIT (L),1285,24
9020,KZ5566 M-2XL,LADIES SUIT (L),1135,20
9021,KZ5603 M-XXL,LADIES SUIT (L),1399,0
9022,KZ5677 M-XXL,LADIES SUIT (L),1225,8
9023,KZ5700 M-XXL,LADIES SUIT (L),1120,4
9024,KZ6225 M-XXL,LADIES SUIT (L),1510,20
9025,KZ6391 M-XXL,LADIES SUIT (L),1170,20
9026,KZ6461  M-XXL,LADIES SUIT (L),1150,28
9027,KZ6558 M-XXL,LADIES SUIT (L),1385,8
9028,KZ6581 M-XXL,LADIES SUIT (L),1250,16
9029,KZ6603  M-XXL,SALSA PLAZO TOP (L),1385,24
9030,KZ6626 M-XXL,LADIES SUIT (L),1440,24
9031,KZ6640 M-XXL,KURTA SET (LADIES),905,0
9032,KZ6647 M-XXL,KURTA SET (LADIES),905,0
9033,KZ6650 M-XXL,LADIES SUIT (L),1420,16
9034,KZ6653 M-XXL,KURTA SET (LADIES),905,4
9035,KZ6654 M-XXL,LADIES SUIT (L),1350,24
9036,KZ6678 M-XXL,KURTA SET (LADIES),1255,20
9037,KZ6681 M-XXL,LADIES SUIT (L),1350,23
9038,KZ6710 M-XXL,LADIES SUIT (L),1340,20
9039,KZ6722 M-XXL,SALSA PLAZO TOP (L),1480,24
9040,KZ6820  M-XXL,LADIES SUIT (L),1299,24
9041,KZ6946  M-XXL,LADIES SUIT (L),1045,20
9042,L023 12 14     [620411],FROCK (A),445,0
9043,L048 12 14  [62041100],FROCK (A),520,0
9044,L060  12 14   [62041100],FROCK (A),445,0
9045,L073  12 14   [62041100],FROCK (A),490,0
9046,L076  12 14   [62041100],FROCK (A),510,0
9047,L082 12 14  [62041100],FROCK (A),485,0
9048,L083 12 14  [62041100],FROCK (A),445,0
9049,L089 12 14  [62041100],FROCK (A),530,0
9050,L099 12 14,FROCK (A),520,0
9051,L100 12 14,FROCK (A),475,0
9052,L109 12 14,FROCK (A),475,0
9053,L114 12 14,FROCK (A),555,0
9054,L116 12 14,FROCK (A),505,0
9055,L135 12 14,FROCK,570,20
9056,L142 12 14,FROCK,545,0
9057,L2041 20 30,FROCK (A),1180,0
9058,L2042 20 30,FROCK (A),1180,0
9059,L2043 20 30,FROCK (A),1235,0
9060,L2053 20 30,FROCK (A),1550,0
9061,L2053 32 38,FROCK (A),1770,0
9062,L338 28 38,GIRLS SET (K),965,5
9063,L582 16 26       [62041100],FROCK (A),860,0
9064,L583 16 22      [ 62041100],FROCK (A),895,0
9065,L604  16 26      [62041100],FROCK (A),720,0
9066,L605  16 26      [62041100],FROCK (A),750,0
9067,L620  16 26      [62041100],FROCK (A),860,0
9068,L631  16 26   [62041100],FROCK (A),890,0
9069,L632 16 26,FROCK (A),715,0
9070,L647 16 26,FROCK (A),785,18
9071,L648 16 26,FROCK (A),680,0
9072,L653 16 26,FROCK (A),790,0
9073,L657  16 26      [62041100],FROCK (A),565,0
9074,L660 16 26,FROCK (A),670,0
9075,L668 16 26,FROCK (A),899,12
9076,L670  16 22      [62041100],FROCK (A),895,0
9077,L703 16 22,FROCK (A),885,28
9078,L707 16 26,FROCK (A),985,42
9079,L708 16 26,FROCK,999,18
9080,L719 16 26,FROCK,970,12
9081,LAALI 20 30,GIRLS SET (A),1125,6
9082,LAALI 32 40,GIRLS SET (A),1325,5
9083,LACHA-BENJO 20 30,GIRLS SET (A),1796,6
9084,LACHA-BENJO 32 38,GIRLS SET (A),1996,0
9085,LACHA-NANDINI 20 30,GIRLS SET (A),1895,5
9086,LACHA-NANDINI 32 38,GIRLS SET (A),2145,12
9087,LACHA-RADHIKA  20 30,GIRLS SET (A),1895,0
9088,LACHA-RADHIKA 32 38,GIRLS SET (A),2145,0
9089,LACHA-VELVET 20 30,GIRLS SET (A),1825,6
9090,LACHA-VELVET 32 38,GIRLS SET (A),2075,0
9091,LB023 12 14     [620411],FROCK (A),445,0
9092,LB085 12 14  (62041100),FROCK (A),445,0
9093,LB1015 16 22,FROCK (A),895,0
9094,LB1145 16 22,FROCK (A),835,0
9095,LB1634  30 40     [620419],GIRLS SET (K),1470,0
9096,LB5001 30 40,GIRLS SET (K),1652,0
9097,LB5002 22 28,SHARARA (K),1365,0
9098,LB5014 30 40,KALI PANT,1525,0
9099,LB5015 22 28,KALI PANT,1240,0
9100,LB5017 30 40,GIRLS SET (K),1530,0
9101,LB935 28 38,GIRLS SET (K),1450,0
9102,LB949 30 40,GIRLS SET (K),1499,0
9103,LB951 30 40,GIRLS SET (K),1512,0
9104,LB952 20 30,GIRLS SET (K),1243,0
9105,LB957 20 30,GIRLS SET (K),1199,0
9106,LB958 20 30,GIRLS SET (K),1224,0
9107,LB959 20 30,GIRLS SET (K),1238,0
9108,LB970  28 38     [620419],PLAZO SET,888,0
9109,LB971  28 38     [620419],PLAZO SET,1035,0
9110,LB972  28 38     [620419],GOWN INNER (K),930,0
9111,LB973  20 26     [620419],GOWN INNER (K),750,0
9112,LB985  30 40,GIRLS SET (K),1050,0
9113,LB986 28 38,PLAZO SET,1010,0
9114,LB987 20 26,PLAZO SET,815,0
9115,LF2231 20 26,GIRLS SET (K),0,0
9116,LF2231 22 28,GIRLS SET (K),800,0
9117,Lf2268 28 38,GIRLS SET (K),1755,0
9118,LF2268 36 42,GIRLS SET (K),1780,0
9119,LF2288 28 38,GIRLS SET (K),1530,0
9120,LF2296 28 38,GIRLS SET (K),1055,0
9121,LF2311 30 40,GIRLS SET (K),1215,0
9122,LF2326 20 26,GIRLS SET (K),1250,0
9123,LF2326 28 38,GIRLS SET (K),1585,0
9124,LF2339 30 40,GIRLS SET (K),1190,0
9125,LF2351 20 30,GIRLS SET,950,0
9126,LF2390 30 40,GIRLS SET,1090,6
9127,LF2403  28 38,GIRLS SET (K),1105,0
9128,LF2404 20 26,GIRLS SET,790,20
9129,LF2424 24 34,PLAZO SET,1235,0
9130,LF2428 30 40,GIRLS SET (K),1118,0
9131,LF2429 24 34,GIRLS SET (K),1549,0
9132,LF2429 36 42,GIRLS SET (K),1727,0
9133,LF2432  24 34,GIRLS SET (K),1195,0
9134,LF2433 24 34,GIRLS SET (K),1916,0
9135,LF2434 24 34,PLAZO SET,1235,0
9136,LF2435 24 34,GIRLS SET (K),1255,0
9137,LF2436 20 26,GIRLS SET,1380,3
9138,LF2436 28 38,GIRLS SET,1690,6
9139,LF2437 24 34,MIDI PAJAMI,1423,0
9140,LF2438 24 34,GIRLS SET (K),1055,0
9141,LF2439 24 34,MIDI PAJAMI,1318,0
9142,LF2439 36 42,MIDI PAJAMI,1570,0
9143,LF2445 24 34,MIDI PAJAMI,1045,0
9144,LF2460 36 42,PLAZO SET,1885,0
9145,LF2465 24 34,MIDI PAJAMI,1339,0
9146,LF2469  24 34,GIRLS SET (K),1675,0
9147,LF2469 36 42,PLAZO SET,1885,0
9148,LF2472 24 34,GIRLS SET (A),1025,0
9149,LF2477 32 42,GIRLS SET (K),1730,0
9150,LF2478 24 34,GIRLS SET (K),1305,0
9151,LF2478 36 42,GIRLS SET (K),1570,0
9152,LF2485 26 36,PANT SUIT,990,0
9153,LF2490 24 34,FROCK SUIT,940,0
9154,LF2492 24 34,GIRLS SET (A),1205,0
9155,LF2493 24 34,GIRLS SET (K),1150,0
9156,LF2494 24 34,GIRLS SET (K),992,0
9157,LF2511 20 26,LAHANGA CHOLI,1095,0
9158,LF2521,GIRLS SET (K),940,0
9159,LF2523 28 38,GIRLS SET (K),945,0
9160,LF2524 20 26,GIRLS SET (K),905,0
9161,LF2526 20 26,GIRLS SET (K),975,0
9162,LF2530 20 26,GIRLS SET (K),995,0
9163,LF2537  20 26,LAHANGA CHOLI,1035,0
9164,LF2547 24 34,GIRLS SET,1105,0
9165,LF2552 30 40,GIRLS SET (K),992,0
9166,LF2563 36 42,GIRLS SET (K),1885,0
9167,LF2564 20 26,LAHANGA CHOLI,1085,0
9168,LF2564 30 40,GIRLS SET (K),1570,0
9169,LF2566 36 42,MIDI PAJAMI,1759,0
9170,LF2571 24 34,MIDI PAJAMI,971,0
9171,LF2578 24 34,GIRLS SET (K),992,0
9172,LF2579 24 34,GIRLS SET (K),992,0
9173,LF2583 26 36,GIRLS SET (K),940,0
9174,LF2586 28 38,FROCK SUIT,940,0
9175,LF2588 26 36,PANT SUIT,970,0
9176,LF2591 20 26,GIRLS SET (K),780,0
9177,LF2591 30 40,GIRLS SET (K),999,0
9178,LF2610 20 30,GIRLS SET (K),885,0
9179,LF2612 20 30,GIRLS SET (K),1095,0
9180,LF2620 36 42,SHARAG,1885,0
9181,LF2622 36 42,PAKISTANI SET,1885,0
9182,LF2625 30 40,FARSI,1560,0
9183,LF2627 24 34,GIRLS SET (K),1415,0
9184,LF2627 36 42,KALI SHARARA,1730,0
9185,LF2628 24 34,GIRLS SET (K),1675,0
9186,LF2628 36 42,GIRLS SET,1930,8
9187,LF2630 24 34,SHARARA,1625,6
9188,LF2630 36 42,SHARARA,1990,0
9189,LF2636  36 42,SHARARA,1910,4
9190,LF2637 36 42,SHARARA,1730,4
9191,LF2639 36 42,SHARARA,1885,0
9192,LF2649 26 36,GIRLS SET,1015,12
9193,LF2651 26 36,KALI SHUT,1095,0
9194,LF2652 28 38,GIRLS SET (K),1095,0
9195,LF2800 24 34,GIRLS SET (K),1095,0
9196,LF2804 22 28,GIRLS SET (K),940,0
9197,LF2804 24 34,GIRLS SET (K),990,0
9198,LF2805 30 40,GIRLS SET (K),1622,0
9199,LF2813 28 38,GIRLS SET (K),1095,0
9200,LF2842 36 42,GIRLS SET (K),2040,0
9201,LF2843 16 22,KALI PLAZO,865,0
9202,LF2843 24 34,KALI PLAZO,1675,0
9203,LF2843 36 42,KALI PLAZO,1935,0
9204,LF2861 30 40,GOWN INNER (K),1095,0
9205,LF2864 28 38,GIRLS SET (K),1150,0
9206,LF2866 22 28,GOWN INNER (K),865,0
9207,LF2866 28 38,GOWN INNER (K),1045,0
9208,LF2868 30 40,GIRLS SET (K),990,0
9209,LF2891 36 42,PLAZO SET,1830,0
9210,LF2894 24 34,PLAZO SET,1560,0
9211,LF2894 36 42,PLAZO SET,1830,0
9212,LF2897 30 40,GIRLS SET (K),1130,0
9213,LF2901 24 34,GIRLS SET (K),1675,0
9214,LF2901 36 42,GIRLS SET (K),1935,0
9215,LF2903 24 34,GIRLS SET (K),1650,0
9216,LF2903 36 42,GIRLS SET,1880,12
9217,LF2909 24 34,SHARARA,1725,0
9218,LF2909 36 42,SHARARA,1930,4
9219,LF2911 24 34,PAKISTANI SET,1550,0
9220,LF2911 36 42,PAKISTANI SET,1830,0
9221,LF2912 24 34,GIRLS SET (K),1780,0
9222,LF2915 36 42,GIRLS SET (K),2040,0
9223,LF2916 26 36,SHARARA,1675,0
9224,LF2916 36 42,SHARARA,2040,0
9225,LF2918 24 34,SHARARA,1830,0
9226,LF2919 36 42,SHARARA,2145,0
9227,LF2930 24 34,SHARARA,1640,0
9228,LF2930 36 42,SHARARA,1899,0
9229,LF2931 24 34,SHARARA,1730,0
9230,LF2931 36 42,SHARARA,2199,0
9231,LF2932 16 22,SHARARA,990,0
9232,LF2935 24 34,PAKISTANI SET,1465,0
9233,LF2936 36 42,PLAZO SET,1885,0
9234,LF2939 26 36,KALI SHUT,940,0
9235,LF2940 16 22,LANCHA,990,0
9236,LF2943 16 22,LAHANGA CHOLI,1015,12
9237,LF2951 30 40,PLAZO SET,1235,0
9238,LF2953 26 36,LAHANGA CHOLI,1795,6
9239,LF2954 26 36,LAHANGA CHOLI,1795,19
9240,LF2956 26 36,LAHANGA CHOLI,1745,12
9241,LF2958 36 42,KURTA SHARARA,1995,12
9242,LF2960 26 36,FROCK SUIT,990,0
9243,LF2961 26 36,FROCK SUIT,1025,0
9244,LF2962 26 36,GIRLS SET,1640,24
9245,LF2965 26 36,GIRLS SET (K),1095,0
9246,LF2993 16 22,PLAZO SET,835,0
9247,LF3003 30 40,GIRLS SET (K),1339,0
9248,LF4014 30 40,GOWN,1075,12
9249,LF4033 30 40,GOWN,1075,36
9250,LF4040 30 40,GIRLS SET,1165,12
9251,LF4047 20 30,GIRLS SET (K),930,0
9252,LF4047 30 40,GIRLS SET,1140,0
9253,LF4048 24 34,GIRLS SET (K),795,0
9254,LF462 30 40,GIRLS SET (K),1159,0
9255,LG378 30 40,GIRLS SET (K),1330,0
9256,LG379 30 40,GIRLS SET,1280,0
9257,LG381 30 40,GIRLS SET,1340,12
9258,LG382 30 40,GIRLS SET,1395,0
9259,LG389 30 40,GIRLS SET (K),1155,0
9260,LG426 24 34,GIRLS SET (K),915,0
9261,LG444 24 34,GIRLS SET (K),740,0
9262,LG449 30 40,GIRLS SET,1295,6
9263,LG462 28 38,GIRLS SET,1159,6
9264,LG467 30 40,GIRLS SET (K),1285,0
9265,LG469 30 40,GIRLS SET (K),1160,0
9266,LG474 28 38,GIRLS SET,1406,-6
9267,LG475 30 40,GIRLS SET (K),1450,0
9268,LG477 30 40,GIRLS SET (K),1256,0
9269,LG495 30 40,GIRLS SET (K),1406,0
9270,LG502 30 40,GIRLS SET (K),1450,0
9271,LG508 30 40   [620419],SHARARA,1355,0
9272,LG509  20 30   [620419],GOWN INNER (K),575,0
9273,LG513  30 40    [620419],PLAZO SET,1385,0
9274,LG514 30 40   [ 620419],CORD SET,1060,0
9275,LG520   20  30  [620419],GOWN INNER (K),645,0
9276,LG522 30 40,PLAZO TOP,1145,6
9277,LG523 30 40     [620419],PLAZO SET,1250,0
9278,LG538 30 40,PLAZO TOP,1099,12
9279,LG555 30 40,PLAZO TOP,1050,0
9280,LG565 30 40,FARSI,1350,0
9281,LG572 30 40,KALI SHARARA,1390,6
9282,LG573 20 30,GOWN,755,6
9283,LG575 30 40,KALI PLAZO,1505,0
9284,LG576 30 40,FARSI,1355,6
9285,LG578 30 40,FARSI,1545,0
9286,LG582 28 38,FARSI,1340,0
9287,LG583 30 40,FARSI,1505,0
9288,LG588 20 30,PLAZO SET,1199,0
9289,LG605A 18 28,GIRLS SET (K),1355,0
9290,LG607A 18 28,GIRLS SET (K),1310,0
9291,LG611 30 40,GIRLS SET (K),1450,0
9292,LG612 30 40,PLAZO KURTI,1340,0
9293,LG613 30 40,SHARAG SET,1340,0
9294,LG614A 18 28,GIRLS SET (K),1355,0
9295,LG615 32 42,PLAZO SHRUG,1840,0
9296,LG617 30 40,AFGANI SET,1550,0
9297,LG617A 18 28,GIRLS SET (K),1355,0
9298,LG618 20 30,PLAZO KURTI,1115,0
9299,LG618 32 42,PLAZO KURTI,1435,6
9300,LG620 30 40,FARSI,1450,0
9301,LG622 18 28,PLAZO SET,1080,0
9302,LG622 30 40,PLAZO SET,1320,12
9303,LG623 30 40,FARSI,1545,0
9304,LG627 30 40,PLAZO SET,1145,12
9305,LG629 30 40,PLAZO SET,1145,6
9306,LG630 30 40,GIRLS SET (K),1199,0
9307,LG638 30 40,GIRLS SET (K),1265,6
9308,LG646 30 40,GIRLS SET (K),1245,0
9309,LG647 30 40,GIRLS SET,1240,12
9310,LG649 30 40,GIRLS SET (K),1435,0
9311,LG651 20 30,GIRLS SET (K),1105,0
9312,LG652 30 40,GIRLS SET (K),1330,6
9313,LI1017 16 26,FROCK (A),755,0
9314,LI1029 16 26,FROCK (A),685,0
9315,LI1510 20 30,FROCK (A),1050,0
9316,LI302 12 14,FROCK,485,0
9317,LI329 12 14,FROCK,485,8
9318,LI330 12 14,FROCK,485,2
9319,LI336 16 26,FROCK (A),660,12
9320,LI347 12 14,FROCK,545,0
9321,LI357  16 22,FROCK,805,4
9322,LI719 16 26,FROCK (A),640,0
9323,LI724 16 26,FROCK (A),895,12
9324,LI738 16 26,FROCK (A),670,0
9325,LI739 16 26,FROCK (A),745,0
9326,LI9094 20 30,FROCK (A),1245,0
9327,LI9094 32 38,FROCK (A),1525,0
9328,LI9095 20 30,FROCK (A),1470,0
9329,LI9095 32 38,FROCK (A),1755,0
9330,LI9097 20 30,FROCK (A),1175,0
9331,LI9097 32 38,FROCK (A),1405,0
9332,LI966 16 26,FROCK (A),860,0
9333,LI980 16 26,FROCK (A),850,0
9334,LIZA 16 26,GIRLS SET (A),799,0
9335,LM1010 16 26,FROCK,925,30
9336,LM2032 22 30,GOWN,1220,0
9337,LM2032 32 40,GOWN,1470,0
9338,LM2035 22 32,GOWN,1320,0
9339,LM2035 34 40,GOWN,1570,0
9340,LM2043 22 32,GOWN,975,0
9341,LM2058 24 30,GOWN,1335,0
9342,LM2058 32 40,GOWN,1585,0
9343,LM2059 22 32,GOWN,1525,0
9344,LM2062 22 30,GOWN,1225,0
9345,LM2062 32 40,GOWN,1475,0
9346,LM3454 22 28,CORD SET,795,8
9347,LM3456 16 22,PLAZO SET,775,0
9348,LM3457 16 22,FARSI,695,0
9349,LM3460 16 22,PLAZO SET,785,0
9350,LM902 16 26,GOWN,870,0
9351,LM968 16 26,FROCK (A),899,0
9352,LM971 16 26,FROCK (A),620,0
9353,LM986 16 26,FROCK,775,12
9354,LM991 16 26,FROCK,1120,30
9355,LO1225 20 30,PLAZO SET,1190,0
9356,LO1433 20 30,GIRLS SET,1010,0
9357,LO1436 20 30,GIRLS SET (K),1160,0
9358,LO1438 20 30,GIRLS SET (K),1020,0
9359,LO1443 20 30,GIRLS SET (K),1052,0
9360,LO1444 20 30,GIRLS SET (K),1246,0
9361,LO1447 20 30,GIRLS SET (K),1062,0
9362,LO1448 20 30,GIRLS SET (K),1062,0
9363,LO1449 20 30  [620419],PLAZO SET,1035,0
9364,LO1450 20 30,GIRLS SET (K),1130,0
9365,LO1451 20 30,GIRLS SET (K),1159,0
9366,LO1454 20 30,GIRLS SET (K),1256,0
9367,LO1458 20 30,GIRLS SET (K),1401,0
9368,LO1459 20 30,GIRLS SET (K),1176,0
9369,LO1460 20 30,GIRLS SET (K),1159,0
9370,LO1487 20 30    [620419],PLAZO SET,1020,0
9371,LO1508  20 30  [620419],PLAZO SET,1040,0
9372,LO1509 20 30,PLAZO SET,930,0
9373,LO1516 20 30,LAHANGA CHOLI,1299,0
9374,LO1519 20 30,GIRLS SET (K),1060,0
9375,LO1524 18 28,PLAZO SET,875,0
9376,LO1527 20 30,GIRLS SET (K),1095,0
9377,LO1529 20 30,GIRLS SET (K),1035,0
9378,LO1531 20 30,PLAZO SET,940,0
9379,LO1532 20 30,PLAZO SET,1085,0
9380,LO1533 20 30,PLAZO SET,1150,0
9381,LO1534 20 30,GIRLS SET (K),965,0
9382,LO2002 20 30,AFGANI SET,1405,0
9383,LO2003 20 30,FARSI,1310,0
9384,LO2004 20 30,PLAZO SET,1095,0
9385,LO2005 20 30,KALI SHARARA,1225,0
9386,LO2006 20 30,PLAZO SET,1310,0
9387,LO2007 20 30,GIRLS SET (K),1020,0
9388,LO2008 20 30,PLAZO SET,1255,0
9389,LO2009 20 30,GIRLS SET (K),1299,0
9390,LO2011 20 30,FARSI,1365,0
9391,LO2014 20 30,PLAZO SET,795,6
9392,LO2018 20 30,SHARARA,1135,0
9393,LO2019 26 36,GIRLS SET (K),1385,0
9394,LO2020 20 30,GIRLS SET (K),1265,0
9395,LO2021 20 30,SHARAG PLAGO,1355,0
9396,LO2023 20 30,PLAZO SET,1455,0
9397,LO2024 20 30,FARSI,1340,0
9398,LO2025 20 30,SHARAG,1445,0
9399,LO2026 20 30,SHARARA,1350,0
9400,LO2027 20 30,PLAZO SET,1325,0
9401,LO2028 20 30,SHARARA,1245,0
9402,LO2029 20 30,FARSI,1315,0
9403,LO2031 20 30,SHARARA,1355,0
9404,LO2036 20 30,FARSI,1395,0
9405,LO2037 20 30,PLAZO SET,1435,0
9406,LO2039 20 30,KALI PLAZO,1445,0
9407,LO2040 20 30,FARSI,1345,0
9408,LO2043 20 30,GIRLS SET (K),1340,0
9409,LO2044 20 30,GIRLS SET (K),1345,0
9410,LO2047 20 30,PLAZO SET,1190,0
9411,LO2048 20 30,GIRLS SET (K),1385,0
9412,LO2049 20 30,PLAZO SET,1215,0
9413,LO2051 20 30,FARSI,1355,0
9414,LO2052 20 30,GIRLS SET (K),1290,0
9415,LO2053 20 30,GIRLS SET (K),1325,0
9416,LO2054 20 30,FARSI,1385,0
9417,LO2056 20 30,PLAZO SET,1310,0
9418,LO2057 20 30,PLAZO SET,1345,0
9419,LO2060 20 30,PLAZO SET,1155,24
9420,LO2061 20 30,PLAZO SET,699,0
9421,LO2062 20 30,PLAZO SET,805,0
9422,LO2064 20 30,PLAZO SET,630,0
9423,LO2065 20 30,PLAZO SET,955,0
9424,LO2069 20 30,PLAZO SET,655,0
9425,LO3008 20 30,PLAZO SET,1220,12
9426,LO3010 20 30,PLAZO SET,970,6
9427,LO3012 20 30,PLAZO SET,1105,0
9428,LO3014 20 30,PLAZO SET,995,0
9429,LO3015 20 30,PLAZO SET,970,12
9430,LO3018 20 30,PLAZO SET,990,0
9431,LO3021 20 30,PLAZO SET,1160,18
9432,LO3022 20 30,PLAZO SET,1030,6
9433,LO3023 20 30,PLAZO SET,1245,0
9434,LO3033 20 30,PLAZO SET,1110,12
9435,LO3035 20 30,PLAZO SET,1265,0
9436,LO3039 20 30,PLAZO SET,1170,18
9437,LO5114 20 30,PLAZO SET,1075,6
9438,LO5119 20 30,PLAZO SET,1170,12
9439,LU1603 24 34,GIRLS SET (K),650,0
9440,LU2119 30 40,GIRLS SET (K),1220,0
9441,LU2177 30 40,GIRLS SET,1140,0
9442,LU2181 20 30,GIRLS SET (K),1049,0
9443,LU2183 20 30,GIRLS SET (K),1035,0
9444,LU2185 30 40,GIRLS SET (K),1406,6
9445,LU2186 30 40,GIRLS SET (K),1367,0
9446,LU2187 30 40,GIRLS SET (K),1210,0
9447,LU2188 30 40,GIRLS SET (K),1524,0
9448,LU2190 30 40,GIRLS SET (K),1617,0
9449,LU2191 30 40,GIRLS SET (K),1225,0
9450,LU2192 30 40,GIRLS SET (K),1494,0
9451,LU2194 30 40,GIRLS SET (K),1298,0
9452,LU2225 30 40,GIRLS SET (K),1565,0
9453,LU2310 28 38,GIRLS SET (K),1050,0
9454,LU3103  30 40 [620419],PLAZO SET,1335,0
9455,LU3109  30 40  [620419],PLAZO SET,1445,0
9456,LU3114  30 40   [620419],PLAZO SET,1320,0
9457,LU3124  30 40   [620419],PLAZO SET,1305,0
9458,LU4060 30 40,PLAZO KURTI,1199,30
9459,LU4061 30 40,PLAZO KURTI,1180,6
9460,LU4108 30 40,PLAZO SET,1560,0
9461,LU4111 30 40,PLAZO SET,1305,0
9462,LU4113 30 40,PLAZO SET,1565,0
9463,LU4120 30 40,FARSI,1625,0
9464,LU4122 30 40,FARSI,1625,0
9465,LU4123 30 40,SHARAG,1585,0
9466,LU4129 30 40,SHARAG,1640,0
9467,LU4136 30 40,PAKISTANI SET,1585,0
9468,LU4138  30 40,FARSI,1565,0
9469,LU4144 30 40,FARSI,1595,0
9470,LU4149 30 40,PLAZO SET,1565,0
9471,LU4150 30 40,PLAZO SET,1295,0
9472,LU4151 30 40,PLAZO SET,1115,12
9473,LU4152 30 40,PLAZO SET,1125,42
9474,LU4153 30 40,PLAZO SET,1105,6
9475,LU4154 30 40,PLAZO SET,1075,6
9476,LU4155 30 40,PLAZO SET,1105,18
9477,LU5008 30 40,GIRLS SET (K),1200,0
9478,LU5017 28 38,GIRLS SET (K),995,0
9479,LU5058 28 38,GIRLS SET (K),820,6
9480,LU5102 30 40,PLAZO SET,1405,12
9481,LU5105 30 40,PLAZO SET,1330,18
9482,LU5106 30 40,PLAZO SET,1345,0
9483,LU5111 30 40,PLAZO SET,1240,6
9484,LU5117 30 40,PLAZO SET,1499,6
9485,LU5122 30 40,PLAZO SET,1510,0
9486,LU5130 30 40,PLAZO SET,1335,12
9487,LU5135 30 40,PLAZO SET,1345,24
9488,LU5140 30 40,PLAZO SET,1345,6
9489,LU5143 30 40,PLAZO SET,1440,12
9490,LW L,LOWER,255,-1
9491,LW XL,LOWER,265,1
9492,LW465 L 2XL,LOWER,375,4
9493,LW466 L,LOWER,210,4
9494,LW466 XL,LOWER,215,1
9495,LW466 XXL,LOWER,220,-5
9496,LW801 L,LOWER,230,0
9497,LW801 XL,LOWER,235,0
9498,LW801 XXL,LOWER,240,0
9499,M1600 22 26,GIRLS SET (K),375,6
9500,M2525 24 34,GIRLS SET,770,0
9501,M442 16 18,GIRLS SET (K),390,22
9502,M450 16 18,GIRLS SET (K),385,15
9503,MB0002 22 32,GIRLS SET (A),1465,0
9504,MB0003 22 28,GIRLS SET (A),1550,0
9505,MB0003 30 38,GIRLS SET (A),1695,0
9506,MB0005 22 28,GIRLS SET (A),1560,0
9507,MB0005 30 38,GIRLS SET (A),1705,0
9508,MB1114 22 32,GIRLS SET (A),1245,0
9509,MB1114 34 38,GIRLS SET (A),1465,0
9510,MB1144 32 38,GIRLS SET (A),1399,0
9511,MB155 16 26,FROCK (A),885,0
9512,MB161 16 26,FROCK,875,0
9513,MB163 16 26,FROCK (A),675,0
9514,MB169 16 26       [620443],FROCK,875,0
9515,MB18046 M-XXL,KURTA SET (LADIES),955,8
9516,MB18047 M-XXL,LADIES SUIT (L),955,20
9517,MB2005  22 32,GIRLS SET (A),1170,0
9518,MB2005  34 38,GIRLS SET (A),1445,0
9519,MB2006 20 30,FROCK(L),950,0
9520,MB2010 22 32,GIRLS SET (A),1230,0
9521,MB2010 34 38,GIRLS SET (A),1505,0
9522,MB2015 22 32,FROCK (A),1205,0
9523,MB2015 34 38,FROCK (A),1535,0
9524,MB211 22 32,GIRLS SET (H),1395,0
9525,MB213 22 32,GIRLS SET (A),1355,0
9526,MB214 20 30,GIRLS SET (A),1355,0
9527,MB216 20 30,GIRLS SET (A),1215,0
9528,MB216 22 32,GIRLS SET (A),1355,0
9529,MB216 32 36,GIRLS SET (A),1432,0
9530,MB218 22 32,GIRLS SET (A),1010,0
9531,MB218 34 38,GIRLS SET (A),1230,0
9532,MB2216 22 32,GIRLS SET (A),1300,0
9533,MB302 16 22     [620443],FROCK (A),785,0
9534,MB501 22 32,GIRLS SET (A),1190,0
9535,MB503 22 32,GIRLS SET (A),1180,6
9536,MB503 34 38,GIRLS SET (A),1455,0
9537,MF1926 0 5,BABA SUIT,650,0
9538,MF1926 6 8,BABA SUIT,650,3
9539,MF4649 28 38,GIRLS SET (K),1035,0
9540,MF4737 30 40,GIRLS SET (K),910,0
9541,MG0856 28 38,GIRLS SET (K),1115,0
9542,MG1510 28 38,GIRLS SET (K),1145,0
9543,MG1512 20 26,GIRLS SET (K),805,0
9544,MG1513  28 38      [620419],PLAZO SET,1140,0
9545,MG1516 28 38,GIRLS SET (K),1395,0
9546,MG1522  30 40     [620419],LAHANGA CHOLI,1525,0
9547,MG1523  28 38      [620419],PATIYALA,990,0
9548,MG1526 28 38    [620419],LAHANGA CHOLI,1145,0
9549,MG1528  28 38      [620419],GIRLS SET (K),860,18
9550,MG1529  28 38      [620419],PATIYALA,1130,0
9551,MG1530  20 26      [620419],PATIYALA,950,0
9552,MG1544 28 38,PLAZO SET,955,0
9553,MG1550  28 38      [620419],LAHANGA CHOLI,1170,6
9554,MG1552  28 38      [620419],PLAZO SET,1050,0
9555,MG1610 30 40,PLAZO SET,1575,0
9556,MG1612 30 40,PANT SHRUG,1095,0
9557,MG1613 20 28,PANT SHRUG,805,0
9558,MG1614 30 40,PLAZO SET,1490,0
9559,MG1615 24 34,PLAZO SET,1490,0
9560,MG1618 30 40,GIRLS SET (K),1625,0
9561,MG1632 36 42,KALI PLAZO,1510,0
9562,MG1636 30 40,GIRLS SET (K),1625,0
9563,MG1639 28 38,GOWN,870,12
9564,MG1640 20 26,GOWN,680,4
9565,MG1641 30 40,PLAZO SET,1245,0
9566,MG1642 20 30,GIRLS SET (K),1199,0
9567,MG198 20 30,GIRLS SET (K),990,0
9568,MG342 20 30,GOWN,835,18
9569,MG346 20 30,PATIYALA,870,12
9570,MG403 20 30,GIRLS SET (K),805,0
9571,MG439 20 30,GIRLS SET (K),732,0
9572,MG457 20 30,GIRLS SET (K),852,0
9573,MG516 30 40,GIRLS SET (K),961,0
9574,MG537 36 42,GIRLS SET (K),1167,0
9575,MG670 30 40,AFGANI SET,1245,0
9576,MG707 30 40,GIRLS SET (K),1415,6
9577,MG806 28 38,GIRLS SET (K),740,0
9578,MG807  20 26,GIRLS SET (K),585,0
9579,MG809 20 26,GIRLS SET,650,0
9580,MG810 28 38,GIRLS SET (K),1370,0
9581,MG824 28 38,GIRLS SET (K),940,0
9582,MG828 28 38,GIRLS SET (K),860,0
9583,MG840 28 38,GIRLS SET (K),805,0
9584,MG841 20 26,GIRLS SET (K),674,0
9585,MG851 28 38,GIRLS SET (K),1340,0
9586,MG854 28 38,GIRLS SET (K),1190,0
9587,MG859 28 38,GIRLS SET (K),1240,0
9588,MG872 28 38,GIRLS SET (K),1309,0
9589,MG874 28 38,GIRLS SET (K),1377,0
9590,MG881 28 38,GIRLS SET (K),1329,0
9591,MG889 28 38,GIRLS SET (K),1407,0
9592,MG891 28 38,GIRLS SET (K),1230,0
9593,MG892 28 38,GIRLS SET (K),1503,0
9594,MG893 28 38,GIRLS SET (K),1353,0
9595,MG896 30 40,GIRLS SET (K),1563,0
9596,MG899 28 38,GIRLS SET (K),1261,0
9597,MG912 28 38,GIRLS SET (K),1120,0
9598,MG913 20 26,GIRLS SET (K),940,0
9599,MG916 20 26,GIRLS SET (K),1110,0
9600,MK7428 20 36,GIRLS SET (H),899,0
9601,MK7490 30 40,GIRLS SET (H),850,0
9602,MK7553 20 36,GIRLS SET (H),899,0
9603,MK7560 20 36,GIRLS SET (H),950,0
9604,MP102 16 26,GIRLS SET (K),640,0
9605,MP103 20 30,GIRLS SET (A),825,0
9606,MP103 32 40,GIRLS SET (A),1050,0
9607,MP104 20 30,GIRLS SET (A),970,0
9608,MP104 32 40,GIRLS SET (A),1199,0
9609,MP107 20 30,GIRLS SET (A),825,0
9610,MP107 32 40,GIRLS SET (A),1050,0
9611,MP108 20 30,GIRLS SET (A),820,0
9612,MP108 32 40,GIRLS SET (A),1050,0
9613,MP110 16 26,GIRLS SET (A),590,0
9614,MP250 16 26,FROCK (SCUBA),699,24
9615,MT8060 26 36,T SHIRTS,325,0
9616,MT8258 24 28,T SHIRTS,210,0
9617,MT8270 26 30,T SHIRTS,210,0
9618,MT8270 32 36,T SHIRTS,220,0
9619,MT8272 26 30,T SHIRTS,190,0
9620,MT8272 32 36,T SHIRTS,199,0
9621,MT8291 24 28,T SHIRTS,295,0
9622,MT8291 30 34,T SHIRTS,305,0
9623,MT8291 32 36,T SHIRTS,0,0
9624,MT8307 26 30,T SHIRTS,295,0
9625,MT8307 32 36,T SHIRTS,305,0
9626,MT8334 20 24,T SHIRTS,325,0
9627,MT8334 26 30,T SHIRTS,335,0
9628,MT8334 32 36,T SHIRTS,345,0
9629,MT8337 26 30,T SHIRTS,330,0
9630,MT8337 32 36,T SHIRTS,340,0
9631,MT8338 26 30,BOYS SHIRTS,360,0
9632,MT8338 32 36,BOYS SHIRTS,370,0
9633,MT8381 20 24,T SHIRTS,350,0
9634,MT8381 26 30,T SHIRTS,360,0
9635,MT8381 32 36,T SHIRTS,370,0
9636,MUC234 M-XXL,CORD SET (L),895,4
9637,MULTI  16 26,FROCK (A),1110,0
9638,N2119 2 12,BOYS NICKER,285,12
9639,NAYSA 18 28,GIRLS SET (A),1145,0
9640,NAYSA 24 30,GIRLS SET (A),1785,0
9641,NAYSA 32 40,GIRLS SET (A),1985,0
9642,NC1161 20 30,GIRLS SET (K),695,0
9643,NC1161 22 32,GIRLS SET (K),785,0
9644,NC1175 20 30,GIRLS SET (K),990,6
9645,NC1240 16 22,GIRLS SET (K),660,0
9646,NC1244 16 22,GIRLS SET (K),571,0
9647,NC1247 16 22,GIRLS SET (K),606,0
9648,NC1253 16 22,GIRLS SET (K),599,0
9649,NC1261 20 30,GIRLS SET (K),895,6
9650,NC1263 16 22,GIRLS SET (K),640,0
9651,NC1267 16 22,GIRLS SET (K),577,0
9652,NC1270 16 22,GIRLS SET (K),640,0
9653,NC1281 16 22,GIRLS SET (K),599,0
9654,NC1291 20 30,GIRLS SET (K),1170,0
9655,NC1297 20 30,GIRLS SET (K),1060,0
9656,NC1299 20 30,GIRLS SET (K),1120,0
9657,NC1302 20 30,GIRLS SET (K),1240,0
9658,NC1305 20 30,GIRLS SET (K),1195,0
9659,NC1307 20 30,GIRLS SET (K),1105,5
9660,NC1308 20 30,GIRLS SET (K),1095,0
9661,NC1310 20 30,GIRLS SET (K),1170,0
9662,NC1311 20 30,GIRLS SET (K),1010,0
9663,NC1315 20 30,GIRLS SET (K),1240,0
9664,NC1317 20 30,GIRLS SET (K),1246,0
9665,NC1319 20 30,GIRLS SET (K),1140,0
9666,NC1325 20 30,GIRLS SET (K),965,0
9667,NC1326 20 30,GIRLS SET (K),1115,0
9668,NC1338 20 30,GIRLS SET (K),1183,0
9669,NC1341 20 30,GIRLS SET (K),1286,0
9670,NC1354 20 30,GIRLS SET (K),1133,0
9671,NC1355 20 30,GIRLS SET (K),1046,0
9672,NC1362 20 30,LAHANGA CHOLI,1005,0
9673,NC1364 20 30,LAHANGA CHOLI,1045,0
9674,NC1366  20 30,LEHANGA CHOLI,1015,0
9675,NC1368 20 30    [620419],LAHANGA CHOLI,1080,0
9676,NC1369 16 22,GIRLS SET (K),615,0
9677,NC1371 20 30,GIRLS SET (K),705,0
9678,NC1372 16 22,GIRLS SET (K),605,0
9679,NC1373 16 22,GIRLS SET (K),655,0
9680,NC1374 16 22,GIRLS SET (K),625,0
9681,NC1375 16 22,GIRLS SET (K),585,0
9682,NC1376 16 22,GIRLS SET (K),655,0
9683,NC1382 20 30    [620419],GIRLS SET (K),710,0
9684,NC1383  20 30,PLAZO SET,890,0
9685,NC1384 20 30    [620419],GIRLS SET (K),899,0
9686,NC1386 20 30    [620419],GIRLS SET (K),955,0
9687,NC1387 20 30,PLAZO SET,840,0
9688,NC1389 20 30,LAHANGA CHOLI,1075,0
9689,NC1401 20 30,PLAZO SET,1250,0
9690,NC1402 20 30,GIRLS SET (K),885,0
9691,NC1404 20 30,GIRLS SET (K),1100,0
9692,NC1406 20 30,PLAZO SET,1095,0
9693,NC1407 20 30,FARSI,1285,0
9694,NC1409 20 30,GIRLS SET (K),1285,0
9695,NC1411 20 30,FARSI,1295,0
9696,NC1413 20 30,PLAZO SET,1095,0
9697,NC1414 20 30,PLAZO SET,1240,0
9698,NC1415 20 30,SHARARA,1199,0
9699,NC1416 20 30,LAHANGA CHOLI,1295,0
9700,NC1417 20 30,PAKISTANI SET,1090,0
9701,NC1418 20 30,SHARARA,1305,0
9702,NC1420 20 30,GIRLS SET (K),1380,0
9703,NC1421 20 30,KALI SHARARA,1355,0
9704,NC1422 20 30,GIRLS SET (K),1305,0
9705,NC1424 20 30,GIRLS SET (K),1380,0
9706,NC1426 20 30,GIRLS SET (K),1195,0
9707,NC1427 20 30,PLAZO SET,945,0
9708,NC1430 20 30,FARSI,1375,0
9709,NC1431 20 30,FARSI,1325,0
9710,NC1432 20 30,FARSI,1390,0
9711,NC1433 20 30,LAHANGA CHOLI,1135,0
9712,NC1436 20 30,PLAZO SET,1135,0
9713,NC1437 20 30,PLAZO SET,890,1
9714,NC1443 20 30,PLAZO SET,880,0
9715,NC1444 20 30,PLAZO SET,880,0
9716,NC1445 20 30,PLAZO SET,1145,0
9717,NC1446 20 30,LAHANGA CHOLI,1245,18
9718,NC1447 20 30,LAHANGA CHOLI,1145,30
9719,NC1452 20 30,PLAZO SET,1025,0
9720,NC1454 20 30,PLAZO SET,1030,12
9721,NC1459 20 30,PLAZO SET,1050,0
9722,NC1460 20 30,PLAZO SET,1210,6
9723,NC1461 20 30,LAHANGA CHOLI,1145,0
9724,NC2882 16 22,GIRLS SET (K),555,0
9725,NC3085 20 30,GIRLS SET (K),790,0
9726,NC3109 20 30,GIRLS SET (K),790,6
9727,NC3153 20 30,GIRLS SET,960,0
9728,NC3206 20 30,GIRLS SET (K),930,0
9729,NC3207 20 30,GIRLS SET (K),985,0
9730,NC3208 16 22,MIDDY,665,0
9731,NC3209 20 30       [620419],GIRLS SET (K),999,0
9732,NC3210  20 30,LEHANGA CHOLI,1005,0
9733,NC3212 20 30      [620419],GIRLS SET (K),925,0
9734,NC3213 20 30,GIRLS SET (K),730,0
9735,NC3215 20 30,LEHANGA CHOLI,720,0
9736,NC3217  20 30   [620419],GIRLS SET (K),930,0
9737,NC3218 20 30,GIRLS SET (K),0,0
9738,NC3218 20 30    [620419],GIRLS SET (K),955,0
9739,NC3218 22 32,GIRLS SET (K),985,0
9740,NC3219 20 30    [620419],GIRLS SET (K),1199,0
9741,NC3221 20 30     [620419),PLAZO SET,1045,0
9742,NC3222 20 30,PLAZO SET,840,0
9743,NC3223 20 30     [620419),PLAZO SET,955,0
9744,NC3224 20 30     [620419),PLAZO SET,955,0
9745,NC3225 20 30     [620419),PLAZO SET,885,0
9746,NC3229 20 30,GIRLS SET (K),725,0
9747,NC3231 20 30,GIRLS SET (K),945,0
9748,NC3234 20 30,GIRLS SET (K),999,0
9749,NC3236 20 30,GIRLS SET (K),888,0
9750,NC3237 20 30,FARSI,1275,0
9751,NC3238 20 30,FARSI,1275,0
9752,NC3239 20 30,GIRLS SET (K),1105,0
9753,NC3240  20 30,GIRLS SET (K),840,0
9754,NC3241 (A) 20 30,GIRLS SET (K),855,0
9755,NC3241 (B) 20 30,GIRLS SET (K),825,0
9756,NC3242 20 30,FARSI,980,0
9757,NC3243 20 30,FARSI,1350,0
9758,NC3246 20 30,FARSI,1320,1
9759,NC3247 20 30,FARSI,1320,0
9760,NC3248 20 30,PLAZO SET,1235,0
9761,NC3249 20 30,PLAZO SET,1235,0
9762,NC3250 20 30,PLAZO SET,1240,0
9763,NC3252 20 30,LAHANGA CHOLI,1115,0
9764,NC3253 20 30,SHARARA,1335,0
9765,NC3255 20 30,LAHANGA CHOLI,1235,0
9766,NC3256 20 30,SHARARA,1325,0
9767,NC3258 20 30,PANT SHRUG,1340,0
9768,NC3259 20 30,SHARARA,1320,0
9769,NC3261 20 30,KALI LEHENGA,1410,0
9770,NC3262 20 30,SHARARA,1180,0
9771,NC3263 20 30,PLAZO SHRUG,1240,0
9772,NC3264 20 30,KALI SHARARA,1340,0
9773,NC3266 20 30,KALI SHARARA,1340,0
9774,NC3267 20 30,PLAZO SET,905,0
9775,NC3269 20 30,KALI PANT,1315,0
9776,NC3272 20 30,GIRLS SET (K),1285,0
9777,NC3276 20 30,PLAZO SET,1385,0
9778,NC3277 20 30,GIRLS SET (K),1365,0
9779,NC3280 20 30,GIRLS SET (K),1370,0
9780,NC3281 20 30,FARSI,1365,0
9781,NC3282 20 30,LEHANGA CHOLI,1415,0
9782,NC3283 20 30,PLAZO SET,1365,0
9783,NC3284 20 30,FARSI,1320,0
9784,NC3286 20 30,FARSI,1365,0
9785,NC3287 20 30,FARSI,1375,0
9786,NC3289 20 30,FARSI,1330,0
9787,NC3291 20 30,FARSI,1395,0
9788,NC3292 20 30,KALI LEHENGA,1210,0
9789,NC3293 20 30,FARSI,1385,0
9790,NC3294 20 30,FARSI,1385,0
9791,NC3295 20 30,LEHANGA CHOLI,1410,0
9792,NC3296 20 30,FARSI,1395,0
9793,NC3299 20 30,PLAZO SET,905,0
9794,NC3301 20 30,PLAZO SET,905,0
9795,NC3302 20 30,PLAZO SET,895,0
9796,NC3303 20 30,LAHANGA CHOLI,1115,6
9797,NC3304 20 30,LAHANGA CHOLI,1235,0
9798,NC3305 20 30,LAHANGA CHOLI,1140,18
9799,NC3306 20 30,LEHANGA CHOLI,1120,0
9800,NC3307 20 30,PLAZO SET,955,6
9801,NC3308 20 30,PLAZO SET,815,0
9802,NC3309 20 30,PLAZO SET,905,0
9803,NC3310 20 30,PLAZO SET,885,0
9804,NC3311 20 30,PLAZO SET,1260,12
9805,NC3312 20 30,PLAZO SET,1260,30
9806,NC3316 20 30,LAHANGA CHOLI,1145,0
9807,NC3317 20 30,LAHANGA CHOLI,1145,6
9808,NC3318 20 30,LAHANGA CHOLI,1145,24
9809,NC3319 20 30,PLAZO SET,1140,12
9810,NC3320 20 30,LEHANGA CHOLI,1145,0
9811,NC3321 20 30,PLAZO SET,1245,0
9812,NC3322 20 30,PLAZO SET,1065,12
9813,NC3323 20 30,PLAZO SET,1015,0
9814,NC3325 20 30,PLAZO SET,1050,0
9815,NC3326 20 30,PLAZO SET,1190,12
9816,NC3327 20 30,PLAZO SET,1199,0
9817,NC3329 20 30,PLAZO SET,1115,6
9818,NC3332 20 30,PLAZO SET,1170,6
9819,NC3334 20 30,PLAZO SET,1040,0
9820,NC3335 20 30,LAHANGA CHOLI,1230,0
9821,NC3341 20 30,LAHANGA CHOLI,1245,6
9822,NC3343 20 30,LAHANGA CHOLI,1170,18
9823,NC3351 20 30,LAHANGA CHOLI,1105,6
9824,NC3352 20 30,LAHANGA CHOLI,1130,6
9825,NC3353 20 30,LAHANGA CHOLI,1135,0
9826,NC4958 24 34    [620419],COAT PAINT(k),615,0
9827,NC5007 24 34    [620419],PANT TOP,680,0
9828,NC5009 22  32,PANT TOP,690,0
9829,NC5017 16 22,COAT PAINT(k),705,0
9830,NC5017 24 34,COAT PAINT(k),825,0
9831,NC5020 16 22,COAT PAINT(k),675,0
9832,NC5020 24 34,COAT PAINT(k),825,0
9833,NC5061 16 22,PANT TOP,685,0
9834,NC5061 24 34,PANT TOP,795,0
9835,NC5063 24 34,COAT PAINT(k),695,0
9836,NC5067 16 22,PANT TOP,675,0
9837,NC5067 24 34,PANT TOP,795,1
9838,NC5081 16 22,FARSI,595,21
9839,NC6012 16 22,FARSI,935,0
9840,NEW LONG(RRR) 24 34,GOWN,1335,0
9841,NEW LONG(RRR) 36 42,GOWN,1535,4
9842,NG131 30 40,GIRLS SET (K),1234,0
9843,NG142 30 40,GIRLS SET (K),1395,0
9844,NG145 30 40,GIRLS SET (K),1342,0
9845,NG148 30 40,GIRLS SET (K),1387,0
9846,NG158 30 40,GIRLS SET (K),1348,0
9847,NG162 30 40,GIRLS SET (K),1427,0
9848,NG163 30 40,GIRLS SET (K),1442,0
9849,NG166 30 40,GIRLS SET (K),1251,0
9850,NG168 30 40,GIRLS SET (K),765,0
9851,NG170 30 40,GIRLS SET (K),1445,0
9852,NG172 30 40,GIRLS SET (K),1445,0
9853,NG173  30 40,PLAZO SHRUG,1330,0
9854,NG175  30 40,PLAZO SHRUG,1235,0
9855,NG178  30 40,PLAZO SET,1305,0
9856,NG179 30 40,AFGANI SET,1250,0
9857,NG181  30 40,AFGANI SET,1250,0
9858,NG184 30 40,PLAZO SET,1295,0
9859,NG185 30 40,GIRLS SET (K),1250,0
9860,NG188 30 40,GIRLS SET (K),1305,0
9861,NG189 30 40,GIRLS SET (K),1305,0
9862,NG191 30 40,LAHANGA CHOLI,1540,0
9863,NG192 30 40,GIRLS SET (K),1155,0
9864,NG1927 20 30,GIRLS SET (K),1256,0
9865,NG1931 20 30,GIRLS SET (K),1155,0
9866,NG1932 20 30,GIRLS SET (K),1155,0
9867,NG1939 20 30,GIRLS SET (K),670,0
9868,NG194 30 40,PLAZO SET,1205,0
9869,NG1940 20 30,GIRLS SET (K),570,0
9870,NG1948 20 30,PLAZO SET,1110,0
9871,NG1952 20 30,PLAZO SET,1090,0
9872,NG1953 20 30,PLAZO SET,1100,0
9873,NG1956  20 30,AFGANI SET,1099,0
9874,NG1958 20 30,AFGANI SET,1055,0
9875,NG1961 20 30,GIRLS SET (K),1055,0
9876,NG1962 20 30,GIRLS SET (K),960,0
9877,NG1963 20 30,LEHANGA CHOLI,1235,0
9878,NG1975  20 30,GIRLS SET (K),960,0
9879,NG1976  20 30,AFGANI SET,1040,0
9880,NG1977  20 30,GIRLS SET (K),945,0
9881,NG1978 20 30,GIRLS SET (K),1135,0
9882,NG1979 20 30,GIRLS SET (K),1055,0
9883,NG1980 20 30,GIRLS SET (K),1099,0
9884,NG1981 20 30,LEHANGA CHOLI,1210,0
9885,NG1982 20 30,LEHANGA CHOLI,1055,0
9886,NG1986 20 30,PLAZO SET,1015,0
9887,NG1988 20 30,PLAZO SET,1099,0
9888,NG1989 20 30,PLAZO SET,1099,0
9889,NG1990 20 30,LAHANGA CHOLI,1210,0
9890,NG1991 20 30,PLAZO SET,1050,0
9891,NG1993 20 30,LAHANGA CHOLI,1155,0
9892,NG1994 20 30,LAHANGA CHOLI,1155,0
9893,NG2004 20 30,FARSI,1110,0
9894,NG2006 20 30,PLAZO SET,1140,0
9895,NG2007 20 30,FARSI,1399,0
9896,NG2008 20 30,FARSI,1430,0
9897,NG2009 20 30,PLAZO SET,1390,0
9898,NG201 30 40,PLAZO SET,1445,0
9899,NG2010 20 30,FARSI,1399,0
9900,NG2011 20 30,SHARARA,1380,0
9901,NG2013 20 30,KALI PLAZO,1355,0
9902,NG2019 20 30,PLAZO SHRUG,1445,0
9903,NG2022 20 30,GIRLS SET (K),1399,0
9904,NG2024 20 30,PLAZO SET,1399,0
9905,NG2026 20 30,PLAZO SET,1415,0
9906,NG2027 20 30,PLAZO SET,1405,0
9907,NG2028 20 30,KALI PLAZO,1380,0
9908,NG2029 20 30,PLAZO SET,1250,0
9909,NG203 30 40,FARSI,1250,0
9910,NG2031 20 30,PANT SHRUG,1430,0
9911,NG2032 20 30,SHARAG,1405,0
9912,NG2035 20 30,PLAZO SET,1350,0
9913,NG2037 20 30,SHARAG,1390,0
9914,NG2038 20 30,PLAZO SET,1345,0
9915,NG2039 20 30,PLAZO SET,1399,0
9916,NG2040 20 30,PLAZO SET,1335,0
9917,NG2041 20 30,PLAZO SET,1405,0
9918,NG2042 20 30,PLAZO SET,1405,0
9919,NG2043 20 30,PLAZO SET,1395,0
9920,NG2045 20 30,GIRLS SET (K),1405,0
9921,NG2046 20 30,GIRLS SET (K),1399,0
9922,NG2047 20 30,GIRLS SET (K),1155,0
9923,NG2048 20 30,GIRLS SET (K),1405,0
9924,NG2049 20 30,GIRLS SET (K),1250,0
9925,NG2050 20 30,GIRLS SET (K),1405,0
9926,NG2051 20 30,GIRLS SET (K),1430,0
9927,NG2053 20 30,GIRLS SET (K),1110,0
9928,NG2054 20 30,GIRLS SET (K),1400,0
9929,NG2056 20 30,PLAZO SET,1415,0
9930,NG2057 20 30,PLAZO SET,1395,0
9931,NG2058 20 30,PLAZO SET,1350,0
9932,NG2059 20 30,FARSI,1405,0
9933,NG2061 20 30,PLAZO SET,1415,0
9934,NG2062 20 30,PLAZO SET,1425,0
9935,NG2063 20 30,PLAZO SET,1405,0
9936,NG2064 20 30,FARSI,1385,0
9937,NG2065 20 30,PLAZO SET,1405,0
9938,NG2066 20 30,PLAZO SET,1430,0
9939,NG2067 20 30,FARSI,1355,0
9940,NG2069 20 30,FARSI,1415,0
9941,NG2072 20 30,GIRLS SET (K),1205,0
9942,NG2073 20 30,PLAZO SET,1099,0
9943,NG2074 20 30,PLAZO SET,1099,0
9944,NG2075 20 30,PLAZO SET,1035,0
9945,NG2076 20 30,PLAZO SET,1110,0
9946,NG2077 20 30,PLAZO SET,1035,0
9947,NG2078 20 30,PLAZO SET,1099,0
9948,NG2079 20 30,PLAZO SET,1015,6
9949,NG2081 20 30,LAHANGA CHOLI,1110,0
9950,NG2082 20 30,PLAZO SET,960,0
9951,NG2083 20 30,LAHANGA CHOLI,1205,12
9952,NG2084 20 30,PLAZO SET,960,0
9953,NG2085 20 30,LAHANGA CHOLI,1195,12
9954,NG2086 20 30,PLAZO SET,960,6
9955,NG2087 20 30,LAHANGA CHOLI,1155,0
9956,NG2088 20 30,LAHANGA CHOLI,1205,0
9957,NG2089 20 30,PLAZO SET,1015,0
9958,NG209 30 40,KALI PLAZO,1595,0
9959,NG210 30 40,PLAZO SHRUG,1640,0
9960,NG2105 20 30,PLAZO SET,1155,0
9961,NG2108 20 30,PLAZO SET,1235,0
9962,NG2111 20 30,PLAZO SET,1240,0
9963,NG2119 20 30,PLAZO SET,1015,6
9964,NG212 30 40,PLAZO SET,1595,0
9965,NG2120 20 30,PLAZO SET,1240,12
9966,NG2121 20 30,PLAZO SET,1250,0
9967,NG2122 20 30,PLAZO SET,1125,6
9968,NG2124 20 30,PLAZO SET,1205,18
9969,NG2126 20 30,PLAZO SET,1235,12
9970,NG2135 20 30,LAHANGA CHOLI,1175,0
9971,NG2144 20 30,PATIYALA,1220,6
9972,NG2147 20 30,PATIYALA,1225,6
9973,NG215 30 40,FARSI,1625,0
9974,NG2158 20 30,PLAZO SET,999,0
9975,NG2159 20 30,PLAZO SET,1195,6
9976,NG2160 20 30,PLAZO SET,1199,18
9977,NG2162 20 30,PLAZO SET,1145,0
9978,NG2170 20 30,LAHANGA,1225,18
9979,NG218 30 40,KALI SHARARA,1555,0
9980,NG222 30 40,GIRLS SET (K),1599,0
9981,NG223 30 40,GIRLS SET (K),1610,0
9982,NG225 30 40,PLAZO SET,1599,0
9983,NG228 30 40,GIRLS SET (K),1640,0
9984,NG233 30 40,PLAZO SET,1640,0
9985,NG234 30 40,FARSI,1585,0
9986,NG235 30 40,PLAZO SET,1610,0
9987,NG237 30 40,PLAZO SET,1205,18
9988,NG238 30 40,PLAZO SET,1155,18
9989,NG239 30 40,PLAZO SET,1250,6
9990,NG241 30 40,PLAZO SET,1155,11
9991,NG256 30 40,PLAZO SET,1305,30
9992,NG4130 30 40,GIRLS SET (K),1280,0
9993,NG4137 30 40,LANCHA,1250,0
9994,NG4141  30 40,PLAZO SET,1035,0
9995,NG4155 30 40,SHARARA,1045,0
9996,NG4170 16 22,PLAZO SET,575,0
9997,NG4170 24 34,PLAZO SET,675,0
9998,NG4171 16 22,PLAZO SET,645,0
9999,NG4171 24 34,PLAZO SET,800,0
10000,NG4182 16 22,PLAZO SET,625,0
10001,NG4182 24 34,PLAZO SET,800,0
10002,NG4223  30 40,PLAZO SET,1125,0
10003,NG4225  30 40,AFGANI SET,1280,0
10004,NG4226 28 38,PLAZO SET,1310,0
10005,NG4227 30  40,AFGANI SET,1080,0
10006,NG4230 30 40,PLAZO SET,1199,0
10007,NG4241 30 40,PLAZO SET,1035,0
10008,NG4254 30 40,LANCHA,1340,0
10009,NG4255  30 40,GOWN INNER (K),905,0
10010,NG4263  30 40,AFGANI SET,1075,0
10011,NG4267 30 40,LANCHA,1340,0
10012,NG4268 30  40,PLAZO SET,1130,0
10013,NG4272 30 40,FARSI,1575,0
10014,NG4273 30 40,PLAZO SET,1160,0
10015,NG4300 30 40,FARSI,1635,6
10016,NG4304 28 38,SHARARA,1535,0
10017,NG4311 30 40,FARSI,1530,0
10018,NG4316 30 40,FARSI,1575,0
10019,NG4320 30 40,FARSI,1445,0
10020,NG4330 30 40,SHARARA,1710,0
10021,NG4334 30 40,PLAZO SET,1270,0
10022,NG4335 30 40,PLAZO SET,1355,0
10023,NG4341 20 30,PLAZO SET,1035,0
10024,NG4341 30 40,PLAZO SET,1280,0
10025,NG4343 30 40,PLAZO SET,1525,0
10026,NG4389 20 30,LAHANGA,1015,6
10027,NG4391 20 30,LAHANGA,1035,0
10028,NG4393 30 40,LANCHA,1480,6
10029,NG4395 18 28,PLAZO SET,835,0
10030,NG4395 30 40,PLAZO SET,1030,0
10031,NG4396 30 40,SHARARA,1505,0
10032,NG4397 30 40,LAHANGA,1650,18
10033,NG4402 18 28,PLAZO SET,855,0
10034,NG4402 30 40,PLAZO SET,1065,0
10035,NG4408 18 28,PLAZO SET,820,0
10036,NG4408 30 40,PLAZO SET,1015,0
10037,NG4427 30 40,LAHANGA,1195,6
10038,NG4431 28 38,PLAZO KOTI,1140,6
10039,NG4445 30 40,PLAZO KURTI,1160,0
10040,NG4455 30 40,PLAZO KURTI,1360,18
10041,NK1504 20 26,GIRLS SET (K),763,0
10042,NK4843 20 26,GIRLS SET (K),799,0
10043,NK4894 20 26,GIRLS SET,765,0
10044,NK4909 20 26,GIRLS SET (K),915,0
10045,NK4914 20 26,GIRLS SET (K),890,0
10046,NK4914 28 38,GIRLS SET (K),1080,0
10047,NK4921 20 26,GIRLS SET (K),630,0
10048,NK4924 20 30,GIRLS SET (K),860,0
10049,NK4947 20 26,GIRLS SET (K),765,0
10050,NK4951 20 26,GIRLS SET (K),630,0
10051,NK4954 20 26,GOWN INNER (K),655,0
10052,NM1003 20 30,GIRLS SET (A),1090,6
10053,NM1016 16 26,GIRLS SET (A),830,6
10054,NM2610 16 26,FROCK (SCUBA),685,0
10055,NM7100 16 26,FROCK,825,42
10056,NM7110 16 26,FROCK (A),815,60
10057,NN4730 20 26,GIRLS SET (K),725,0
10058,NN4897 28 38,GIRLS SET (K),1095,0
10059,NN4908 28 38,GIRLS SET (K),1243,0
10060,NN4909 28 38,GIRLS SET (K),1215,0
10061,NN4913 20 26       [620419],LANCHA,665,0
10062,NN4913 28 38     [620419],LANCHA,805,6
10063,NN4917 20 26,LANCHA,690,3
10064,NN4917 28 38     [620419],LANCHA,765,17
10065,NN4921 28 38,GIRLS SET (K),735,0
10066,NN4928 30 40,GIRLS SET (K),1147,0
10067,NN4933 24 30,HIRA MANDI(K),1195,0
10068,NN4941 30 40,HIRA MANDI(K),1295,0
10069,NN4947 28 38,GIRLS SET (K),860,0
10070,NN4951 28 38,GIRLS SET (K),735,0
10071,NN4953 20 26,GIRLS SET (A),735,0
10072,NN4953 28 38,GIRLS SET (K),995,0
10073,NN4953 30 40,GIRLS SET (A),845,0
10074,NN4954 28 38,GOWN INNER (K),755,0
10075,NN4958 16 22        [620419],PANT TOP,470,0
10076,NN4958 24 30    [620419],PANT TOP,565,0
10077,NN4959 28 38,LANCHA,975,0
10078,NN4961 16 22      [620419],PANT TOP,515,0
10079,NN4961 24 30     [620419],PANT TOP,615,0
10080,NN4962 16 22   [620419],PANT TOP,475,0
10081,NN4962 24 30   [620419],PANT TOP,545,4
10082,NN4963 16 22   [620419],PANT TOP,575,0
10083,NN4963 24 30   [620419],PANT TOP,675,1
10084,NN4967 20 30     [620419],PANT TOP,695,0
10085,NN4970 20 26    [620419],LANCHA,795,0
10086,NN4970 28 38     [620419],LANCHA,950,0
10087,NN4971 20 30     [620419],GOWN,499,6
10088,NN4971 24 34     [620419],GOWN (K),585,0
10089,NN4971 30 40     [620419],GOWN,660,6
10090,NN4971 32 42     [620419],GOWN,670,25
10091,NN4972 16 22    [620419],PANT TOP,490,0
10092,NN4972 24 30        [620419],PANT TOP,585,4
10093,NN4977 24 34    [620419],CORD SET,510,0
10094,NN4981 22 32,GOWN INNER (K),595,0
10095,NN4981 34 40,GIRLS SET (K),665,0
10096,NN4983 24 34       [620419],PANT TOP,645,0
10097,NN4984 20 30       [620419],PANT TOP,585,0
10098,NN4985    20  26     [620419],PLAZO SET,565,0
10099,NN4985    28 38     [620419],PLAZO SET,715,0
10100,NN4985 24 34,PLAZO SET,650,6
10101,NN4992 30 40,LANCHA,1195,0
10102,NN4994 16 26,FROCK,710,0
10103,NN4995 16 26,FROCK,715,0
10104,NN5000  28 38   [620419],GOWN INNER (K),655,0
10105,NN5000 20 26,GIRLS SET (K),545,0
10106,NN5001 16 26,FROCK,705,0
10107,NN5002 16 26,FROCK,699,0
10108,NN5003 16 26,FROCK,660,0
10109,NN5008 20 30,FARSI,630,0
10110,NN5008 30 40     [620419],GOWN INNER (K),850,0
10111,NN501 24 34,FARSI,620,0
10112,NN5013 16 22       [620419],FROCK,605,0
10113,NN5015 16 22,MIDI SET,535,0
10114,NN5016 20 30,PLAZO SET,899,18
10115,NN5016 30  40,PLAZO SET,1130,0
10116,NN5021 24 34,COAT PAINT(k),830,0
10117,NN5022 30 40,PLAZO SET,945,0
10118,NN5023 28 38,PLAZO SET,945,0
10119,NN5025 20 26,PLAZO SET,825,0
10120,NN5025 28 38,PLAZO SET,1085,0
10121,NN5026 28 38,PLAZO SET,875,0
10122,NN5027 20 30,PLAZO SET,895,0
10123,NN5027 30 40,PLAZO SET,1090,0
10124,NN5029 20 26,PLAZO SET,855,0
10125,NN5029 28 38,PLAZO SET,1095,1
10126,NN5030 30 40,PLAZO SET,1305,0
10127,NN5031 20 26,PLAZO SET,490,0
10128,NN5031 24 34,FARSI,615,1
10129,NN5031 28 38,PLAZO SET,660,0
10130,NN5032 20 26,GOWN INNER (K),609,0
10131,NN5032 20 30,GOWN,660,0
10132,NN5032 28 38,GOWN INNER (K),735,0
10133,NN5032 30 40,GOWN,750,0
10134,NN5032 32 42,GOWN,755,7
10135,NN5032 36 42,GOWN INNER (K),799,0
10136,NN5035 30 40,PLAZO SET,1465,0
10137,NN5039 30 40,FARSI,1515,1
10138,NN5040 22 32,PLAZO SET,895,0
10139,NN5042 20 30,PLAZO SET,1030,6
10140,NN5045 30 40,PLAZO SET,1099,0
10141,NN5046 30 40,SHARARA,1420,0
10142,NN5047 20 30,LANCHA,1090,0
10143,NN5047 30 40,LANCHA,1325,0
10144,NN5048 20 30,PLAZO SET,1050,0
10145,NN5048 30 40,PLAZO SET,1245,0
10146,NN5049 30 40,PLAZO SET,1120,0
10147,NN5050 30 40     [620419],PLAZO SET,1370,0
10148,NN5060 24 34,PLAZO SET,640,0
10149,NN5062 24 34,PLAZO SET,615,0
10150,NN5070 20 30,GOWN INNER (K),615,0
10151,NN5070 30 40,GOWN INNER (K),710,0
10152,NN5070 32 42,GOWN (K),735,0
10153,NN5071 36 42,GOWN INNER (K),725,0
10154,NN5075 16 22,GIRLS SET (K),720,0
10155,NN5076 20 26,PLAZO SET,915,0
10156,NN5076 28 38,PLAZO SET,1195,0
10157,NN5078 20 26,PLAZO SET,695,8
10158,NN5079 20 30,LANCHA,1050,0
10159,NN5079 30 40,LANCHA,1245,0
10160,NN5084 20 30,FARSI,895,6
10161,NN5086 20 30,LANCHA,1060,18
10162,NN5094 20 30,PLAZO SET,945,0
10163,NN5094 30 40,PLAZO SET,1120,0
10164,NN5097 30 40,PLAZO SET,1230,12
10165,NN5098 20 30,PLAZO SET,1235,0
10166,NN6000 20 30,SHARARA (K),1056,0
10167,NN6001 16 22,FROCK,675,27
10168,NN6002 16 22,FROCK,675,4
10169,NN6005 30 40,SHARARA (K),1495,0
10170,NN6006 20 30,SHRUG SET,1350,6
10171,NN6006 30 40,SHARAG,1695,0
10172,NN6007 20 30,SHRUG SET,1350,0
10173,NN6007 30 40,SHARAG,1695,0
10174,NN6011 16 22,FARSI,1040,0
10175,NN6015 20 30,SHARARA,1295,0
10176,NN6016 20 30,SHARARA,1195,0
10177,NN6024 16 22,FROCK,650,8
10178,NN6027 16 22,FROCK (A),665,16
10179,NN6029 20 26,PLAZO SET,665,8
10180,NN6030 20 30,PLAZO SET,830,24
10181,NN6030 30 40,PLAZO SET,1050,12
10182,NN6032 20 30,LANCHA,1020,12
10183,NN6033 20 30,GOWN (K),635,0
10184,NN6033 30 40,GOWN,755,6
10185,NN6034 20 30,PLAZO SET,915,0
10186,NN6035 20 30,PLAZO SET,870,6
10187,NN6036 24 34,PLAZO SET,650,0
10188,NN6038 24 34,PLAZO SET,615,0
10189,NN6039 20 26,PLAZO SET,655,0
10190,NN6039 28 38,PLAZO SET,860,0
10191,NN6041 20 30,LANCHA,650,6
10192,NN6042 20 26,GOWN,605,32
10193,NN6042 20 30,GOWN,630,0
10194,NN6042 28 38,GOWN,725,36
10195,NN6052 30 40,PLAZO SET,1145,0
10196,NN6054 20 30,GOWN,599,6
10197,NN6054 32 42,GOWN,710,18
10198,NN6057 20 30,PLAZO SET,850,6
10199,NN6059 20 30,GOWN,565,12
10200,NN6059 32 42,GOWN,660,12
10201,NN6063 20 30,PLAZO SET,945,0
10202,NN6063 30 40,PLAZO SET,1230,12
10203,NN6064 20 30,PLAZO SET,995,12
10204,NN6064 30 40,PLAZO SET,1210,18
10205,NN6065 20 30,PLAZO SET,1040,12
10206,NN6065 30 40,PLAZO SET,1280,12
10207,NNN DHOOM4 16 22,FROCK(L),695,0
10208,NNN-5555 20 30,GIRLS SET (A),1346,0
10209,NNN-5555 32 38,GIRLS SET (A),1546,0
10210,NNN-8888 20 30,GIRLS SET (A),1196,0
10211,NNN-8888 32 38,GIRLS SET (A),1396,0
10212,NNN-DFL 22 30,GIRLS SET (A),940,0
10213,NNN-DHOOM 16 22,GIRLS SET (A),896,0
10214,NNN-GALAXY 16 22,GIRLS SET (A),595,0
10215,NNN-JIO 20 30,GIRLS SET (A),1196,0
10216,NNN-JIO 32 38,GIRLS SET (A),1396,0
10217,NNN-PAYAL 18 28,LEHANGA CHOLI,1045,0
10218,NNN-SH DHOOM-3 16 22,FROCK(L),795,0
10219,NNN-SH-DHOOM2 16 22,GIRLS SET (A),926,0
10220,NNN-SHORT PARI 18 28,GIRLS SET (A),1196,0
10221,NNN-SHORT SIMMI 16 26,GIRLS SET (A),925,0
10222,NNN-VEERA 20 30,GIRLS SET (A),1295,0
10223,NNN-VEERA 32 38,GIRLS SET (A),1495,0
10224,NT104 30 40,GIRLS SET (K),1200,0
10225,NT108 30 40,GIRLS SET (K),1135,0
10226,NT118 30 40,GIRLS SET,1145,0
10227,NT119 30 40,GIRLS SET,1095,0
10228,NT120 30 40,GIRLS SET,1170,0
10229,NT121 30 40,GIRLS SET,1095,0
10230,NT122 30 40,GIRLS SET,1120,0
10231,NT124 30 40,GIRLS SET (K),1200,0
10232,NT125 30 40,GIRLS SET (K),1125,0
10233,NT126 30 40,GIRLS SET,1145,0
10234,NT132 30 40,GIRLS SET (K),1213,0
10235,NT133 30 40,GIRLS SET (K),1234,0
10236,NT136 30 40,GIRLS SET (K),1402,0
10237,NT137 30 40,GIRLS SET (K),1421,0
10238,NT138 30 40,GIRLS SET (K),1213,0
10239,NT139 30 40,GIRLS SET (K),1234,0
10240,NT141 24 34,GIRLS SET (K),1248,0
10241,NT147 30 40,GIRLS SET (K),1542,0
10242,NT149 30 40,GIRLS SET (K),1445,0
10243,NT151 30 40,GIRLS SET (K),1258,0
10244,NT152 30 40,GIRLS SET (K),1542,0
10245,NT155 30 40,GIRLS SET (K),1596,0
10246,NT1710 20 30,GIRLS SET (K),975,0
10247,NT1771 20 30,GIRLS SET (K),985,0
10248,NT1777 20 30,GIRLS SET (K),850,0
10249,NT1823 20 30,GIRLS SET (K),1095,0
10250,NT1847 20 30,GIRLS SET (K),935,0
10251,NT1850 20 30,GIRLS SET,950,0
10252,NT1851 20 30,GIRLS SET (K),1045,0
10253,NT1852 20 30,GIRLS SET (K),1075,0
10254,NT1852 30 40,GIRLS SET (K),0,0
10255,NT1853 20 30,GIRLS SET (K),1050,0
10256,NT1854 20 30,GIRLS SET (K),1095,0
10257,NT1855 20 30,GIRLS SET (K),1025,0
10258,NT1857 20 30,GIRLS SET (K),950,0
10259,NT1859 20 30,GIRLS SET,995,0
10260,NT1860 20 30,GIRLS SET,1090,0
10261,NT1861 20 30,GIRLS SET (K),905,0
10262,NT1863 20 30,GIRLS SET (K),1200,0
10263,NT1864 20 30,GIRLS SET (K),995,0
10264,NT1867 20 30,GIRLS SET (K),995,0
10265,NT1868 20 30,GIRLS SET (K),995,0
10266,NT1870 20 30,GIRLS SET (K),1095,0
10267,NT1871 20 30,GIRLS SET (K),1004,0
10268,NT1875 20 30,GIRLS SET (K),1057,0
10269,NT1876 20 30,GIRLS SET (K),1091,0
10270,NT1877 20 30,GIRLS SET (K),1096,0
10271,NT1878 20 30,GIRLS SET (K),1091,0
10272,NT1879 20 30,GIRLS SET (K),1091,0
10273,NT1880 20 30,GIRLS SET (K),1212,0
10274,NT1881 20 30,GIRLS SET (K),895,0
10275,NT1882 20 30,GIRLS SET (K),1251,0
10276,NT1883 20 30,GIRLS SET (K),1111,0
10277,NT1884 20 30,GIRLS SET (K),1256,0
10278,NT1885 20 30,GIRLS SET (K),1111,0
10279,NT1886 20 30,GIRLS SET (K),1014,0
10280,NT1887 20 30,GIRLS SET (K),1111,0
10281,NT1888 20 30,GIRLS SET (K),1004,0
10282,NT1891 20 30,GIRLS SET (K),1251,0
10283,NT1893 20 30,GIRLS SET (K),1251,0
10284,NT1894 20 30,GIRLS SET (K),1305,0
10285,NT1895 20 30,GIRLS SET (K),1135,0
10286,NT1897 20 30,GIRLS SET (K),1154,0
10287,NT1898 20 30,GIRLS SET (K),960,0
10288,NT1899 20 30,GIRLS SET (K),1011,0
10289,NT1900 20 30,GIRLS SET (K),1111,0
10290,NT1901 20 30,GIRLS SET (K),1256,0
10291,NT1903 20 30,GIRLS SET (K),1112,0
10292,NT1904 20 30,GIRLS SET (K),1304,0
10293,NT1907  20 30,GIRLS SET (K),845,0
10294,NT1908 20 30,GIRLS SET (K),1140,0
10295,NT1909 20 30,GIRLS SET (K),1329,0
10296,NT1916 24 34,GIRLS SET (K),1348,0
10297,NT1920 20 30,GIRLS SET (K),1250,0
10298,NT1922 20 30,GIRLS SET (K),1256,0
10299,NT1924 20 30,GIRLS SET (K),1305,0
10300,NT1925 20 30,GIRLS SET (K),1285,0
10301,NT1926 20 30,GIRLS SET (K),1305,0
10302,NT1941 20 30,GIRLS SET (K),1110,0
10303,NT1943 20 30,GIRLS SET (K),1060,6
10304,NT1944 20 30,GIRLS SET (K),1050,0
10305,NT1945 20 30,GIRLS SET (K),1090,0
10306,NT1946 20 30,GIRLS SET (K),1060,0
10307,NT1947 20 30,GIRLS SET (K),1045,0
10308,NT854 20 30,GIRLS SET (K),1198,0
10309,NW103 24 34,FARSI,1295,0
10310,NW1036 24 34,GIRLS SET (H),1265,0
10311,NW104 24 34,FARSI,1295,0
10312,NW106 24 34,FARSI SALWAR,1395,0
10313,NW106 36 40,FARSI SALWAR,1595,0
10314,NW108 24 34,FARSI,1295,0
10315,NW1134 24 34,GIRLS SET (H),1295,0
10316,NW2076 24 34    [620419],PLAZO SET,695,0
10317,NW2076 36 40    [620419],PLAZO SET,895,0
10318,NW2157 24 34   [620419],PLAZO SET,795,0
10319,NW2157 36 40     [620419],PLAZO SET,995,0
10320,NW2171 18 28,GIRLS SET (H),895,0
10321,NW2171 30 40,GIRLS SET (H),1095,0
10322,NW2217 18 28,GIRLS SET (K),647,0
10323,NW2217 30 40,GIRLS SET (K),847,0
10324,NW2268 18 28,GIRLS SET (K),647,0
10325,NW2268 30 40,GIRLS SET (K),847,0
10326,NW2269 24 34,PLAZO SET(H),945,0
10327,NW2291 24 34,PLAZO SET(H),995,0
10328,NW2300 18 28,GIRLS SET (H),895,0
10329,NW2300 30 40,GIRLS SET (H),1095,18
10330,NW2321 18 28,GIRLS SET (H),795,18
10331,NW2354 24 34,PLAZO SET(H),795,0
10332,NW2355 18 28,PLAZO SET,995,0
10333,NW2356 18 28,PLAZO SET,995,0
10334,NW2357 18 28,PLAZO SET,995,0
10335,NW2357 30 40,PLAZO SET(H),1195,0
10336,NW2358 18 28,PLAZO SET,895,0
10337,NW2361 18 28,PLAZO SET,795,0
10338,NW2364 18 28,PLAZO SET,1095,6
10339,NW2365 18 28,PLAZO SET,895,0
10340,NW2366 18 28,MIDI PAJAMI,995,0
10341,NW2366 30 40,MIDI PAJAMI,1195,0
10342,NW2374 18 28,GIRLS SET (K),795,0
10343,NW2374 30 40,GIRLS SET (H),995,6
10344,NW2384 18 28,GIRLS SET (H),795,0
10345,NW2384 30 40,GIRLS SET (H),995,0
10346,NW2390 24 34,PLAZO SET,799,0
10347,NW2390 36 40,PLAZO SET,999,0
10348,NW2391 18 28,GIRLS SET (H),645,0
10349,NW2393 18 28,GIRLS SET (H),695,0
10350,NW2393 30 40,GIRLS SET (H),895,6
10351,NW2400 24 34,GIRLS SET (H),895,0
10352,NW2400 36 40,GIRLS SET (H),1095,3
10353,NW2419 18 28,GIRLS SET (K),695,0
10354,NW2419 30 40,GIRLS SET (K),895,0
10355,NW2441 18 28,MIDI PAJAMI,695,0
10356,NW2441 30 40,MIDI PAJAMI,895,0
10357,NW2469 18 28,GIRLS SET (H),645,0
10358,NW2517 24 34,PLAZO SET,799,0
10359,NW2533 24 34,PLAZO SET,799,0
10360,NW2533 36 40,PLAZO SET,999,0
10361,NW2534 18 28,MIDI PAJAMI,795,0
10362,NW2535 18 28,MIDI PAJAMI,795,0
10363,NW2541 24 34,PLAZO SET,799,6
10364,NW2541 36 40,PLAZO SET,999,15
10365,NW2545 24 34,PLAZO SET,799,0
10366,NW2549 24 34,PLAZO SET,899,0
10367,NW2549 36 40,PLAZO SET,1099,9
10368,NW2551 24 34,PLAZO SET,799,0
10369,NW2554 24 34,PLAZO SET,899,0
10370,NW2554 36 40,PLAZO SET,1099,0
10371,NW2558 18 28,MIDI PAJAMI,795,0
10372,NW2558 24 34,PLAZO SET,849,12
10373,NW2569 24 34,PLAZO SET,799,12
10374,NW2569 36 40,PLAZO SET,999,0
10375,NW2594 24 34,PLAZO SET,899,0
10376,NW2594 36 40,PLAZO SET,1099,3
10377,NW2596 24 34,PLAZO SET,999,0
10378,NW2596 36 40,PLAZO SET,1199,0
10379,NW2607 30 40,PLAZO SET,799,0
10380,NW2612 24 34,PLAZO SET,799,0
10381,NW2612 36 40,PLAZO SET,999,0
10382,NW2659 18 28,MIDI PAJAMI,745,5
10383,NW2659 30 40,MIDI PAJAMI,945,12
10384,NW269 16 26,GIRLS SET,790,0
10385,NW2705 24 34,MIDI PAJAMI,895,0
10386,NW2709 24 34,MIDI PAJAMI,895,0
10387,NW2713 24 34,MIDI PAJAMI,895,0
10388,NW2716 24 34,MIDI PAJAMI,945,0
10389,NW2794 24 34,MIDI PAJAMI,899,18
10390,NW280 18 28,MIDI PAJAMI,695,0
10391,NW288 24 34,GIRLS SET (H),1395,0
10392,NW288 36 40,GIRLS SET (H),1595,0
10393,NW331 18 34,SKIRT TOP,795,0
10394,NW374 24 34,SHARARA (H),1095,0
10395,NW374 36 40,SHARARA (H),1295,0
10396,NW381 18 34,SKIRT TOP,845,0
10397,NW396 18 34,SKIRT TOP,795,18
10398,NW400 30 40,SHARARA (H),1195,0
10399,NW444 24 34,SHARARA (H),1195,0
10400,NW445 24 34,GIRLS SET (H),1595,6
10401,NW445 36 40,GIRLS SET (H),1795,0
10402,NW452  24  34,SHARARA (H),1095,0
10403,NW456 24 34,GIRLS SET (H),1095,0
10404,NW456 28 38,GIRLS SET (H),1245,6
10405,NW456 36 40,GIRLS SET (H),1295,0
10406,NW4836 30 40,PATIYALA,1195,0
10407,NW4845 18 28,PATIYALA,945,0
10408,NW4859  30 40   [620419],PATIYALA,1195,0
10409,NW4859 18 28     [620419],PATIYALA,995,0
10410,NW4872 36 40,GIRLS SET (H),1495,0
10411,NW4883 18 28,PATIYALA,1095,0
10412,NW4887 18 28    [620419],PATIYALA,895,0
10413,NW4887 30 40    [620419],PATIYALA,1095,0
10414,NW4899 18 28,GIRLS SET (H),995,0
10415,NW4899 30 40,GIRLS SET (H),1195,0
10416,NW4900 18 28,GIRLS SET (H),995,0
10417,NW4900 30 40,GIRLS SET (H),1195,6
10418,NW4905 18 28,GIRLS SET (H),1095,0
10419,NW4905 30 40,GIRLS SET (H),1295,0
10420,NW4912 18 28,GIRLS SET (H),1095,0
10421,NW4912 30 40,GIRLS SET (H),1295,0
10422,NW4915 18 28,GIRLS SET (H),1095,0
10423,NW4915 30 40,GIRLS SET (H),1295,0
10424,NW4936 18 28     [620419],PATIYALA,999,36
10425,NW4936 24 34,PATIYALA,1045,0
10426,NW4936 30 40    [620419],PATIYALA,1199,36
10427,NW4936 36 40,PATIYALA,1245,0
10428,NW4940 18 28,GIRLS SET (H),1045,0
10429,NW4940 30 40,GIRLS SET (H),1245,0
10430,NW4943 18 28,GIRLS SET (H),995,0
10431,NW4943 30 40,GIRLS SET (H),1195,0
10432,NW4945 18 28,GIRLS SET (H),945,0
10433,NW4945 30 40,PATIYALA,1145,0
10434,NW4962   18 28      [620419],PATIYALA,995,0
10435,NW4962   30 40   [620419],PATIYALA,1195,0
10436,NW4970  30 40,PATIYALA,1095,0
10437,NW4970 18 28,PATIYALA,895,0
10438,NW4987  18 28    [620419],PATIYALA,895,0
10439,NW4987 30 40,PATIYALA,1095,0
10440,NW4989 18 28,AFGANI SET,995,0
10441,NW4989 30 40,AFGANI SET,1195,0
10442,NW5006 18 28,PATIYALA,1095,0
10443,NW5015 24 34,PATIYALA,1199,0
10444,NW5024 18 28,PATIYALA,1095,0
10445,NW5027 18 28,PATIYALA,995,0
10446,NW5028 18 28,PATIYALA,995,0
10447,NW5029 18 28,PATIYALA,995,0
10448,NW5046 24 34,MIDI PAJAMI,1199,0
10449,NW5046 36 40,MIDI PAJAMI,1399,3
10450,NW5051 24 34,PATIYALA,1299,0
10451,NW5051 36 40,PATIYALA,1499,6
10452,NW5052 18 28,PATIYALA,1099,0
10453,NW5075 24 34,PATIYALA,1199,30
10454,NW5075 36 40,PATIYALA,1399,17
10455,NW5083 24 34,PATIYALA,1299,0
10456,NW5083 36 40,PATIYALA,1499,0
10457,NW538 24 34,SHARARA,1199,0
10458,NW555 24 34,LANCHA,1395,18
10459,NW555 36 40,LANCHA,1595,0
10460,NW561 30 40,GIRLS SET (H),745,4
10461,NW589 24 34,SHARARA,1299,0
10462,NW645 30 40,GIRLS SET (H),795,0
10463,NW792 24 34,PATIYALA,1199,0
10464,NW912 18 28,GIRLS SET (H),1075,0
10465,NW912 24 34,GIRLS SET (H),1125,12
10466,NW912 30 40,GIRLS SET (H),1270,1
10467,NW912 36 40,GIRLS SET (H),1325,16
10468,NW964 24 34,GIRLS SET (H),895,0
10469,NW964 36 40,GIRLS SET (H),1095,0
10470,NW972 24 34,GIRLS SET (H),895,0
10471,NW994 24 34,GIRLS SET (H),895,0
10472,NW994 36 40,GIRLS SET (H),1095,0
10473,NW995 24 34,GIRLS SET (H),895,0
10474,NW995 36 40,GIRLS SET (H),1095,0
10475,O2424 10 16,BOYS SHIRTS,370,0
10476,O2535 10 16,BOYS SHIRTS,360,0
10477,O2547 10 16,BOYS SHIRTS,360,4
10478,O2553 10 16,BOYS SHIRTS,355,0
10479,O2554 10 16,BOYS SHIRTS,350,0
10480,O2559 10 16,BOYS SHIRTS,350,4
10481,O2561 10 16,BOYS SHIRTS,345,0
10482,O4286 10 16,BOYS SHIRTS,360,0
10483,O4291 10 16,BOYS SHIRTS,350,4
10484,O4304 10 16,BOYS SHIRTS,290,0
10485,O5008 10 16,BOYS SHIRTS,355,0
10486,OCM1144 24 34,GIRLS SET (K),1270,0
10487,OCM2091 20 30,LEHANGA CHOLI,1230,0
10488,OCM4027 20 30,PLAZO SET,1050,0
10489,OCM4035  20 30,PLAZO SET,1005,0
10490,OCM4036  20 30,PLAZO SET,1050,0
10491,OCM4037 20 30,PLAZO SET,835,0
10492,OCM4071 20 30,PLAZO SET,1099,0
10493,OCM4072 20 30,PLAZO SET,1120,0
10494,OCM4074 20 30,PLAZO SET,1050,0
10495,OCM5030 20 30,PLAZO SET,1170,1
10496,OCM5031 20 30,PLAZO SET,1220,0
10497,OCM5035 20 30,PLAZO SET,1075,0
10498,OCM5040 20 30,PLAZO SET,1299,0
10499,OCM5043 20 30,PLAZO SET,1320,0
10500,OCM5044 20 30,PLAZO SET,1270,0
10501,OCM5046 20 30,PLAZO SET,1299,0
10502,OCM5051 20 30,PLAZO SET,1150,0
10503,OCM5052 20 30,PLAZO SET,1099,0
10504,OCM5053 20 30,PLAZO SET,1099,0
10505,OCM5057 20 30,PLAZO SET,1055,0
10506,OCM5058 20 30,LAHANGA CHOLI,1199,0
10507,OCM5060 20 30,LAHANGA CHOLI,1250,0
10508,OCM5061 20 30,PLAZO SET,1299,0
10509,OCM5063 20 30,PLAZO SET,1455,0
10510,OR1019 28 38,GIRLS SET (K),830,0
10511,OR1064 34 40,GIRLS SET (K),775,0
10512,OR1216 30 40,GIRLS SET (K),975,0
10513,ORO4 34,LOWER (A),200,5
10514,P-13 16 26,GIRLS SET (A),585,0
10515,P200 12 15,BOYS (R.F.D.) CAPRI,175,4
10516,P200 16 18,BOYS (R.F.D.) CAPRI,185,3
10517,P200 19 21,BOYS (R.F.D.) CAPRI,200,6
10518,P500 19 21,BOYS (R.F.D.) CAPRI,255,3
10519,P600 19 21,BOYS (R.F.D.) CAPRI,215,3
10520,P900 12 15,BOYS (R.F.D.) NICKER,225,52
10521,P900 16 18,BOYS (R.F.D.) NICKER,235,9
10522,P900 19 21,BOYS (R.F.D.) NICKER,245,-6
10523,PA1006 12 14,GIRLS SET (A),365,0
10524,PA106 16 26,GIRLS SET (A),410,0
10525,PA1106 16 26,GIRLS SET (A),560,0
10526,PA2013 16 26,GIRLS SET (A),670,0
10527,PA299 16 26,GIRLS SET (A),775,0
10528,PA3006 20 30,GIRLS SET (A),930,0
10529,PA3012 20 30,GIRLS SET (A),890,12
10530,PA306 12 14,GIRLS SET (A),470,0
10531,PA3075 20 30,GIRLS SET (A),545,0
10532,PA3085 20 30,GIRLS SET (A),985,24
10533,PA425 16 26,GIRLS SET (K),485,0
10534,PA455 16 26,GIRLS SET (A),565,0
10535,PA504 12 14,GIRLS SET (A),400,0
10536,PA507 16 26,GIRLS SET (A),795,0
10537,PA535 16 26,GIRLS SET (A),515,0
10538,PA555 16 26,GIRLS SET (A),560,-1
10539,PA595 16 26,GIRLS SET (A),485,0
10540,PA607 12 14        [620423],GIRLS SET (A),475,0
10541,PA607 16 26        [620423],FROCK (A),790,0
10542,PA704 12 14,GIRLS SET (A),320,0
10543,PA704 16 26,GIRLS SET (A),435,0
10544,PA8004 20 30,GIRLS SET (A),595,16
10545,PA804 12 14,GIRLS SET (A),320,0
10546,PA804 16 26,GIRLS SET (A),445,-6
10547,PA806 12 14,GIRLS SET (A),355,0
10548,PA808 12 14,GIRLS SET (A),320,0
10549,PA855 16 26,GIRLS SET (A),575,0
10550,PA909 16 26,GIRLS SET (A),440,0
10551,PARI 16 26,GIRLS SET (A),655,0
10552,PARI 22 32,GIRLS SET (A),1255,0
10553,PARI 34 38,GIRLS SET (A),1535,0
10554,PATHANI(608) 1 10,PATHANI SHUT,520,40
10555,PB1037 16 26,GIRLS SET (A),650,0
10556,PB1038 16 26,FROCK(L),650,0
10557,PB2016 22 30,GIRLS SET (A),1050,0
10558,PB2016 32 40,GIRLS SET (A),1246,0
10559,PB2019 16 26,GIRLS SET (A),645,18
10560,PC3019 30 40,PLAZO SET,1250,0
10561,PC3021 30 40,GIRLS SET (K),1235,0
10562,PC3024 30 40,GIRLS SET (K),1235,0
10563,PC3030 30 40,PLAZO SET,1210,0
10564,PC3032 30 40,PLAZO SET,1155,0
10565,PC3033 30 40,PLAZO SET,1155,0
10566,PC3038 30 40,PLAZO SET,1210,0
10567,PC3040 20 30,LAHANGA CHOLI,1055,0
10568,PC3044 20 30,PLAZO SET,1015,0
10569,PC3057 30 40,FARSI,1540,0
10570,PC3061 30 40,PLAZO SET,1575,0
10571,PC3062 30 40,GIRLS SET (K),1575,0
10572,PC3063 30 40,PLAZO SET,1575,0
10573,PC3065 30 40,PLAZO SET,1540,0
10574,PC3067 30 40,GIRLS SET (K),1640,0
10575,PC3089 20 30,FARSI,1350,0
10576,PC3095 30 40,FARSI,1625,0
10577,PC3114 30 40,LAHANGA CHOLI,1305,17
10578,PC3115 30 40,LAHANGA CHOLI,1310,12
10579,PC320 30 40,GIRLS SET (K),1210,0
10580,PC401 30 40,GIRLS SET (K),1125,0
10581,PC448 30 40,GIRLS SET (K),1150,0
10582,PC642 30 40,GIRLS SET (K),1334,0
10583,PC645 30 40,GIRLS SET (K),1213,0
10584,PC647 20 30,GIRLS SET (K),1019,0
10585,PC653 30 40,GIRLS SET (K),1251,0
10586,PC654 30 40,GIRLS SET (K),1770,0
10587,PC658 20 30,GIRLS SET (K),1106,0
10588,PE268,GIRLS SET (K),980,0
10589,PE279 20 30,GIRLS SET,990,0
10590,PE290  20 30,GIRLS SET (K),1188,0
10591,PE294  28 38,GIRLS SET (K),1001,0
10592,PE304 20 30,GIRLS SET (K),1125,0
10593,PE306 20 30,GIRLS SET (K),925,0
10594,PE308 20 30,GIRLS SET (K),1122,0
10595,PE324 20 30      [620419],PANT TOP,935,0
10596,PE328  20 30   [620419],PANT TOP,985,0
10597,PE344 20 30,FARSI,935,0
10598,PE345 20 30,FARSI,1105,0
10599,PE346 20 30,FARSI,1115,0
10600,PE347 20 30,FARSI,1305,0
10601,PE350 20 30,AFGANI SET,1340,0
10602,PE352 20 30,FARSI,1215,0
10603,PE358 20 30,GIRLS SET (K),1380,0
10604,PE364 20 30,GIRLS SET (K),1365,0
10605,PE384 20 30,GIRLS SET,1099,12
10606,PE389 20 30,GIRLS SET,990,12
10607,PG1132 24 34,GIRLS SET (K),745,0
10608,PG1142 24 34,GIRLS SET (K),745,0
10609,PG1162 30 40,GIRLS SET,975,0
10610,PG1163 30 40,GIRLS SET,975,0
10611,PG1608 20 26,GIRLS SET (K),845,0
10612,PG175 28 38,GIRLS SET (K),1065,0
10613,PG2021 28 38,GIRLS SET (K),695,0
10614,PG2025 20 26,GIRLS SET (K),495,0
10615,PG2031 20 26,GIRLS SET (K),525,0
10616,PG2033 20 30,GIRLS SET (K),795,0
10617,PG2192 28 38,GIRLS SET,1230,0
10618,PG2193 20 30,GIRLS SET (K),885,0
10619,PG2204 20 30,GIRLS SET (K),1335,0
10620,PG2229 20 30,GIRLS SET,1270,6
10621,PG2230 20 30,GIRLS SET (K),1275,0
10622,PG2232 20 30,GIRLS SET (K),1350,0
10623,PG2233 20 30,GIRLS SET (K),975,0
10624,PG2234 20 30,GIRLS SET (K),1010,0
10625,PG2235 20 30,GIRLS SET,1210,6
10626,PG2237 20 30,GIRLS SET (K),935,0
10627,PG2241 20 30,GIRLS SET (K),960,0
10628,PG2242 20 30,GIRLS SET,1110,0
10629,PG2243 20 30,GIRLS SET (K),1160,0
10630,PG2247 20 30,GIRLS SET (K),1110,0
10631,PG2248 20 30,GIRLS SET (K),1250,0
10632,PG2249 20 30,GIRLS SET (K),1290,0
10633,PG2250 20 30,GIRLS SET (K),1115,0
10634,PG2251 20 30,GIRLS SET (K),1350,0
10635,PG2252 20 30,GIRLS SET (K),1307,0
10636,PG2253 28 38,GIRLS SET (K),1550,0
10637,PG2260 20 30,GIRLS SET (K),1250,0
10638,PG2261 20 30,GIRLS SET (K),1190,0
10639,PG2262 20 30,GIRLS SET (K),1250,0
10640,PG2263 20 30,GIRLS SET (K),1213,0
10641,PG2266 20 30,GIRLS SET (K),1448,0
10642,PG2267 20 30,GIRLS SET (K),1410,0
10643,PG2268 20 30,GIRLS SET (K),1349,0
10644,PG2269 20 30,GIRLS SET (K),1349,0
10645,PG2270 20 30,GIRLS SET (K),1349,0
10646,PG2271 20 30,GIRLS SET (K),1335,0
10647,PG2272 28 38,GIRLS SET (K),1430,0
10648,PG2274 20 30,GIRLS SET (K),1260,0
10649,PG2277 20 30,GIRLS SET (K),1269,0
10650,PG2278 20 30,GIRLS SET (K),1269,0
10651,PG2279 20 30,GIRLS SET (K),1269,0
10652,PG2280 20 30,GIRLS SET (K),1203,0
10653,PG2281 28 38,SHERWANI SARARA,1457,0
10654,PG2283 20 30,GIRLS SET (K),1381,0
10655,PG2285 20 30,GIRLS SET,1415,6
10656,PG2287 20 30,GIRLS SET (K),1348,0
10657,PG2288 30 40,GIRLS SET (K),1528,0
10658,PG2289 30 40,GIRLS SET (K),1523,0
10659,PG2290 30 40,SHARARA (A),1740,0
10660,PG2291 20 30,GIRLS SET (K),1575,0
10661,PG2292 20 30,HIRA MANDI(K),1381,0
10662,PG2293 20 30,GIRLS SET (K),1461,0
10663,PG2294 28 38,GIRLS SET (K),1626,0
10664,PG2295  20 30,GIRLS SET (K),1405,0
10665,PG2296  32 42,GIRLS SET (K),1556,0
10666,PG2298 20 30,GIRLS SET (K),1593,0
10667,PG2299 20 30,GIRLS SET (K),1212,0
10668,PG2300 20 30,GIRLS SET (K),1213,0
10669,PG2303 28 38,GIRLS SET (K),1635,0
10670,PG2305 20 30,GIRLS SET (K),1348,0
10671,PG2305 30 40,GIRLS SET (K),1495,0
10672,PG2308 (L) 30 40,LANCHA,1780,0
10673,PG2308 (L) 32 42,LANCHA,1680,0
10674,PG2308 (S)  20 30,SHARARA,1390,0
10675,PG2308 (S) 30 40,KALI PLAZO,1645,30
10676,PG2308 (S) 32 42,SHARARA,1685,0
10677,PG2309 20 30,GIRLS SET (K),1470,0
10678,PG2309 30 40,LANCHA,1685,0
10679,PG2310 20 30,GIRLS SET (K),1461,0
10680,PG2317 20 30,GIRLS SET (K),770,0
10681,PG2318 20 30,CORD SET,770,0
10682,PG2322 28 38,SHARARA,1687,0
10683,PG2326 20 30,GIRLS SET (K),1250,0
10684,PG2328 20 30,GIRLS SET (K),1269,0
10685,PG2329 (L)  20 30,LANCHA,1585,0
10686,PG2329 (L)  32 42,LANCHA,1780,0
10687,PG2329 (L) 28 38,LANCHA,1740,0
10688,PG2329 (S)  32 42,SHARARA,1685,0
10689,PG2330 20 30,LANCHA,1545,1
10690,PG2373 20 30,GIRLS SET (K),1405,0
10691,PG2394 20 30,PLAZO SET,1325,0
10692,PG2397 20 30,PLAZO SET,1325,0
10693,PG2399 20 30,LANCHA,1236,0
10694,PG2400 20 30,LANCHA,1185,8
10695,PG2401  20 30,LANCHA,1185,12
10696,PG2404 20 30,AFGANI SET,1350,0
10697,PG2407 28 38,CORD SET,980,6
10698,PG2408 20 30,AFGANI SET,1350,0
10699,PG2409 20 30,AFGANI SET,1360,0
10700,PG2411 20 30,PLAZO SET,1090,0
10701,PG2412 20 30,LANCHA,1125,0
10702,PG2415 20 30,AFGANI SET,1015,0
10703,PG2416 20 30,PLAZO KOTI,895,0
10704,PG2417 20 30,PLAZO KOTI,750,0
10705,PG2418 30 40,AFGANI SET,1575,0
10706,PG2420 20 30,PATIYALA,1348,0
10707,PG2422 20 30,AFGANI SET,1125,0
10708,PG2423 20 30,PLAZO SET,795,0
10709,PG2424 20 30,PLAZO SET,1185,0
10710,PG2426 20 30,FARSI,1330,0
10711,PG2430  20 30,PLAZO SET,1085,0
10712,PG2431  20 30,LANCHA,1205,0
10713,PG2432 20 30,PLAZO SET,1125,0
10714,PG2433 20 30,FARSI,1335,0
10715,PG2437 20 30,FARSI,1330,0
10716,PG2438 20 30,LANCHA,1325,12
10717,PG2441 20 30,PLAZO KOTI,1306,0
10718,PG2445 20 30,FARSI,1210,0
10719,PG2446 30 40,FARSI,1540,0
10720,PG2448 30 40,SHARARA,1690,0
10721,PG2450 24 34,PLAZO SET,1185,0
10722,PG2454 20 30,PLAZO SET,1520,0
10723,PG2457 20 30,FARSI,1310,0
10724,PG2461 20 30,FARSI,1170,0
10725,PG2462 20 30,KALI PLAZO,1125,0
10726,PG2466 20 30,PLAZO SET,1170,0
10727,PG2474 20 30,PLAZO SET,1335,0
10728,PG2475 30 40,PLAZO KOTI,1550,0
10729,PG2476 30 40,JAMPAL(K),1325,0
10730,PG2477 30 40,PLAZO SET,1645,0
10731,PG2478 30 40,PLAZO SET,1280,0
10732,PG2483 30 40,FARSI,1460,0
10733,PG2484 30 40,KALI PLAZO,1565,19
10734,PG2487 30 40,PLAZO SET,1355,0
10735,PG2490 20 30,KALI PLAZO,1320,0
10736,PG2492 28 38,JAMPAL(K),1385,0
10737,PG2493 30 40,KALI PLAZO,1599,11
10738,PG2494 20 30,KALI PLAZO,1490,0
10739,PG2498 30 40,PLAZO SET,1675,1
10740,PG2499 30 40,JAMPAL(K),1549,0
10741,PG2500 20 30,GIRLS SET (K),1227,0
10742,PG2590 30 40,GIRLS SET (K),1345,0
10743,PG2590 34 40,GIRLS SET (K),1345,0
10744,PG2597 28 38,GIRLS SET (K),1295,0
10745,PG2902 20 30,SHARARA,1710,0
10746,PG2904 20 30,FARSI,1205,0
10747,PG2906 20 30,KALI PLAZO,1345,0
10748,PG2906 30 40,PLAZO SET,1490,0
10749,PG2909 20 30,PLAZO SET,1340,0
10750,PG2909 30 40,KALI PLAZO,1490,6
10751,PG2919 28 38,KALI PANT,1490,6
10752,PG2921 20 30,SHARAG,1599,0
10753,PG2922 30 40,SHARAG,1705,0
10754,PG2923 20 30,PLAZO SET,955,0
10755,PG2924 20 30,PLAZO SET,955,0
10756,PG2925 30 40,SHARARA,1460,0
10757,PG2927 20 30,PLAZO CHOLI,955,18
10758,PG2930 30 40,PLAZO SET,1235,18
10759,PG2931 30 40,PLAZO SET,1460,6
10760,PG2932 20 30,PLAZO SET,1335,0
10761,PG2933 30 40,PLAZO SET,1480,6
10762,PG2934 30 40,SHARARA (K),1690,0
10763,PG2935 20 30,PLAZO CHOLI,955,12
10764,PG2938 30 40,PLAZO SET,1430,18
10765,PG2939 30 40,KALI SET,1565,78
10766,PG2940 30 40,PLAZO SET,1340,0
10767,PG2943 30 40,PLAZO SET,1280,18
10768,PG2945 20 30,PLAZO SET (SALSA),980,18
10769,PG2950 30 40,PLAZO SET,1490,0
10770,PG2952 20 30,PLAZO SET,1045,6
10771,PG2954 20 30,PLAZO SET,1055,12
10772,PG2957 30 40,PLAZO SET,1235,30
10773,PG2959 30 40,PLAZO SET,1385,24
10774,PG2960 30 40,CORD SET,1099,29
10775,PG2961 20 30,PLAZO SET,1140,18
10776,PG2962(A) 30 40,PLAZO SET,1095,0
10777,PG2962(B) 30 40,PLAZO SET,1310,36
10778,PG2964 30 40,PLAZO SET,1525,30
10779,PG2971 20 30,PLAZO SET,1145,6
10780,PG4038 28 38,GOWN INNER (K),845,0
10781,PG4955 20 30,GOWN INNER (K),1145,0
10782,PG5055 30 40,SHARARA (A),1395,0
10783,PG5080 30 40,GOWN INNER (K),1245,0
10784,PG5207 24 34,GIRLS SET (K),895,0
10785,PG5501 20 26,GIRLS SET (K),595,0
10786,PG566 20 30,GIRLS SET (K),875,0
10787,PM103 20 30,GIRLS SET (A),825,0
10788,PM103 32 40,GIRLS SET (A),1045,0
10789,PP0110 20 26,GIRLS SET (K),888,0
10790,PP0119  28 38,LEHANGA CHOLI,1065,0
10791,PP0121 28 38,LAHANGA CHOLI,1299,0
10792,PP0219 28 38,GIRLS SET (K),1339,0
10793,PP0245  28 38,LAHANGA CHOLI,1330,0
10794,PP0937 20 26,GIRLS SET (K),850,0
10795,PP0941 28 38,SHARARA (A),1285,0
10796,PP1595 28 38,GIRLS SET,1299,0
10797,PP2173 28 38,GIRLS SET (K),1195,0
10798,PP2193 28 38,GIRLS SET (K),1255,0
10799,PP2248 20 30,GIRLS SET (K),1290,0
10800,PP2283 28 38,GIRLS SET,1015,0
10801,PP2332 28 38,GIRLS SET (K),1270,0
10802,PP2333 28 38,GIRLS SET (K),940,0
10803,PP2402 28 38,GIRLS SET (K),1230,0
10804,PP2410 20 26,GIRLS SET (K),640,0
10805,PP2411 20 26,GIRLS SET (K),630,0
10806,PP2412 20 26,GIRLS SET (K),610,0
10807,PP2421 20 30,GIRLS SET (K),902,0
10808,PP2738 20 26,GIRLS SET (K),950,0
10809,PP2741 20 30,GIRLS SET (K),850,0
10810,PP400 28 38,GIRLS SET (K),1255,0
10811,PP4044 20 26,GIRLS SET,1145,0
10812,PP406 28 38,GIRLS SET (K),1135,0
10813,PP498 28 38,GIRLS SET (K),1175,0
10814,PP5079 28 38,GIRLS SET,1155,0
10815,PP524 20 26,GIRLS SET (K),865,0
10816,PP528 20 26,GIRLS SET (K),935,0
10817,PP540 20 26,GIRLS SET (K),850,0
10818,PP554 20 26,GIRLS SET (K),888,0
10819,PP558 20 26,GIRLS SET (K),1042,0
10820,PP580 20 26,GIRLS SET (K),815,0
10821,PP590 20 26,SHARARA (A),915,0
10822,PP590 36 42,GIRLS SET (K),1296,0
10823,PP612 28 38,SHARARA (A),1415,0
10824,PP616 28 38,GIRLS SET (K),1243,0
10825,PP685 28 38,PLAZO SET,1270,0
10826,PP926 28 38,GIRLS SET (K),1200,0
10827,QT2458 30 40,JAMPAL(K),1125,0
10828,R1053 18,BOYS SHIRTS,420,3
10829,R1098 16 26,GIRLS SET (A),710,0
10830,R1-1025 16 26,GIRLS SET (A),850,0
10831,R1-1033 16 26,GIRLS SET (A),685,0
10832,R1-993 16 26,GIRLS SET (A),720,0
10833,R987(R1) 22 32,GIRLS SET (A),1085,0
10834,RA1937 16 26,GIRLS SET (A),820,0
10835,RA2009 16 26,GIRLS SET (A),865,0
10836,RA2018 16 26,GIRLS SET (A),915,0
10837,RA2021 16 26,GIRLS SET (A),815,0
10838,RA6177 16 26,FROCK,915,6
10839,RA6197 18 28,FROCK,920,30
10840,RA6200 18 28,FROCK,1115,30
10841,RA6227 16 26,FROCK,920,24
10842,RB9036 16 22,PLAZO TOP,775,0
10843,RC020 22 32,GIRLS SET (A),1555,0
10844,RC1000 16 22,WESTERN DRESS,750,0
10845,RC10000 28 38,GIRLS SET (K),1480,0
10846,RC10003 16 22,MIDI SET,695,8
10847,RC10003 30 40,GIRLS SET (K),1534,0
10848,RC10004 16 22,WESTERN DRESS,745,0
10849,RC10005 16 22,WESTERN DRESS,655,0
10850,RC10008 16 22,GIRLS SET,630,4
10851,RC10009 16 22,GIRLS SET,590,4
10852,RC1001 16 22,MIDDY,665,0
10853,RC10011 16 22,GIRLS SET (K),605,0
10854,RC10012 16 22,GIRLS SET,850,0
10855,RC10013 16 22,GIRLS SET (K),630,0
10856,RC10017 16 22,GIRLS SET,740,4
10857,RC1002 16 22,MIDI SET,665,12
10858,RC10021 16 22,GIRLS SET,785,0
10859,RC10022 18 24,GIRLS SET,699,0
10860,RC10023 16 22,GIRLS SET,765,0
10861,RC10024 18 24,GIRLS SET,699,8
10862,RC10025 16 22,GIRLS SET,855,0
10863,RC10027 16 22,GIRLS SET,750,8
10864,RC10029 18 24,FROCK,775,4
10865,RC10030 18 24,FROCK,760,16
10866,RC10031 16 22,FROCK,755,16
10867,RC10032 18 24,FROCK,780,4
10868,RC10035 18 24,GIRLS SET,750,4
10869,RC10036 18 24,GIRLS SET,750,4
10870,RC10038 18 24,MIDDY,705,4
10871,RC10040 18 24,GIRLS SET,765,16
10872,RC10041 18 24,GIRLS SET,740,20
10873,RC1035 28 38   [620419],PLAZO SET,1080,0
10874,RC1036 28 38   [620419],PLAZO SET,1195,0
10875,RC1037  28 38     [620419],LEHANGA CHOLI,1360,0
10876,RC1039 30 40     [620419],PLAZO SET,1260,0
10877,RC107  16 22,FROCK (A),455,32
10878,RC1074 30 40,FARSI,1570,0
10879,RC1075 28 38,LAHANGA CHOLI,1320,0
10880,RC1079 30 40,FARSI,1335,0
10881,RC1088 30 40,GIRLS SET (K),1660,0
10882,RC1094 30 40,PLAZO SHRUG,1670,0
10883,RC1097 30 40,PLAZO SET,1520,0
10884,RC1101 30 40,GIRLS SET (K),1880,0
10885,RC1104 30 40,GIRLS SET (K),1710,0
10886,RC1161 30 40,PLAZO SET,1345,0
10887,RC1162 16 26,FROCK (A),765,18
10888,RC1165 30 40,PLAZO SET,1380,0
10889,RC1167 30 40,PLAZO SET,1445,0
10890,RC1173 30 40,PLAZO SET,1275,0
10891,RC1188 30 40,PLAZO SET,1270,0
10892,RC1192 30 40,PLAZO SET,1210,18
10893,RC1193 30 40,PLAZO SET,1190,0
10894,RC1194 30 40,PLAZO SET,1230,6
10895,RC1195 30 40,PLAZO SET,1299,12
10896,RC1197 30 40,PLAZO SET,1445,24
10897,RC1199 30 40,PLAZO SET,1550,24
10898,RC1312 16 26,FROCK (A),790,30
10899,RC1312 22 32,GOWN,1245,0
10900,RC1317 32 40,GOWN,1599,0
10901,RC1346 16 26,FROCK (A),785,0
10902,RC1391 16 26,FROCK (A),785,6
10903,RC1405 30 40,GIRLS SET (K),1145,0
10904,RC1420 30 40,LEHANGA CHOLI,1770,0
10905,RC1429 28 38,GIRLS SET (K),820,0
10906,RC1433 30 40,PLAZO SET,1220,0
10907,RC1441 20 30,GIRLS SET (K),840,0
10908,RC1442 20 30,GOWN INNER (K),1060,0
10909,RC1493 16 26,FROCK,775,30
10910,RC2018 16 26,GIRLS SET (A),795,0
10911,RC2675 36 40,GIRLS SET (K),1295,3
10912,RC2676 36 40,GIRLS SET (K),1295,6
10913,RC2677 16 20,GIRLS SET (K),725,9
10914,RC2677 22 26,GIRLS SET (K),770,9
10915,RC2681 20 30,GIRLS SET (K),880,6
10916,RC2684 20 30,GIRLS SET (K),1105,12
10917,RC2684 36 40,GIRLS SET (K),1350,3
10918,RC2687 20 30,GIRLS SET (K),995,3
10919,RC2688 32 34,GIRLS SET (K),1290,4
10920,RC2688 36 40,GIRLS SET (K),1375,6
10921,RC2689 20 30,GIRLS SET (K),625,12
10922,RC2689 32 34,GIRLS SET (K),725,4
10923,RC2689 36 40,GIRLS SET (K),845,6
10924,RC3196 16 22,MIDDY,630,0
10925,RC3196 24 34,MIDDY,805,0
10926,RC3198 16 22,MIDDY,510,0
10927,RC3199A 16 22,MIDDY,505,0
10928,RC3202 16 22,MIDDY,675,0
10929,RC5003 16 22,KALI PLAZO,875,0
10930,RC5004 16 22,KALI PLAZO,875,0
10931,RC5005 16 22,GIRLS SET,630,0
10932,RC511 28 38,GIRLS SET (K),800,6
10933,RC5130 36 40,GIRLS SET (K),1205,3
10934,RC5180 16 20,GIRLS SET (K),440,9
10935,RC5180 22 26,GIRLS SET (K),495,12
10936,RC6148 16 20,GIRLS SET (K),485,6
10937,RC6148 22 26,GIRLS SET (K),585,8
10938,RC6172 20 30,GIRLS SET (K),795,12
10939,RC6179 36 40,GIRLS SET (K),1150,3
10940,RC6191 36 40,GIRLS SET (K),1125,6
10941,RC6194 32 34,GIRLS SET (K),995,4
10942,RC6194 36 40,GIRLS SET (K),1125,3
10943,RC6206 36 40,GIRLS SET (K),1450,3
10944,RC6208 20 30,GIRLS SET (K),855,6
10945,RC6208 32 34,GIRLS SET (K),925,4
10946,RC6208 36 40,GIRLS SET (K),1050,6
10947,RC6210 32 34,GIRLS SET (K),995,4
10948,RC6210 36 40,GIRLS SET (K),1110,6
10949,RC6211 32 34,GIRLS SET (K),1125,4
10950,RC9008 28 38,GIRLS SET (K),1190,0
10951,RC9009 28 38,GIRLS SET (K),985,0
10952,RC9049 28 38,GIRLS SET (K),1025,0
10953,RC9058 28 38,GIRLS SET (K),990,0
10954,RC9059 28 38,GIRLS SET (K),1080,0
10955,RC9074 30 40,GIRLS SET (K),1362,0
10956,RC9081 30 40,GIRLS SET,1391,6
10957,RC9084 28 38,GIRLS SET,1295,0
10958,RC9093 28 38,GIRLS SET (K),1421,0
10959,RC9096 30 40,GIRLS SET (K),1495,0
10960,RC9097 28 38,GIRLS SET (K),1333,0
10961,RC9098 28 38,GIRLS SET (K),1166,0
10962,RC9929 16 22,WESTERN DRESS,685,0
10963,RC9931 16 22,WESTERN DRESS,740,0
10964,RC9932 16 22,SKIRT TOP,705,0
10965,RC9936 16 22,WESTERN DRESS,685,0
10966,RC9939 16 22,WESTERN DRESS,745,0
10967,RC9946 16 22,WESTERN DRESS,645,0
10968,RC9948 16 22,WESTERN DRESS,695,4
10969,RC9953 16 22,WESTERN DRESS,715,0
10970,RC9955 16 22,SKIRT TOP,660,0
10971,RC9962 16 22,WESTERN DRESS,695,0
10972,RC9968 16 22,SKIRT TOP,610,0
10973,RC9970 16 22,GIRLS SET (K),699,0
10974,RC9971 16 22,MIDI COATI(K),685,0
10975,RC9972 16 22,WESTERN DRESS,735,0
10976,RC9978 16 22,FARSI,835,0
10977,RC9979 16 22,FARSI,835,0
10978,RC9982 16 22,WESTERN DRESS,705,0
10979,RC9990 16 22,FARSI,855,0
10980,RC9991 16 22,FARSI,845,0
10981,RC9992 16 22,FARSI,845,0
10982,RC9993 16 22,MIDI SET,715,0
10983,RC9994 16 22,MIDI SET,690,0
10984,RC9997 16 22,WESTERN DRESS,695,0
10985,RC9998 16 22,WESTERN DRESS,730,4
10986,RC9999 16 22,MIDDY,745,0
10987,RD692 20 30,GIRLS SET (K),315,6
10988,RF1026 28 38,GOWN INNER (K),759,0
10989,RF1027 28 38,GOWN INNER (K),775,0
10990,RF1029 30 40,HEERAMANDI,1323,0
10991,RF1079 20 30,FARSI,1070,0
10992,RF1079 30 40,FARSI,1299,0
10993,RF1085 30 40,KALI PLAZO,1495,0
10994,RF1093 20 30,FARSI,1345,0
10995,RF113 16 22,GIRLS SET (A),799,0
10996,RF113 16 26,GIRLS SET (A),0,0
10997,RF1351 20 30,GIRLS SET (A),786,0
10998,RF1351 30 40,GIRLS SET (A),994,0
10999,RF1353 30 40,GIRLS SET (A),1310,0
11000,RF1358 20 30,GIRLS SET (A),1125,0
11001,RF1358 34 40,GIRLS SET (A),1339,0
11002,RF1360 30 40,GIRLS SET (A),1213,0
11003,RF1362 30 40,GIRLS SET (A),1183,0
11004,RF1367 30 40,GIRLS SET (A),1426,0
11005,RF1369  20 30,SHARARA (A),1062,0
11006,RF1369  34 40,SHARARA (A),1285,0
11007,RF1370 20 30,SHARARA (A),965,0
11008,RF1370 34 40,SHARARA (A),1246,0
11009,RF1393 20 26,PLAZO SET,630,8
11010,RF1393 28 38,PLAZO SET,865,0
11011,RF1398 24 34,PLAZO SET,699,0
11012,RF1402 30 40     [620419],GOWN INNER (K),865,0
11013,RF1403 30 40    [620419],GOWN INNER (K),1095,0
11014,RF1406 20 30,GIRLS SET (K),585,0
11015,RF1411 30 40,PLAZO TOP,1195,0
11016,RF1422 28 38,GIRLS SET (K),820,0
11017,RF1433 30 40,PLAZO SET,1060,0
11018,RF1434 16 26,PLAZO SET,630,0
11019,RF1435 30 40,PLAZO SET,895,0
11020,RF1436 30 40,PLAZO SET,1160,0
11021,RF1437 30 40,SHARAG,1050,0
11022,RF1438  30 40    [620419],PLAZO SET,1135,0
11023,RF1439 20 30,PLAZO SET,965,0
11024,RF1444 30 40,LEHANGA CHOLI,1210,0
11025,RF1445  32 42,FARSI,1599,0
11026,RF1446 20 26,GIRLS SET (K),830,0
11027,RF1457 30 40,LAHANGA CHOLI,1150,0
11028,RF1458 30 40,LAHANGA CHOLI,1295,0
11029,RF1459 30 40,FARSI,1485,0
11030,RF1460 32 42,FARSI,1750,0
11031,RF1461 16 22,FARSI,770,0
11032,RF1462 16 22,FARSI,965,3
11033,RF1463 16 22,SHARARA,965,0
11034,RF1463A 16 22,SHARARA,965,0
11035,RF1464 28 38,FARSI,1310,0
11036,RF1465 20 30,FARSI,1115,0
11037,RF1466 30 40,FARSI,1450,0
11038,RF1468 30 40,FARSI,1405,0
11039,RF1468A 20 30,FARSI,1185,0
11040,RF1474 16 22,FARSI,770,0
11041,RF1475 20 30,FARSI,1040,0
11042,RF1476 16 22,FARSI,770,0
11043,RF1478 20 30,FARSI,1060,0
11044,RF1479 16 22,SHARARA,930,0
11045,RF1480 20 30,PLAZO SET,1105,0
11046,RF1481 20 30,FARSI,930,0
11047,RF1481 30 40,FARSI,1160,0
11048,RF1482 30 40,PLAZO SET,1380,0
11049,RF1483 16 22,FARSI,770,0
11050,RF1483A 20 30,FARSI,1030,0
11051,RF1485 16 22,KALI SHARARA,935,0
11052,RF1486 36 42,SHARARA,1485,0
11053,RF1487 20 30,FARSI,1060,0
11054,RF1488A 16 22,AFGANI SET,650,0
11055,RF1489 24 34,KALI SHARARA,1340,0
11056,RF1490 16 22,FARSI,770,0
11057,RF1498 30 40,PLAZO SET,1250,0
11058,RF1501 16 22,SHARARA,870,0
11059,RF1505 20 26,SHARARA,960,0
11060,RF1525 20 30,PLAZO SET,1115,0
11061,RF1532 16 22,FARSI,799,0
11062,RF1533 16 22,FARSI,799,0
11063,RF1535 24 34,KALI PANT,1355,0
11064,RF1541 16 22,FARSI,799,0
11065,RF1542 16 22,SHARARA,895,4
11066,RF1543 24 34,FARSI,1310,0
11067,RF1544 24 34,FARSI,1295,0
11068,RF1547 24 34,PANT TOP,1250,0
11069,RF1549 24 34,KURTI PANT,1310,0
11070,RF1552 16 22,LAHANGA,995,0
11071,RF1553 36 42,PANT TOP,1545,0
11072,RF1557 20 30,LAHANGA,1250,18
11073,RF1600 30 40,PLAZO SET,1345,12
11074,RF1601 16 22,PLAZO SET,675,4
11075,RF1602 16 22,PLAZO SET,960,12
11076,RF1604 16 22,PLAZO SET,950,12
11077,RF1605 16 22,FISHCUT,765,12
11078,RF1606 30 40,PLAZO SET,1495,24
11079,RF1607 16 22,PLAZO SET,870,4
11080,RF1609 16 22,LEHANGA CHOLI,1065,20
11081,RF1610 16 22,PLAZO SET,765,0
11082,RF1611 20 26,PLAZO SET,960,20
11083,RF1613 16 22,PLAZO SET,775,8
11084,RF1614 20 30,PLAZO SET,870,6
11085,RF1615 16 22,PLAZO KOTI,1045,16
11086,RF1714 28 38,GIRLS SET (K),1075,0
11087,RF1782 20 30,GIRLS SET (K),895,0
11088,RF1826 30 40,LEHANGA CHOLI,1250,0
11089,RF1837 30 40,GIRLS SET (K),1125,0
11090,RF1884 28 38,GIRLS SET (K),833,0
11091,RF1895 30 40,KALI SHARARA,1520,0
11092,RF1908 30 40,GIRLS SET (K),1460,0
11093,RF1914 30 40,GIRLS SET (K),1420,0
11094,RF1926 30 40,HEERAMANDI,1445,0
11095,RF1930 24 34,GIRLS SET (K),990,0
11096,RF1936 30 40,SHERWANI SARARA,1495,0
11097,RF1940 30 40,GIRLS SET (K),1265,0
11098,RF1942 20 30,CORD SET,925,0
11099,RF1947 24 34,CORD SET,850,0
11100,RF1949 24 34,CORD SET,750,0
11101,RF1950 24 34,CORD SET,825,0
11102,RF1954 30 40,LAHANGA CHOLI,1055,0
11103,RF1955 24 34,CORD SET,695,0
11104,RF1956 24 34,CORD SET,690,0
11105,RF1959 24 34,CORD SET,710,0
11106,RF1960 24 34,CORD SET,695,0
11107,RF1963 24 34,CORD SET,690,0
11108,RF1967 24 34,CORD SET,695,0
11109,RF1968 24 34,CORD SET,725,0
11110,RF1985 28 38,GOWN INNER (K),990,0
11111,RF1989 30 40,GIRLS SET (K),890,0
11112,RF1991 20 26,GOWN INNER (K),750,0
11113,RF1993 30 40,GIRLS SET (K),1090,0
11114,RF1994 30 40,PLAZO SET,1125,0
11115,RF1999 30 40,GIRLS SET (K),1185,0
11116,RF2004 30 40,GOWN INNER (K),875,0
11117,RF2014 20 26,GOWN,675,0
11118,RF2019 20 30,AFGANI SET,760,0
11119,RF2036 30 40,LAHANGA CHOLI,1225,0
11120,RF2055 30 40,LAHANGA CHOLI,1250,0
11121,RF2058 30 40,PLAZO SET,1325,0
11122,RF2059 30 40,LAHANGA CHOLI,1640,0
11123,RF2076 28 38,KALI PANT,1495,0
11124,RF2084 30 40,KALI PANT,1595,0
11125,RF2088 20 30,KALI PLAZO,1345,0
11126,RF2094 30 40,PLAZO SET,1595,0
11127,RF2096 30 40,FARSI,1495,0
11128,RF2098 30 40,FARSI,1495,0
11129,RF2111 20 30,KALI PLAZO,1250,0
11130,RF2111 30 40,KALI PLAZO,1495,0
11131,RF2114 30 40,KALI SET,1545,0
11132,RF2123 30 40,LAHANGA,1425,0
11133,RF2134 30 40,LAHANGA CHOLI,1395,0
11134,RF2140 24 34,COTTON KURTI,970,0
11135,RF2141 24 34,COTTON KURTI,930,0
11136,RF2143 24 34,PLAZO KURTI,795,0
11137,RF2146 24 34,KURTI PANT,675,0
11138,RF2147 24 34,KURTI PANT,795,0
11139,RF2148 24 34,KURTI PANT,675,0
11140,RF2149 30 40,CORD SET,905,0
11141,RF2171 16 22,FROCK,570,0
11142,RF2174 16 22,FROCK,580,4
11143,RF2175 20 30,PLAZO CHOLI,999,0
11144,RF2175 30 40,PLAZO CHOLI,1105,6
11145,RF2176 16 22,FROCK,565,0
11146,RF2177 24 34,PLAZO KURTI,1070,6
11147,RF2179 20 30,PLAZO KURTI,870,0
11148,RF2180 20 30,LAHANGA CHOLI,985,0
11149,RF2180 30 40,LAHANGA CHOLI,1130,0
11150,RF2183 20 30,PLAZO CHOLI,1099,0
11151,RF2185 28 38,PLAZO KURTI,1099,0
11152,RF2187 22 32,PLAZO KURTI,1099,0
11153,RF2188 22 32,PLAZO KURTI,1099,0
11154,RF2189 24 34,PLAZO KURTI,1175,0
11155,RF2189 30 40,PLAZO KURTI,1270,0
11156,RF2190 24 34,PLAZO CHOLI,1125,6
11157,RF2192 20 30,PLAZO CHOLI,1099,0
11158,RF2192 30 40,PLAZO CHOLI,1285,6
11159,RF2194 24 34,PLAZO KOTI,950,0
11160,RF2200 22 32,PLAZO KURTI,1075,0
11161,RF2201 20 30,PLAZO KURTI,950,0
11162,RF2201 30 40,PLAZO KURTI,1070,0
11163,RF2206 20 30,PLAZO KURTI,1045,0
11164,RF2206 30 40,PLAZO KURTI,1145,0
11165,RF2211 20 30,PLAZO KURTI,855,0
11166,RF2212 24 34,PLAZO KURTI,1075,0
11167,RF2269 28 38,GIRLS SET (K),1210,0
11168,RF2303 30 40,GIRLS SET (K),1558,0
11169,RF2314 30 40,GIRLS SET (K),1558,0
11170,RF2327 30 40,SHERWANI SARARA,1519,0
11171,RF2330 24 34,CORD SET,825,0
11172,RF2331 24 34,CORD SET,750,0
11173,RF2332 24 34,CORD SET,710,0
11174,RF2333 24 34,CORD SET,890,0
11175,RF3193 16 22,MIDI SET,575,0
11176,RF3196 16 22,MIDI SET,675,0
11177,RF3196 24 34,MIDI SET,805,0
11178,RF3201 16 22,MIDI SET,545,0
11179,RF3201 24 34,MIDI SET,660,18
11180,RF3203 16 22,MIDI SET,450,0
11181,RF3205 16 22,MIDI SET,640,0
11182,RF613 20 26,GIRLS SET (K),575,0
11183,RF613 28 38,GIRLS SET (K),675,0
11184,RF649 28 38,GIRLS SET (K),1025,0
11185,RF675 28 38,GIRLS SET (K),1050,0
11186,RF678 28 38,GIRLS SET (K),975,0
11187,RF726 30 40,GIRLS SET (K),1249,0
11188,RF740 24 34,CORD SET,725,0
11189,RF789 20 30,PLAZO SET,1250,0
11190,RF789 30 40,PLAZO CHOLI,1045,0
11191,RF824 20 30,PLAZO CHOLI,910,0
11192,RF825 20 30,PLAZO KURTI,1075,0
11193,RF866 20 30,FARSI,1045,0
11194,RF932 20 30,AFGANI SET,1040,0
11195,RF933 20 30,LAHANGA CHOLI,960,0
11196,RF935 20 30,LAHANGA CHOLI,1060,0
11197,RF943 28 38,FARSI,1425,0
11198,RG21 16 26,GIRLS SET (A),865,0
11199,RG7336 16 22,GIRLS SET (K),685,0
11200,RG7867 16 22,GIRLS SET (K),635,0
11201,RG8050 16 22,GIRLS SET (K),590,0
11202,RG8104 16 22,GIRLS SET (K),635,0
11203,RG8244 16 22,GIRLS SET,725,0
11204,RG8367 16 22,GIRLS SET (K),675,0
11205,RG8392 16 22,GIRLS SET (K),645,0
11206,RG8416 16 22,GIRLS SET (K),680,0
11207,RG8433 16 22,GIRLS SET,625,0
11208,RG8470 16 22,GIRLS SET,745,0
11209,RG8660 16 22,GIRLS SET (K),670,0
11210,RG8737 16 22,GIRLS SET (K),685,0
11211,RG8749 16 22,GIRLS SET,695,0
11212,RG8762 16 22,GIRLS SET (K),645,0
11213,RG8766 16 22,GIRLS SET (K),695,0
11214,RG8770 16 22,GIRLS SET (K),595,0
11215,RG8773 16 22,GIRLS SET (K),740,0
11216,RG8800 16 22,GIRLS SET (K),720,0
11217,RG8823 16 22,GIRLS SET (K),790,0
11218,RG8828 16 22,GIRLS SET (K),765,0
11219,RG8839 16 22,GIRLS SET (K),735,0
11220,RG8840 16 22,GIRLS SET (K),765,0
11221,RG8845 16 22,GIRLS SET (K),645,0
11222,RG8852 16 22,GIRLS SET (K),745,0
11223,RG8857 16 22,GIRLS SET (K),730,0
11224,RG8860 16 22,GIRLS SET,690,0
11225,RG8861 16 22,GIRLS SET (K),680,0
11226,RG8864 16 22,GIRLS SET (K),785,0
11227,RG8865 16 22,GIRLS SET (K),795,0
11228,RG8866 16 22,GIRLS SET (K),780,0
11229,RG8868 16 22,GIRLS SET (K),715,0
11230,RG8869 16 22,GIRLS SET,765,0
11231,RG8870 16 22,GIRLS SET,725,0
11232,RG8872 16 22,GIRLS SET (K),855,0
11233,RG8873 16 22,GIRLS SET (K),795,0
11234,RG8874 16 22,GIRLS SET (K),745,0
11235,RG8875 16 22,GIRLS SET (K),655,0
11236,RG8876 16 22,GIRLS SET (K),780,0
11237,RG8877 16 22,GIRLS SET (K),630,0
11238,RG8881 16 22,GIRLS SET (K),795,0
11239,RG8882 16 22,GIRLS SET (K),785,0
11240,RG8885 16 22,GIRLS SET (K),730,0
11241,RG8886 16 22,GIRLS SET (K),855,0
11242,RG8887 16 22,GIRLS SET (K),650,0
11243,RG8888 16 22,GIRLS SET (K),745,0
11244,RG8889 16 22,GIRLS SET (K),745,0
11245,RG8893 16 22,GIRLS SET (K),735,0
11246,RG8894 16 22,GIRLS SET (K),765,0
11247,RG8895 16 22,GIRLS SET (K),785,0
11248,RG8897 16 22,GIRLS SET (K),775,0
11249,RG8898 16 22,GIRLS SET (K),790,0
11250,RG8900 16 22,GIRLS SET (K),790,0
11251,RG8901 16 22,GIRLS SET (K),725,0
11252,RG8903 16 22,GIRLS SET (K),790,0
11253,RG8904 16 22,GIRLS SET (K),735,0
11254,RG8905 16 22,GIRLS SET (K),765,0
11255,RG8906 16 22,GIRLS SET (K),745,0
11256,RG8909 16 22,GIRLS SET (K),795,0
11257,RG8912 16 22,GIRLS SET (K),720,0
11258,RG8913 16 22,GIRLS SET (K),795,0
11259,RG8914 16 22,GIRLS SET (K),785,0
11260,RG8915 16 22,GIRLS SET (K),795,0
11261,RG8916 16 22,GIRLS SET (K),725,0
11262,RG8918 16 22,GIRLS SET (K),695,0
11263,RG8919 16 22,GIRLS SET (K),730,0
11264,RG8920 16 22,GIRLS SET (K),780,0
11265,RG8921 16 22,GIRLS SET (K),715,0
11266,RG8922 16 22,GIRLS SET (K),725,0
11267,RG8924 16 22,GIRLS SET (K),745,0
11268,RG8925 16 22,GIRLS SET (K),710,0
11269,RG8926 16 22,GIRLS SET (K),735,0
11270,RG8927 16 22,GIRLS SET (K),745,0
11271,RG8929 16 22,GIRLS SET (K),790,0
11272,RG8930 16 22,GIRLS SET (K),745,0
11273,RG8931 16 22,GIRLS SET (K),760,0
11274,RG8932 16 22,GIRLS SET (K),715,0
11275,RG8934 16 22,GIRLS SET (K),635,0
11276,RG8936 16 22,GIRLS SET (K),645,0
11277,RG8937 16 22,GIRLS SET (K),765,0
11278,RG8938 16 22,GIRLS SET (K),695,0
11279,RG8939 16 22,GIRLS SET (K),690,0
11280,RG8942 16 22,GIRLS SET (K),715,0
11281,RG8943 16 22,GIRLS SET (K),690,0
11282,RG8945 16 22,GIRLS SET (K),695,0
11283,RG8950 16 22,GIRLS SET (K),690,0
11284,RG8951 16 22,GIRLS SET (K),685,0
11285,RG8952 16 22,GIRLS SET (K),695,0
11286,RG8953 16 22,GIRLS SET (K),645,0
11287,RG8954 16 22,GIRLS SET (K),645,0
11288,RG8955 16 22,GIRLS SET (K),665,0
11289,RG8957 16 22,GIRLS SET (K),695,0
11290,RG8958 16 22,GIRLS SET (K),695,0
11291,RG8972 16 22,GIRLS SET (K),595,0
11292,RG8973 16 22,GIRLS SET (K),640,0
11293,RG8974 16 22,GIRLS SET (K),695,0
11294,RG8976 16 22,GIRLS SET (K),645,0
11295,RG8977 16 22,GIRLS SET (K),695,0
11296,RG8980 16 22,GIRLS SET (K),645,0
11297,RG8984 16 22,GIRLS SET (K),725,0
11298,RG8989 16 22,PLAZO TOP,626,0
11299,RG8991 16 22,GIRLS SET (K),595,0
11300,RG8992 16 22,GIRLS SET (K),645,0
11301,RG8993 16 22,GIRLS SET (K),645,0
11302,RG8994 16 22,GIRLS SET (K),715,0
11303,RG8995 16 22,GIRLS SET,615,4
11304,RG8996 16 22,GIRLS SET (K),665,0
11305,RG8998 16 22,MIDDY,625,0
11306,RG8999 16 22,GIRLS SET (K),745,0
11307,RG9011 16 22,MIDDY,696,0
11308,RG9012 16 22,FROCK,645,0
11309,RG9014 16 22,GIRLS SET (K),695,0
11310,RG9015 16 22,MIDDY,630,0
11311,RG9016 16 22,MIDDY,695,0
11312,RG9019 16 22,MIDDY,615,0
11313,RG9020 16 22,GIRLS SET (K),630,0
11314,RG9024 16 22,PLAZO TOP,715,0
11315,RG9025 16 22,MIDDY,690,0
11316,RG9026 16 22,MIDDY,725,0
11317,RG9027 16 22,GIRLS SET (K),545,0
11318,RG9029 16 22,MIDDY,670,0
11319,RG9032 16 22,GIRLS SET (K),545,0
11320,RG9034 16 22,MIDDY,585,0
11321,RG9035 16 22,PLAZO TOP,730,0
11322,RG9036 16 22,PLAZO TOP,775,0
11323,RG9037 16 22,MIDDY,645,0
11324,RG9038 16 22,MIDDY,745,0
11325,RG9039 16 22,MIDDY,770,0
11326,RG9040 16 22,PLAZO TOP,785,0
11327,RG9042 16 22,MIDDY,725,0
11328,RG9045 16 22,MIDDY,666,0
11329,RG9047 16 22,PLAZO TOP,785,0
11330,RG9049 16 22,MIDDY,645,0
11331,RG9050 16 22,MIDDY,695,0
11332,RG9052 16 22,MIDDY,640,0
11333,RG9053 16 22,GIRLS SET (K),695,0
11334,RG9054 16 22,MIDDY,675,0
11335,RG9055 16 22,PLAZO SET,622,0
11336,RG9056 16 22,MIDDY,660,0
11337,RG9058 16 22,MIDDY,641,0
11338,RG9059 16 22,MIDDY,616,0
11339,RG9060 16 22,MIDDY,696,0
11340,RG9061 16 22,MIDDY,696,0
11341,RG9062 16 22,MIDDY,696,0
11342,RG9063 16 22,MIDDY,646,0
11343,RG9064 16 22,MIDDY,646,0
11344,RG9065 16 22,MIDDY,665,0
11345,RG9066 16 22,MIDDY,645,0
11346,RG9067 16 22,MIDDY,630,0
11347,RG9068 16 22,MIDDY,625,0
11348,RG9069 16 22,MIDDY,645,0
11349,RG9070 16 22,PLAZO SET,615,0
11350,RG9071 16 22,FROCK,625,0
11351,RG9072 16 22,FROCK,670,0
11352,RG9073 16 22,FROCK,635,0
11353,RG9074 16 22,FROCK,645,0
11354,RG9075 16 22,FROCK,630,0
11355,RG9076 16 22,FROCK,590,0
11356,RG9077 16 22,FROCK,595,0
11357,RG9078 16 22,FROCK,695,0
11358,RG9080 16 22,PLAZO SET,710,0
11359,RG9081 16 22,MIDDY,645,0
11360,RG9082 16 22,MIDDY,685,0
11361,RG9083 16 22,MIDDY,715,0
11362,RG9084 16 22,MIDDY,695,0
11363,RG9085 16 22        [620419],MIDDY,735,0
11364,RG9086 16 22,MIDDY,695,0
11365,RG9087 16 22,MIDDY,640,0
11366,RG9088 16 22,PLAZO TOP,585,0
11367,RG9089 16 22,PLAZO TOP,645,0
11368,RG9090 16 22,MIDDY,685,0
11369,RG9091 16 22,MIDDY,615,0
11370,RG9092 16 22,MIDI SET,625,4
11371,RG9093 16 22,MIDDY,665,0
11372,RG9094 16 22,MIDDY,660,0
11373,RG9095 16 22,PANT TOP,665,12
11374,RG9096  16 22,PANT TOP,695,0
11375,RG9098 16 22,MIDDY,675,0
11376,RG9104  16 22        [620419],MIDDY,685,0
11377,RG9105  16 22           [620419],PLAZO TOP,615,0
11378,RG9106 16 22    [620419],MIDDY,640,0
11379,RG9108 16 22     [620419],MIDDY,645,0
11380,RG9109 16 22     [620419],MIDDY,620,0
11381,RG9110 16 22       [620419],PLAZO TOP,615,0
11382,RG9111 16 22     [620419],MIDDY,690,0
11383,RG9112 16 22      [620419],PLAZO TOP,590,0
11384,RG9113 16 22              [620419],MIDDY,520,0
11385,RG9114 16 22      [620419],PANT TOP,595,0
11386,RG9115 16 22   [620419],PLAZO TOP,720,0
11387,RG9117  16 22       [620419],PLAZO TOP,685,0
11388,RG9119 16 22,FROCK,590,0
11389,RG9121 16 22,GIRLS SET (A),735,0
11390,RG9125  16 22       [620419],PLAZO TOP,595,0
11391,RG9127 16 22,MIDDY,640,0
11392,RG9131 16 22,MIDDY,640,0
11393,RG9132 16 22,MIDDY,640,0
11394,RG9134 16 22,MIDDY,650,0
11395,RG9139 16 22,MIDDY,580,0
11396,RG9140 16 22,MIDI SET,570,0
11397,RG9143 16 22    [620419],MIDDY,630,0
11398,RG9144 16 22    [620419],General,645,0
11399,RG9145 16 22,MIDDY,665,0
11400,RG9146 16 22,MIDDY,595,0
11401,RG9147 16 22,MIDDY,680,0
11402,RG9148 16 22,PANT TOP,575,0
11403,RG9149 16 22,MIDDY,685,0
11404,RG9150 16 22,MIDDY,695,0
11405,RG9158  16 22   [620419],PANT TOP,685,0
11406,RG9161 16 22,FROCK,665,0
11407,RG9163   16  22      [620419],MIDDY,595,0
11408,RG9166 16 22,PLAZO TOP,765,0
11409,RG9168 16 22,PANT TOP,615,0
11410,RG9171 16 22,PANT TOP,640,0
11411,RG9174 16 22,MIDDY,620,0
11412,RG9177  16  22     [620419],MIDDY,640,0
11413,RG9178 16 22,MIDDY,640,0
11414,RG9180  16 22     [620419],MIDDY,670,0
11415,RG9181  16 22  [620419],MIDDY,735,0
11416,RG9187 16 22,PLAZO TOP,665,0
11417,RG9190 16 22,MIDDY,725,0
11418,RG9192 16 22,MIDDY,775,0
11419,RG9194 16 22,MIDDY,790,0
11420,RG9200 16 22,MIDDY,675,0
11421,RG9206 16 22,MIDDY,615,0
11422,RG9209 16  22    [620419],MIDDY,695,0
11423,RG9210 16 22,PANT TOP,685,0
11424,RG9218 16 22,MIDDY,765,0
11425,RG9220 16 22,MIDDY,845,0
11426,RG9222 16 22,MIDDY,685,0
11427,RG9224 16 22,MIDDY,665,0
11428,RG9226 16 22,MIDDY,640,0
11429,RG9229 16 22,MIDDY,735,0
11430,RG9230 16 22,MIDDY,695,0
11431,RG9233 16 22,MIDDY,640,0
11432,RG9240 16 22,MIDDY,795,0
11433,RG9241 16 22,MIDDY,645,0
11434,RG9242 16 22,MIDDY,735,0
11435,RG9243  16 22,PLAZO TOP,635,0
11436,RG9244  16 22,MIDDY,745,0
11437,RG9247 16 22,MIDDY,825,0
11438,RG9250 16 22,MIDDY,795,0
11439,RG9253 16 22,MIDDY,775,0
11440,RG9254 16 22,MIDDY,780,0
11441,RG9255 16 22,MIDDY,685,0
11442,RG9256 16 22,MIDDY,695,0
11443,RG9257 16 22,MIDDY,825,0
11444,RG9258 16 22,PANT TOP,760,0
11445,RG9260 16 22,MIDDY,730,0
11446,RG9261 16 22,MIDDY,680,0
11447,RG9262 16 22,MIDDY,660,0
11448,RG9264 16 22,MIDDY,740,0
11449,RG9265 16 22,COAT PAINT(k),725,0
11450,RG9266 16 22,MIDDY,690,0
11451,RG9267 16 22,MIDDY,695,0
11452,RG9268 16 22,PLAZO TOP,745,0
11453,RG9270 16 22,MIDDY,635,0
11454,RG9272 16 22,MIDDY,720,0
11455,RG9273 16 22,COAT PAINT(k),725,0
11456,RG9274 16 22,COAT PAINT(k),845,0
11457,RG9275 16 22,MIDDY,670,0
11458,RG9276 16 22,MIDDY,760,0
11459,RG9277 16 22,MIDDY,695,0
11460,RG9278 16 22,MIDDY,785,0
11461,RG9279 16 22,MIDDY,790,0
11462,RG9291 16 22,MIDDY,680,0
11463,RG9296 16 22,MIDDY,825,0
11464,RG9297 16 22,MIDDY,845,0
11465,RG9300 16 22,MIDDY,845,0
11466,RG9301 16 22,MIDDY,725,0
11467,RG9304 16 22,MIDDY,785,0
11468,RG9306 16 22,MIDDY,740,0
11469,RG9308 16 22,MIDDY,695,0
11470,RG9313 16 22,MIDDY,890,0
11471,RG9314 16 22,MIDDY,845,0
11472,RG9316 16 22,MIDDY,885,0
11473,RG9324 16 22,COAT PAINT(k),825,0
11474,RG9325 16 22,COAT PAINT(k),765,0
11475,RG9326 16 22,MIDI SET,790,0
11476,RG9327 16 22,COAT PAINT(k),755,0
11477,RG9328 16 22,MIDI SET,710,1
11478,RG9330 16 22,MIDDY,840,0
11479,RG9331 16 22,COAT PAINT(k),755,0
11480,RG9332 16 22,MIDDY,755,0
11481,RG9333 16 22,MIDDY,755,0
11482,RG9334 16 22,MIDDY,755,0
11483,RG9335 16 22,MIDDY,705,0
11484,RG9336 16 22,MIDDY,745,0
11485,RG9337 16 22,MIDI SET,695,0
11486,RG9338 16 22,MIDDY,845,0
11487,RG9339 16 22,MIDDY,745,0
11488,RG9340 16 22,COAT PAINT(k),785,0
11489,RG9341 16 22,GIRLS SET (K),695,0
11490,RG9342 16 22,MIDDY,745,0
11491,RG9343 16 22,PANT TOP,780,0
11492,RG9344 16 22,MIDDY,755,0
11493,RG9345 16 22,MIDDY,750,0
11494,RG9346 16 22,COAT PAINT(k),755,0
11495,RG9348 16 22,MIDDY,725,0
11496,RG9349 16 22,MIDDY,750,0
11497,RG9350 16 22,MIDI SET,745,4
11498,RG9351 16 22,COAT PAINT(k),745,0
11499,RG9352 16 22,COAT PAINT(k),780,0
11500,RG9353 16 22,MIDI SET,745,4
11501,RG9354 16 22,MIDDY,795,0
11502,RG9355 16 22,MIDI SET,745,0
11503,RG9358 16 22,COAT PAINT(k),795,0
11504,RG9360 16 22,MIDDY,785,0
11505,RG9362 16 22,COAT PAINT(k),845,0
11506,RG9364 16 22,COAT PAINT(k),865,0
11507,RG9365 16 22,COAT PAINT(k),780,0
11508,RG9367 16 22,COAT PAINT(k),785,0
11509,RG9377 16 22,PLAZO TOP,790,0
11510,RG9380 16 22,MIDDY,695,0
11511,RG9381 16 22,PLAZO TOP,845,0
11512,RG9383 16 22,COAT PAINT(k),780,0
11513,RG9384 16 22,PLAZO KOTI,725,0
11514,RG9396 16 22,PLAZO TOP,645,0
11515,RG9397 16 22,MIDDY,745,0
11516,RG9398 16 22,MIDDY,775,0
11517,RG9403 16 22,PLAZO KOTI,675,0
11518,RG9405 16 22,FROCK (A),645,0
11519,RG9406 16 22,MIDDY,695,0
11520,RG9407 16 22,COAT PAINT(k),675,0
11521,RG9408 16 22,COAT PAINT(k),785,0
11522,RG9409 16 22,MIDDY,640,0
11523,RG9411 16 22,PLAZO TOP,745,0
11524,RG9412 16 22,PANT TOP,720,0
11525,RG9413 16 22,PLAZO TOP,645,0
11526,RG9414 16 22,PANT TOP,775,0
11527,RG9417 16 22,PLAZO KOTI,775,0
11528,RG9419 16 22,PANT TOP,599,20
11529,RG9421 16 22,PLAZO KOTI,745,0
11530,RG9422 16 22,MIDDY,695,0
11531,RG9423 16 22,MIDDY,725,0
11532,RG9426 16 22,PLAZO TOP,715,0
11533,RG9434 16 22,PLAZO KOTI,765,0
11534,RG9435 16 22,PLAZO KOTI,740,0
11535,RG9440 16 22,PANT TOP,790,0
11536,RG9441 16 22,MIDDY KOTI,775,0
11537,RG9442 16 22,PLAZO TOP,695,0
11538,RG9443 16 22,PLAZO TOP,765,0
11539,RG9445 16 22,WESTERN DRESS,745,4
11540,RG9449 16 22,MIDDY,780,0
11541,RG9450 16 22,KOTI PAINT,750,0
11542,RG9451 16 22,PLAZO TOP,599,3
11543,RG9452 16 22,MIDDY,670,0
11544,RG9453 16 22,MIDI SET,675,12
11545,RG9459 16 22,MIDDY KOTI,720,0
11546,RG9460 16 22,PLAZO KOTI,680,0
11547,RG9462 16 22,PLAZO KOTI,730,0
11548,RG9464 16 22,MIDDY KOTI,690,0
11549,RG9465 16 22,PLAZO TOP,725,0
11550,RG9466 16 22,MIDI SET,745,12
11551,RG9467 16 22,MIDDY KOTI,670,0
11552,RG9468 16 22,PLAZO KOTI,880,0
11553,RG9487 16 22,MIDDY KOTI,685,0
11554,RG9488 16 22,PLAZO KOTI,745,0
11555,RG9490 16 22,MIDDY KOTI,740,0
11556,RG9492 16 22,PLAZO KOTI,715,0
11557,RG9493 16 22,MIDDY KOTI,675,0
11558,RG9495 16 22,PLAZO KOTI,815,0
11559,RG9496 16 22,PLAZO KOTI,745,0
11560,RG9497 16 22,MIDDY KOTI,695,0
11561,RG9498 16 22,COAT PAINT(k),810,0
11562,RG9499 16 22,MIDDY,720,0
11563,RG9500 16 22,MIDDY KOTI,699,8
11564,RG9502 16 22,PLAZO TOP,750,12
11565,RG9503 16 22,PLAZO KOTI,565,8
11566,RG9507 16 22,MIDDY KOTI,675,6
11567,RG9510 16 22,PLAZO KOTI,845,0
11568,RG9514 16 22,MIDDY KOTI,615,0
11569,RG9516 16 22,MIDDY KOTI,775,0
11570,RG9517 16 22,MIDDY KOTI,735,0
11571,RG9518 16 22,MIDDY KOTI,645,8
11572,RG9519 16 22,MIDDY KOTI,830,0
11573,RG9520 16 22,MIDDY KOTI,720,0
11574,RG9521 16 22,MIDDY KOTI,670,4
11575,RG9524 16 22,MIDDY KOTI,785,0
11576,RG9525 16 22,MIDDY KOTI,735,0
11577,RG9528 16 22,MIDDY,645,0
11578,RG9529 16 22,MIDDY KOTI,670,4
11579,RG9530 16 22,PANT TOP,775,0
11580,RG9532 16 22,MIDDY KOTI,735,0
11581,RG9534 16 22,MIDDY KOTI,695,0
11582,RG9535 16 22,MIDDY KOTI,695,0
11583,RG9536 16 22,MIDDY KOTI,790,0
11584,RG9537 16 22,PLAZO TOP,745,0
11585,RG9542 16 22,PLAZO TOP,645,0
11586,RG9543 16 22,CAPRI KOTI,720,0
11587,RG9544 16 22,PLAZO TOP,720,0
11588,RG9545 16 22,SKIRT KOTI,699,4
11589,RG9583 16 22,PLAZO KOTI,745,0
11590,RG9584 16 22,POCHO PLAZO,785,0
11591,RG9585 16 22,PLAZO TOP,740,0
11592,RG9588 16 22,PLAZO TOP,690,0
11593,RG9590 16 22,PLAZO KOTI,680,0
11594,RG9592 16 22,PLAZO TOP,695,0
11595,RG9594 16 22,PLAZO KOTI,745,8
11596,RG9595 16 22,PLAZO TOP,790,0
11597,RG9596 16 22,PLAZO KOTI,745,0
11598,RG9597 16 22,PLAZO KOTI,760,0
11599,RG9605 16 22,SKIRT KOTI,760,0
11600,RG9607 16 22,PLAZO KOTI,766,0
11601,RG9618 16 22,PLAZO TOP,765,8
11602,RG9629 16 22,PLAZO KOTI,760,12
11603,RG9633 16 22,MIDDY KOTI,699,0
11604,RG9644 16 22,PLAZO KOTI,699,0
11605,RG9646 16 22,KOTI PLAZO SET,750,24
11606,RG9647 16 22,KOTI PAINT,740,20
11607,RG9649 16 22,MIDDY,745,0
11608,RG9650 16 22,PLAZO TOP,715,8
11609,RG9653 16 22,POCHO PLAZO,720,0
11610,RG9655 16 22,KOTI PLAZO SET,690,0
11611,RG9657 16 22,KOTI PAINT,760,12
11612,RG9658 16 22,PLAZO TOP,690,0
11613,RG9660 16 22,PANT TOP,750,8
11614,RG9661 16 22,COAT PAINT(k),815,0
11615,RG9664 16 22,PANT TOP,765,8
11616,RG9665 16 22,MIDDY,745,8
11617,RG9666 16 22,MIDDY KOTI,766,0
11618,RG9669 16 22,PLAZO KOTI,850,0
11619,RG9670 16 22,MIDDY KOTI,766,12
11620,RG9674 16 22,PLAZO KOTI,865,8
11621,RG9676 16 22,COAT PAINT(k),799,12
11622,RG9678 16 22,MIDDY,695,8
11623,RG9679 16 22,PLAZO KOTI,790,16
11624,RG9681 16 22,PLAZO TOP,720,24
11625,RG9684 16 22,PLAZO TOP,760,4
11626,RG9685 16 22,COAT PAINT(k),865,0
11627,RG9686 16 22,MIDDY,740,4
11628,RG9688 16 22,MIDDY KOTI,750,4
11629,RG9694 16 22,MIDDY KOTI,855,32
11630,RG9698 16 22,PLAZO TOP,690,24
11631,RG9699 16 22,PLAZO TOP,810,20
11632,RG9700 16 22,PLAZO KOTI,765,20
11633,RG9701 16 22,PLAZO KOTI,799,16
11634,RH1090 16 26,GIRLS SET (K),638,0
11635,RH1111 30 40,GIRLS SET (K),1243,0
11636,RH1473 24 34,GIRLS SET (K),795,0
11637,RH1490 28 38,GIRLS SET (A),1301,0
11638,RH2600 30 40,GIRLS SET,990,6
11639,RH2677 28 38,GIRLS SET (K),715,0
11640,RH2743 24 34,GIRLS SET (K),715,0
11641,RH2755 30 40,GIRLS SET (K),1195,0
11642,RH2870 30 40,GIRLS SET,1130,6
11643,RH2876 30 40,GIRLS SET,1225,0
11644,RH2895 30 40,GIRLS SET,1135,0
11645,RI2006 16 26,GIRLS SET (A),750,0
11646,RI2046 16 26,GIRLS SET (A),785,0
11647,RI2074 16 26,GIRLS SET (A),580,0
11648,RI3382 20 30,GIRLS SET (A),920,0
11649,RI3384 20 30,GIRLS SET (A),1200,0
11650,RK040 20 30,LAHANGA,1199,6
11651,RK041 20 30,LAHANGA,1179,0
11652,RK078 20 30,LAHANGA,1149,6
11653,RK089 20 30,LAHANGA,1159,12
11654,RK090 20 30,LAHANGA,1169,0
11655,RK092 20 30,LAHANGA,1149,0
11656,RK093 20 30,LAHANGA,1149,0
11657,RK094 20 30,LAHANGA,1159,0
11658,RK099 20 30,LAHANGA,1149,0
11659,RP1875(BARBIE GOLD) 16 26,GIRLS SET (A),810,0
11660,RPK019 M-XXL,PLAZO SUIT (LADIES),1375,4
11661,RPK020 M-XXL,LADIES SUIT (L),1375,0
11662,RPK021 M-XXL,CORD SET (L),1135,12
11663,RPK022 M-XXL,CORD SET (L),1195,12
11664,RRR(LI) 12 14,FROCK,485,4
11665,RRR(LI) 22 32,FROCK (A),1160,0
11666,RRR(LI) 34 40,FROCK (A),1415,0
11667,RRR(LI) 42 46,FROCK (A),1795,0
11668,RT1285 20 26,GIRLS SET (K),865,0
11669,RT1285 20 30,GIRLS SET (K),0,0
11670,RT1335 20 30,GIRLS SET (K),785,0
11671,RT1350 16 26,GIRLS SET (K),709,0
11672,RT1364 16 26,GIRLS SET (K),715,0
11673,RT1391 20 26,LAHANGA CHOLI,920,0
11674,RT1401 16 26,GIRLS SET (K),765,0
11675,RT1404 16 26,GIRLS SET (K),715,0
11676,RT1406 20 30,GIRLS SET (K),860,0
11677,RT1407 20 30,GIRLS SET (K),785,0
11678,RT1416 16 26,GIRLS SET (K),760,0
11679,RT1422 16 26,GIRLS SET (K),678,0
11680,RT1424 20 26,GIRLS SET (K),811,0
11681,RT1425 20 26,GIRLS SET (K),780,0
11682,RT1426 16 26,GIRLS SET (K),689,0
11683,RT1430 16 26,GIRLS SET (K),811,0
11684,RT1431 20 26,GIRLS SET (K),801,0
11685,RT1432 20 26,GIRLS SET (K),770,0
11686,RT1433 16 26,GIRLS SET (K),709,0
11687,RT1461 16 26,GIRLS SET (K),745,0
11688,RT1465 16 26,GIRLS SET (K),705,0
11689,RT1469 16 26,AFGANI SET,720,0
11690,RT1471 16 26,GIRLS SET (K),785,0
11691,RT1472 20 26,GIRLS SET (K),805,0
11692,RT1483 16 26,GIRLS SET (K),745,0
11693,RT1486 20 30,GIRLS SET (K),890,0
11694,RT1487 16 26,GIRLS SET (K),735,0
11695,RT1489 20 30,GIRLS SET (K),945,0
11696,RT1491 16 26,GIRLS SET (K),715,0
11697,RT1494 16 26,GIRLS SET (K),745,0
11698,RT1496 16 26,GIRLS SET (K),715,0
11699,RT1497 16 26,GIRLS SET (K),745,0
11700,RT1499 16 26,GIRLS SET (K),695,0
11701,RT1515 20 26,GIRLS SET (K),785,0
11702,RT1516 20 30,GIRLS SET (K),805,0
11703,RT1517 20 26,GIRLS SET (K),785,0
11704,RT1518 16 26,GIRLS SET (K),755,0
11705,RT1519 16 26,GIRLS SET (K),735,0
11706,RT1520 16 26,GIRLS SET (K),705,0
11707,RT1521 20 30,GIRLS SET (K),605,0
11708,RT1523 20 30,GIRLS SET (K),605,0
11709,RT1526 16 26    [620439],PLAZO SET,695,0
11710,RT1528 16 26,GIRLS SET (K),705,0
11711,RT1529 16 26,GIRLS SET (K),705,0
11712,RT1531 16 26,GIRLS SET (K),705,0
11713,RT1536 16 26,FROCK,565,0
11714,RT1538 16 26,FROCK,615,0
11715,RT1544 16 26     [620439],PLAZO SET,710,0
11716,RT1546 16 26,GIRLS SET (K),780,0
11717,RT1554 18 28 [620439],PLAZO SET,730,0
11718,RT1555  16 26     [620439],PLAZO SET,745,0
11719,RT1556  16  26      [620439],AFGANI SET,699,0
11720,RT1568  16  26    [620439],AFGANI SET,685,0
11721,RT1569 16 26,SHRUG SET,520,0
11722,RT1571  20  30      [620439],AFGANI SET,745,0
11723,RT1573  16  26      [620439],AFGANI SET,710,0
11724,RT1574 16 26   [620439],PLAZO (PANT),730,0
11725,RT1575  16  26      [620439],AFGANI SET,699,0
11726,RT1576 16 26   [620439],PATIYALA,730,0
11727,RT1578 16 26   [620439],PLAZO (PANT),730,0
11728,RT1580 16 26    [620439],PATIYALA,730,0
11729,RT1581 16  26     [620439],PATIYALA,720,0
11730,RT1582 16 26    [620439],PATIYALA,720,0
11731,RT1583 16 22,FROCK (A),510,7
11732,RT1585 16 26,DHOTI SET,760,0
11733,RT1586  16  26      [620439],AFGANI SET,720,0
11734,RT1588 16 26,GIRLS SET (K),720,0
11735,RT1591 16 26,AFGANI SET,780,0
11736,RT1595  16  26      [620439],AFGANI SET,720,0
11737,RT1597 16 26,CORD SET,490,0
11738,RT1598 16 26,CORD SET,490,0
11739,RT1599  16  26      [620439],AFGANI SET,730,0
11740,RT1600 16 26,PLAZO SET,490,0
11741,RT1602  16  26      [620439],AFGANI SET,699,0
11742,RT1603  20 30      [620439],PATIYALA,780,0
11743,RT1604  16 26      [620439],PATIYALA,730,0
11744,RT1605 16 26,GIRLS SET (K),730,0
11745,RT1608 16 26,AFGANI SET,720,0
11746,RT1609  16 26      [620439],PATIYALA,750,1
11747,RT1610  16  26      [620439],PATIYALA,745,0
11748,RT1611  16  26      [620439],PATIYALA,730,0
11749,RT1612 16 26,PATIYALA,815,0
11750,RT1616  16 26      [620439],PATIYALA,710,0
11751,RT1619 16 26,AFGANI SET,730,0
11752,RT1620  16  26      [620439],PATIYALA,765,0
11753,RT1622  16  26      [620439],PATIYALA,710,0
11754,RT1633 16 26,AFGANI SET,730,0
11755,RT1634 16 26,AFGANI SET,760,0
11756,RT1636 16 26,AFGANI SET,720,0
11757,RT1637 16 26,AFGANI SET,760,0
11758,RT1638 16 26,PATIYALA,825,0
11759,RT1640 16 26,PLAZO SET,760,0
11760,RT1644 16 26,AFGANI SET,720,0
11761,RT1645 16 26,AFGANI SET,760,0
11762,RT1646 16 26,DHOTI SET,745,0
11763,RT1656 16 26,DHOTI SET,760,0
11764,RT1660 16 26,DHOTI SET,790,0
11765,RT1662 16 26,DHOTI SET,770,0
11766,RT1663 16 26,GIRLS SET (K),770,0
11767,RT1670 16 26,LAHANGA CHOLI,885,0
11768,RT1672 16 26,DHOTI SET,855,0
11769,RT1677 16 26,PLAZO SET,780,0
11770,RT1678 16 26,CROP TOP,885,0
11771,RT1679 16 26,SHARARA,835,0
11772,RT1681 16 26,PATIYALA,780,0
11773,RT1682 16 26,PATIYALA,830,0
11774,RT1684 16 26,PLAZO SET,835,0
11775,RT1687 16 26,PLAZO SET,805,0
11776,RT1693 16 26,SHARARA,815,0
11777,RT1704 16 26,GIRLS SET (K),825,0
11778,RT1706 16 26,FARSI,825,0
11779,RT1707 16 26,PATIYALA,895,0
11780,RT1709 16 26,PLAZO SET,825,0
11781,RT1710 16 26,FARSI,835,0
11782,RT1715 16 26,AFGANI SET,825,0
11783,RT1716 16 26,AFGANI SET,805,0
11784,RT1723 16 26,PATIYALA,815,0
11785,RT1725 16 26,FARSI,895,0
11786,RT1728 16 26,SHARARA,835,0
11787,RT1730 16 26,PATIYALA,835,0
11788,RT1732 16 26,FARSI,865,0
11789,RT1733 20 30,PANT SUIT,1045,0
11790,RT1739 16 26,FARSI,855,0
11791,RT1741 16 26,PLAZO SET,875,0
11792,RT1743 16 26,FARSI,855,0
11793,RT1748 16 26,FARSI,940,0
11794,RT1751 16 26,PLAZO SET,875,0
11795,RT1752 16 26,PATIYALA,940,0
11796,RT1753 16 26,FARSI,805,0
11797,RT1755 16 26,PATIYALA,890,0
11798,RT1756 16 26,PATIYALA,835,0
11799,RT1757 16 26,PATIYALA,835,0
11800,RT1758 16 26,PATIYALA,895,0
11801,RT1759 16 26,GIRLS SET (K),885,0
11802,RT1761 16 26,PATIYALA,795,0
11803,RT1765 16 26,PATIYALA,805,0
11804,RT1766 16 26,PATIYALA,760,0
11805,RT1769A 16 26,PATIYALA,785,0
11806,RT1770 16 26,PATIYALA,835,0
11807,RT1775 16 26,LAHANGA CHOLI,920,0
11808,RT1777 16 26,PATIYALA,835,0
11809,RT1778 16 26,PATIYALA,780,0
11810,RT1778A 16 26,PATIYALA,795,0
11811,RT1782 16 26,PLAZO SET,825,0
11812,RT1784 16 26,GIRLS SET (K),790,0
11813,RT1785 16 26,PLAZO SET,895,0
11814,RT1786 16 26,PLAZO SET,970,0
11815,RT1787 16 26,PLAZO SET,835,0
11816,RT1790 16 26,PLAZO SET,770,0
11817,RT1792 16 26,PLAZO SET,795,0
11818,RT1794 16 26,PLAZO SET,795,0
11819,RT1799 16 26,PLAZO SET,835,0
11820,RT1800 16 26,PLAZO SET,785,0
11821,RT1801 16 26,PLAZO SET,760,0
11822,RT1802 16 26,GIRLS SET (K),730,0
11823,RT1804 16 26,GIRLS SET (K),770,0
11824,RT1805 16 26,GIRLS SET (K),750,0
11825,RT1807 16 26,PLAZO SET,825,6
11826,RT1810 16 26,LAHANGA CHOLI,910,0
11827,RT1811 16 26,LAHANGA CHOLI,940,0
11828,RT1813 16 26,LAHANGA CHOLI,940,0
11829,RT1819 16 26,LAHANGA,930,0
11830,RT1820 16 26,PLAZO SET,835,0
11831,RT1821 16 26,PLAZO SET,835,0
11832,RT1823 16 26,LAHANGA CHOLI,940,0
11833,RT1824 16 26,PATIYALA,855,0
11834,RT1826 16 26,AFGANI SET,790,6
11835,RT1827 16 26,PLAZO SET,825,0
11836,RT1828 16 26,PATIYALA,785,24
11837,RT1830 16 26,PLAZO SET,835,0
11838,RT1833 16 26,AFGANI SET,815,0
11839,RT1835 16 26,GIRLS SET,815,0
11840,RT1836 16 26,GIRLS SET,835,0
11841,RT1839 16 26,DHOTI SET,730,0
11842,RT1841 16 26,GIRLS SET,910,0
11843,RT1843 16 26,PLAZO SET,835,0
11844,RT1844 16 26,KURTA SHARARA,825,6
11845,RT1846 16 26,GIRLS SET,805,0
11846,RT1848 16 26,KURTA SHARARA,825,6
11847,RT1849 16 26,GIRLS SET,825,0
11848,RT1850 16 26,PATIYALA,885,0
11849,RT1852 16 26,PLAZO SET,805,0
11850,RT1854 16 26,LAHANGA,825,0
11851,RT1858 16 26,GIRLS SET,815,18
11852,RT1859 16 26,GIRLS SET,835,0
11853,RT1861 16 26,GIRLS SET,835,12
11854,RT1865 16 26,PLAZO SET,799,0
11855,RT1867A 16 26,PLAZO KURTI,790,-6
11856,RT1867B 16 26,PLAZO KURTI,830,6
11857,RT1868 16 26,AFGANI DHOTI,810,0
11858,RT1875 16 26,AFGANI DHOTI,750,0
11859,RT1878 16 26,PLAZO SET,799,0
11860,RT1882 16 26,PLAZO SET,799,24
11861,RT1883 16 26,DHOTI SET,815,36
11862,RT1890 16 26,PLAZO SET,840,18
11863,RT264 16 22,GIRLS SET (K),625,0
11864,RT342 16 22,GIRLS SET (K),625,0
11865,RT397 24 34,GIRLS SET (K),605,0
11866,RT398 24 34,GIRLS SET (K),605,0
11867,RT399 16 22,GIRLS SET (K),615,0
11868,RT403 16 22,GIRLS SET (K),615,0
11869,RT405 16 22,GIRLS SET (K),665,0
11870,RT417 16 22,FROCK,665,0
11871,RT424 16 22,FROCK,666,4
11872,RT425 16 22,FROCK,666,8
11873,RT426 16 22,FROCK,540,8
11874,RT427 16 22,FROCK,605,4
11875,RT786 20 30,GIRLS SET (K),780,0
11876,RT819 20 26,GIRLS SET (K),650,0
11877,RT858 20 26,GIRLS SET (K),710,0
11878,RU2014 16 26,GIRLS SET (A),850,0
11879,RU2025 16 26,GIRLS SET (K),795,0
11880,RU2040 16 26,GIRLS SET (K),795,0
11881,RU267 16 26,GIRLS SET (A),795,0
11882,RU328 16 26,GIRLS SET (K),870,0
11883,RU339 16 26,GIRLS SET (A),905,0
11884,RU341 16 26,GIRLS SET (A),840,0
11885,RU539 16 26,GIRLS SET (A),800,0
11886,RW1092 20 26,GIRLS SET (K),1131,0
11887,RW2466 20 26,GIRLS SET (K),1331,0
11888,RW470 28 38,LAHANGA,1379,6
11889,RW471 28 38,LAHANGA,1349,12
11890,RW472 28 38,LAHANGA,1359,0
11891,RW475 28 38,LEHANGA CHOLI,1899,6
11892,RW486 28 38,GIRLS SET (K),1531,0
11893,RW491 28 38,GIRLS SET,1331,6
11894,RW497 28 38,GIRLS SET (K),1351,0
11895,RW506 28 38,GIRLS SET (K),1451,0
11896,RW507 28 38,GIRLS SET (K),1699,6
11897,RW515 28 38,GIRLS SET,1601,12
11898,RW518 28 38,GIRLS SET (K),1451,0
11899,RW519 28 38,LEHANGA CHOLI,1729,0
11900,RW521 28 38,LAHANGA,1849,6
11901,RW523 28 38,LAHANGA,1499,0
11902,RW533 28 38,LEHANGA CHOLI,1699,0
11903,RW534 28 38,LAHANGA,1449,0
11904,RW595 28 38,LAHANGA,1630,6
11905,RW602 28 38,LAHANGA,1385,-6
11906,RW603 28 38,LAHANGA,1385,6
11907,RW604 28 38,LAHANGA,1365,0
11908,RW611  28 38,LEHANGA CHOLI,1680,0
11909,RW623 28 38,LEHANGA CHOLI,1429,0
11910,RW626 28 38,LEHANGA CHOLI,1399,0
11911,RW648 28 38,LEHANGA CHOLI,1299,0
11912,RW664 28 38,LEHANGA CHOLI,1249,0
11913,RW670 28 38,LEHANGA CHOLI,1331,0
11914,RW677 28 38,LEHANGA CHOLI,1299,0
11915,RW680 28 38,LEHANGA CHOLI,1331,0
11916,RW713 28 38,CROP TOP,1399,0
11917,RW725 28 38,LEHANGA CHOLI,1331,0
11918,S055 10 18,BOYS SHIRTS,340,0
11919,S056 10 18,BOYS SHIRTS,340,10
11920,S057 10 18,BOYS SHIRTS,380,0
11921,S060 10 18,BOYS SHIRTS,350,0
11922,S061 10 18,BOYS SHIRTS,350,8
11923,S063 10 18,BOYS SHIRTS,350,5
11924,S1(MB) 12 14      [620443],FROCK(L),505,0
11925,S10 6 16,BOYS SHIRTS,470,12
11926,S1025 6 16,BOYS SHIRTS,540,-1
11927,S1034 6 16,BOYS SHIRTS,390,-1
11928,S1048 6 16,BOYS SHIRTS,520,12
11929,S1059 6 16,BOYS SHIRTS,350,81
11930,S1066 6 16,BOYS SHIRTS,410,0
11931,S1074 6 16,BOYS SHIRTS,335,-4
11932,S1077 6 16,BOYS SHIRTS,370,12
11933,S14 (MB) 12 14      [620443],FROCK (A),465,0
11934,S15 (MB) 12 14      [620443],FROCK (A),465,0
11935,S1530 22 26,GIRLS NIGHT SUIT,190,0
11936,S1535 34 38,GIRLS NIGHT SUIT,240,0
11937,S1541 28 32,GIRLS NIGHT SUIT,230,0
11938,S1566 34 38,GIRLS NIGHT SUIT,250,0
11939,S1576 34 38,GIRLS NIGHT SUIT,250,0
11940,S1577 34 38,GIRLS NIGHT SUIT,250,0
11941,S1578 34 38,GIRLS NIGHT SUIT,250,0
11942,S1579 16 20,GIRLS SET (K),315,18
11943,S1593 34 38,GIRLS NIGHT SUIT,250,0
11944,S1594 34 38,GIRLS NIGHT SUIT,250,0
11945,S1595 28 32,GIRLS NIGHT SUIT,395,0
11946,S1600 16 20,GIRLS SET (K),375,12
11947,S1605 34 38,GIRLS NIGHT SUIT,300,0
11948,S17 (MB)  12 14      [620443],GIRLS SET (A),455,0
11949,S17 6 16,BOYS SHIRTS,420,0
11950,S18 6 16,BOYS SHIRTS,415,12
11951,S2 (MB) 12 14    [620443],FROCK(L),450,0
11952,S2001 32 36,BOYS SHIRTS,290,0
11953,S2002 32 36,BOYS SHIRTS,345,0
11954,S2003 26 30,BOYS SHIRTS,335,0
11955,S2003 32 36,BOYS SHIRTS,345,0
11956,S2004 32 36,BOYS SHIRTS,345,0
11957,S2005 26 30,BOYS SHIRTS,335,0
11958,S2005 32 36,BOYS SHIRTS,345,0
11959,S2006 32 36,BOYS SHIRTS,275,18
11960,S2007 32 36,BOYS SHIRTS,275,-18
11961,S2008 32 36,BOYS SHIRTS,390,0
11962,S2009 32 36,BOYS SHIRTS,345,0
11963,S2010 32 36,BOYS SHIRTS,345,0
11964,S2011 26 30,BOYS SHIRTS,335,0
11965,S2011 32 36,BOYS SHIRTS,345,0
11966,S2012 26 30,BOYS SHIRTS,335,0
11967,S2012 32 36,BOYS SHIRTS,345,0
11968,S2013 26 30,BOYS SHIRTS,275,0
11969,S2013 32 36,BOYS SHIRTS,285,0
11970,S2014 26 30,BOYS SHIRTS,275,0
11971,S2014 32 36,BOYS SHIRTS,285,0
11972,S21 (MB)  12 14      [620443],FROCK (A),455,0
11973,S23 (MB) 12 14    [620443],FROCK (A),480,0
11974,S2364 32 36,BOYS SHIRTS,205,0
11975,S2371 20 24,BOYS SHIRTS,185,0
11976,S24 (MB) 12 14    [620443],FROCK (A),480,0
11977,S2400 22 26,BOYS SHIRTS,0,0
11978,S2407/805 20 30,GIRLS SET (K),940,6
11979,S2452 26 30,BOYS SHIRTS,220,0
11980,S2465 26 30,BOYS SHIRTS,225,0
11981,S2479 26 30,BOYS SHIRTS,220,0
11982,S2486 32 36,BOYS SHIRTS,255,0
11983,S2488 26 30,BOYS SHIRTS,225,0
11984,S2509 32 36,BOYS SHIRTS,275,0
11985,S2528 26 30,BOYS SHIRTS,225,0
11986,S2528 32 36,BOYS SHIRTS,235,0
11987,S2535 26 30,BOYS SHIRTS,235,0
11988,S2544 26 30,BOYS SHIRTS,170,0
11989,S2569 32 36,BOYS SHIRTS,285,0
11990,S2577 20 24,BOYS SHIRTS,325,0
11991,S2577 26 30,BOYS SHIRTS,335,0
11992,S2577 32 36,BOYS SHIRTS,345,0
11993,S2582 32 36,BOYS SHIRTS,235,0
11994,S2599 26 30,BOYS SHIRTS,255,0
11995,S2599 32 36,BOYS SHIRTS,265,0
11996,S2623 20 24,BOYS SHIRTS,325,0
11997,S2623 32 36,BOYS SHIRTS,345,0
11998,S2651 20 24,BOYS SHIRTS,335,15
11999,S2651 26 30,BOYS SHIRTS,345,18
12000,S2651 32 36,BOYS SHIRTS,355,18
12001,S2660 20 24,BOYS SHIRTS,325,0
12002,S2685 20 24,BOYS SHIRTS,285,0
12003,S2685 26 30,BOYS SHIRTS,295,0
12004,S2685 32 36,BOYS SHIRTS,305,0
12005,S2687 20 24,BOYS SHIRTS,235,9
12006,S2687 26 30,BOYS SHIRTS,245,0
12007,S2687 32 36,BOYS SHIRTS,255,3
12008,S2692 32 36,BOYS SHIRTS,355,0
12009,S2694 20 24,BOYS SHIRTS,325,0
12010,S2694 26 30,BOYS SHIRTS,335,0
12011,S2694 32 36,BOYS SHIRTS,345,0
12012,S2726 32 36,BOYS SHIRTS,335,0
12013,S2736 26 30,T SHIRTS,325,0
12014,S2736 32 36,T SHIRTS,335,0
12015,S2739 26 30,BOYS SHIRTS,295,0
12016,S2739 32 36,BOYS SHIRTS,305,0
12017,S2743 32 36,BOYS SHIRTS,325,0
12018,S2761 26 30,BOYS SHIRTS,270,0
12019,S2761 32 36,BOYS SHIRTS,280,0
12020,S2799 26 30,T SHIRTS,185,0
12021,S2799 32 36,T SHIRTS,195,0
12022,S2821 20 24,BOYS SHIRTS,275,0
12023,S2839 20 24,BOYS SHIRTS,265,0
12024,S2841 26 30,BOYS SHIRTS,345,0
12025,S2841 32 36,BOYS SHIRTS,355,0
12026,S2846 26 30,BOYS SHIRTS,285,0
12027,S2846 32 36,BOYS SHIRTS,295,0
12028,S2848 32 36,BOYS SHIRTS,295,0
12029,S2913 26 30,BOYS SHIRTS,315,0
12030,S2913 32 36,BOYS SHIRTS,325,0
12031,S2916 26 30,BOYS SHIRTS,275,9
12032,S2916 32 36,BOYS SHIRTS,285,9
12033,S2997 20 24,KURTA,195,0
12034,S2998 32 36,KURTA,215,0
12035,S3 (MB) 12 14     [620443],FROCK(L),450,0
12036,S3038 26 30,BOYS SHIRTS,315,15
12037,S3038 32 36,BOYS SHIRTS,325,15
12038,S3076 32 36,BOYS SHIRTS,325,9
12039,S3102 34 38,GIRLS SET,870,0
12040,S3134 26 30,BOYS SHIRTS,325,0
12041,S3134 32 36,BOYS SHIRTS,335,0
12042,S3135 26 30,BOYS SHIRTS,315,21
12043,S3135 32 36,BOYS SHIRTS,325,18
12044,S3161 26 30,BOYS SHIRTS,295,24
12045,S3161 32 36,BOYS SHIRTS,305,24
12046,S3212 26 30,BOYS SHIRTS,275,6
12047,S3212 32 36,BOYS SHIRTS,285,3
12048,S3213 20 24,BOYS SHIRTS,265,9
12049,S3213 26 30,BOYS SHIRTS,275,6
12050,S3213 32 36,BOYS SHIRTS,285,6
12051,S3229 20 24,BOYS SHIRTS,305,3
12052,S3229 26 30,BOYS SHIRTS,315,3
12053,S3229 32 36,BOYS SHIRTS,325,3
12054,S3235 20 24,BOYS SHIRTS,275,0
12055,S3235 26 30,BOYS SHIRTS,285,0
12056,S3235 32 36,BOYS SHIRTS,295,0
12057,S3237 20 24,BOYS SHIRTS,275,9
12058,S3237 26 30,BOYS SHIRTS,285,9
12059,S3237 32 36,BOYS SHIRTS,295,6
12060,S3278 32 36,BOYS SHIRTS,275,12
12061,S3288 32 36,BOYS SHIRTS,295,0
12062,S3318 32 36,BOYS SHIRTS,325,0
12063,S3319 20 24,BOYS SHIRTS,305,6
12064,S3319 26 30,BOYS SHIRTS,315,3
12065,S3319 32 36,BOYS SHIRTS,325,0
12066,S3320 20 24,BOYS SHIRTS,305,6
12067,S3320 26 30,BOYS SHIRTS,315,6
12068,S3320 32 36,BOYS SHIRTS,325,0
12069,S3331 20 24,BOYS SHIRTS,275,0
12070,S3331 26 30,BOYS SHIRTS,285,0
12071,S3331 32 36,BOYS SHIRTS,295,0
12072,S3335 20 24,BOYS SHIRTS,275,0
12073,S3335 26 30,BOYS SHIRTS,285,0
12074,S3335 32 36,BOYS SHIRTS,295,0
12075,S3338 20 24,BOYS SHIRTS,265,3
12076,S3338 26 30,BOYS SHIRTS,275,9
12077,S3338 32 36,BOYS SHIRTS,285,15
12078,S3340 20 24,BOYS SHIRTS,280,3
12079,S3340 26 30,BOYS SHIRTS,290,0
12080,S3340 32 36,BOYS SHIRTS,300,0
12081,S3342 20 24,BOYS SHIRTS,280,0
12082,S3342 26 30,BOYS SHIRTS,290,0
12083,S3342 32 36,BOYS SHIRTS,300,3
12084,S3353 26 30,BOYS SHIRTS,275,7
12085,S3353 32 36,BOYS SHIRTS,285,12
12086,S3358 20 24,BOYS SHIRTS,255,12
12087,S3358 26 30,BOYS SHIRTS,265,0
12088,S3358 32 36,BOYS SHIRTS,275,0
12089,S3377 20 24,BOYS SHIRTS,275,18
12090,S3377 26 30,BOYS SHIRTS,285,15
12091,S3377 32 36,BOYS SHIRTS,295,6
12092,S3378 26 30,BOYS SHIRTS,275,27
12093,S3378 32 36,BOYS SHIRTS,285,30
12094,S3397 26 30,BOYS SHIRTS,285,9
12095,S3397 32 36,BOYS SHIRTS,295,9
12096,S3398 26 30,BOYS SHIRTS,285,9
12097,S3398 32 36,BOYS SHIRTS,295,9
12098,S3401 32 36,BOYS SHIRTS,315,0
12099,S3402 32 36,BOYS SHIRTS,315,3
12100,S3453 26 30,BOYS SHIRTS,315,0
12101,S3453 32 36,BOYS SHIRTS,325,0
12102,S3468 26 30,BOYS SHIRTS,255,12
12103,S3468 32 36,BOYS SHIRTS,265,9
12104,S3529 26 30,BOYS SHIRTS,245,18
12105,S3529 32 36,BOYS SHIRTS,255,18
12106,S3559 26 30,BOYS SHIRTS,265,6
12107,S3559 32 36,BOYS SHIRTS,275,3
12108,S3570 20 24,BOYS SHIRTS,265,6
12109,S3570 26 30,BOYS SHIRTS,275,18
12110,S3570 32 36,BOYS SHIRTS,285,12
12111,S3571 20 24,BOYS SHIRTS,265,9
12112,S3571 26 30,BOYS SHIRTS,275,18
12113,S3571 32 36,BOYS SHIRTS,285,15
12114,S3572 20 24,BOYS SHIRTS,265,0
12115,S3572 26 30,BOYS SHIRTS,275,12
12116,S3572 32 36,BOYS SHIRTS,285,6
12117,S3578 26 30,BOYS SHIRTS,265,12
12118,S3578 32 36,BOYS SHIRTS,275,9
12119,S3580 26 30,BOYS SHIRTS,265,6
12120,S3580 32 36,BOYS SHIRTS,275,3
12121,S3581 26 30,BOYS SHIRTS,265,12
12122,S3581 32 36,BOYS SHIRTS,275,8
12123,S3586 26 30,BOYS SHIRTS,285,18
12124,S3586 32 36,BOYS SHIRTS,295,18
12125,S3588 26 30,BOYS SHIRTS,285,18
12126,S3588 32 36,BOYS SHIRTS,295,18
12127,S3597 20 24,BOYS SHIRTS,275,3
12128,S3597 26 30,BOYS SHIRTS,285,-3
12129,S3597 32 36,BOYS SHIRTS,295,-6
12130,S3598 20 24,BOYS SHIRTS,275,6
12131,S3598 26 30,BOYS SHIRTS,285,-6
12132,S3598 32 36,BOYS SHIRTS,295,-3
12133,S3600 20 24,BOYS SHIRTS,275,0
12134,S3600 26 30,BOYS SHIRTS,285,6
12135,S3600 32 36,BOYS SHIRTS,295,0
12136,S3603 26 30,BOYS SHIRTS,285,3
12137,S3603 32 36,BOYS SHIRTS,295,3
12138,S3608 26 30,BOYS SHIRTS,315,3
12139,S3608 32 36,BOYS SHIRTS,325,3
12140,S3610 26 30,BOYS SHIRTS,295,9
12141,S3610 32 36,BOYS SHIRTS,305,9
12142,S3612 26 30,BOYS SHIRTS,295,5
12143,S3612 32 36,BOYS SHIRTS,305,3
12144,S3619 26 30,BOYS SHIRTS,285,12
12145,S3619 32 36,BOYS SHIRTS,295,6
12146,S3620 26 30,BOYS SHIRTS,285,12
12147,S3620 32 36,BOYS SHIRTS,295,9
12148,S3624 26 30,BOYS SHIRTS,295,9
12149,S3624 32 36,BOYS SHIRTS,305,9
12150,S3636 26 30,BOYS SHIRTS,285,9
12151,S3636 32 36,BOYS SHIRTS,295,9
12152,S3691 26 30,BOYS SHIRTS,285,18
12153,S3691 32 36,BOYS SHIRTS,295,18
12154,S3701 26 30,BOYS SHIRTS,295,18
12155,S3701 32 36,BOYS SHIRTS,305,18
12156,S39 6 16,BOYS SHIRTS,420,5
12157,S4084 20 30,GIRLS SET (K),1130,6
12158,S4141 20 24,BOYS SHIRTS,290,6
12159,S4141 26 30,BOYS SHIRTS,300,3
12160,S4141 32 36,BOYS SHIRTS,310,0
12161,S4368 3 16,BOYS SHIRTS,505,0
12162,S4391 3 16,BOYS SHIRTS,495,5
12163,S4405 3 16,BOYS SHIRTS,420,0
12164,S4409 10 16,BOYS SHIRTS,515,11
12165,S4412 3 16,BOYS SHIRTS,485,0
12166,S4492 3 16,BOYS SHIRTS,385,3
12167,S4550 3 16,BOYS SHIRTS,415,14
12168,S4591 3 16,BOYS SHIRTS,399,0
12169,S4593 3 16,BOYS SHIRTS,440,109
12170,S4616 3 16,BOYS SHIRTS,460,29
12171,S4656 3 16,BOYS SHIRTS,475,7
12172,S4687 32 36,BOYS SHIRTS,270,6
12173,S4700 3 16,BOYS SHIRTS,400,6
12174,S4701 32 36,BOYS SHIRTS,325,9
12175,S4711 32 36,BOYS SHIRTS,260,9
12176,S4713 32 36,BOYS SHIRTS,260,9
12177,S4717 26 30,BOYS SHIRTS,290,3
12178,S4717 32 36,BOYS SHIRTS,300,0
12179,S4721 26 30,BOYS SHIRTS,310,6
12180,S4721 32 36,BOYS SHIRTS,310,6
12181,S4723 26 30,BOYS SHIRTS,290,6
12182,S4723 32 36,BOYS SHIRTS,300,6
12183,S4725 26 30,BOYS SHIRTS,300,9
12184,S4725 32 36,BOYS SHIRTS,310,9
12185,S4727 26 30,BOYS SHIRTS,290,9
12186,S4727 32 36,BOYS SHIRTS,300,9
12187,S4729 32 36,BOYS SHIRTS,295,9
12188,S4733 26 30,BOYS SHIRTS,290,3
12189,S4733 32 36,BOYS SHIRTS,300,9
12190,S4737 26 30,BOYS SHIRTS,300,6
12191,S4737 32 36,BOYS SHIRTS,310,6
12192,S4739 32 36,BOYS SHIRTS,340,9
12193,S4741 26 30,BOYS SHIRTS,310,36
12194,S4741 32 36,BOYS SHIRTS,320,36
12195,S47410 26 30,BOYS SHIRTS,310,6
12196,S47410 32 36,BOYS SHIRTS,320,12
12197,S4743 26 30,BOYS SHIRTS,290,6
12198,S4743 32 36,BOYS SHIRTS,300,12
12199,S4745 26 30,BOYS SHIRTS,300,0
12200,S4745 32 36,BOYS SHIRTS,310,6
12201,S4753 32 36,BOYS SHIRTS,330,15
12202,S4755 20 24,BOYS SHIRTS,305,9
12203,S4755 32 36,BOYS SHIRTS,325,9
12204,S4755 38,BOYS SHIRTS,345,6
12205,S4757 20 24,BOYS SHIRTS,305,9
12206,S4757 32 36,BOYS SHIRTS,325,6
12207,S4757 38,BOYS SHIRTS,345,6
12208,S4761 26 30,BOYS SHIRTS,300,6
12209,S4761 32 36,BOYS SHIRTS,310,12
12210,S4763 32 36,BOYS SHIRTS,310,12
12211,S4767 3 16,BOYS SHIRTS,475,34
12212,S4767 3 8,BOYS SHIRTS,455,-18
12213,S4771 3 8,BOYS SHIRTS,405,9
12214,S4777 32 36,BOYS SHIRTS,380,18
12215,S4783 20 24,BOYS SHIRTS,260,9
12216,S4783 26 30,BOYS SHIRTS,270,9
12217,S4783 32 36,BOYS SHIRTS,280,9
12218,S4785 20 24,BOYS SHIRTS,270,9
12219,S4785 32 36,BOYS SHIRTS,290,9
12220,S4786 3 16,BOYS SHIRTS,520,29
12221,S4787 3 16,BOYS SHIRTS,520,11
12222,S4791 26 30,BOYS SHIRTS,250,27
12223,S4791 32 36,BOYS SHIRTS,260,27
12224,S4793 3 16,BOYS SHIRTS,499,0
12225,S4794 3 16,BOYS SHIRTS,395,21
12226,S4795 26 30,BOYS SHIRTS,375,9
12227,S4795 32 36,BOYS SHIRTS,385,9
12228,S4795 38,BOYS SHIRTS,405,9
12229,S4797 26 30,BOYS SHIRTS,375,12
12230,S4797 3 8,BOYS SHIRTS,395,0
12231,S4797 32 36,BOYS SHIRTS,385,12
12232,S4797 38,BOYS SHIRTS,405,12
12233,S4871 3 16,BOYS SHIRTS,430,59
12234,S5(MB) 12 14      [620443],FROCK (A),480,0
12235,S5591 32 36,KURTA PAJAMA,310,0
12236,S6(MB) 12 14      [620443],FROCK(L),450,0
12237,S6229 20 30,GIRLS SET (K),1395,12
12238,S7 (MB) 12 14      [620443],FROCK (A),475,0
12239,S70 6 16,BOYS SHIRTS,370,0
12240,S8 (MB) 12 14      [620443],FROCK (A),465,0
12241,S8491 3 16,BOYS SHIRTS,260,0
12242,S8504 3 16,BOYS SHIRTS,280,0
12243,S8515 3 16,BOYS SHIRTS,235,-5
12244,S8527 3 16,BOYS SHIRTS,280,0
12245,S8528 3 16,BOYS SHIRTS,260,-14
12246,S8686 3 16,BOYS SHIRTS,305,-32
12247,S8687 3 16,BOYS SHIRTS,270,-5
12248,S8698 3 16,BOYS SHIRTS,270,-20
12249,S87 6 16,BOYS SHIRTS,370,0
12250,S8717 3 16,BOYS SHIRTS,280,-15
12251,S8728 3 16,BOYS SHIRTS,280,-10
12252,S8734 3 16,BOYS SHIRTS,280,-25
12253,SA147 12 14,GIRLS SET (A),400,0
12254,SA190 12 14,GIRLS SET (A),435,0
12255,SA2001 16 26,GIRLS SET (A),795,0
12256,SA447 16 26,GIRLS SET (A),665,0
12257,SA450 16 26,GIRLS SET (A),675,0
12258,SA475 16 26,GIRLS SET (A),675,0
12259,SA482 16 22,GIRLS SET (A),665,0
12260,SA484 16 26,GIRLS SET (A),850,0
12261,SA486 16 26,GIRLS SET (A),775,0
12262,SA499 16 22,GIRLS SET (A),720,0
12263,SAAVI 36 40,DRESS (G),1175,-3
12264,SAAVI M-2XL,CORD SET (L),835,44
12265,SACHI F 16 26,GIRLS SET (A),815,0
12266,SARA 36 40,DRESS (G),1175,3
12267,SB13571 34 38,GIRLS SET,820,0
12268,SB2818  16 26   [620443],FROCK (A),880,0
12269,SB2819  22 32    [620443],GOWN,1370,0
12270,SB2823 16 26     [620443],FROCK (A),930,0
12271,SB2840  16 26    [620443],FROCK (A),810,0
12272,SC0024 16 22,GIRLS SET (K),575,0
12273,SC0394 18 24,PLAZO SET,935,0
12274,SC0394 26 36,PLAZO SET,1165,0
12275,SC052 24 34,MIDI SET(K),785,0
12276,SC109 B  24 34     [620442],MIDDY,745,0
12277,SC109 S   16 22    [620442],MIDDY,635,0
12278,SC1095  16  22      [620442],MIDI SET(K),635,0
12279,SC113   24 34     [620442],MIDDY,765,0
12280,SC1647 30 40,GIRLS SET (K),1406,0
12281,SC1656 30 40,GIRLS SET (K),1375,0
12282,SC1657 30 40,GIRLS SET (K),995,0
12283,SC1700 30 40,LANCHA,675,6
12284,SC192 16 22,MIDDY,630,0
12285,SC192 24 34,MIDDY,815,0
12286,SC193 30 40,PLAZO SET,965,0
12287,SC2022 28 38,GIRLS SET (K),1095,0
12288,SC2050 32 40,GIRLS SET (K),995,0
12289,SC209 30 40,PLAZO SET,1470,0
12290,SC235 16 22,MIDI SET,655,0
12291,SC235 24 34,MIDI SET,785,0
12292,SC278 30 40,KALI PLAZO,1495,0
12293,SC284 34 40,PLAZO SET,1405,0
12294,SC299 30 40,PLAZO SET,1495,0
12295,SC300 22 28,PLAZO SET,1125,0
12296,SC305 30 40,SHRUG SET,1650,0
12297,SC328 22 28,FARSI,1160,0
12298,SC3518 26 36,GIRLS SET (K),796,0
12299,SC3691 30 40,GIRLS SET (K),1099,0
12300,SC3722 30 40,GIRLS SET (K),955,0
12301,SC3726 30 40,GIRLS SET (K),1099,0
12302,SC3751 30 40,GIRLS SET (K),1085,0
12303,SC3777 30 40,GIRLS SET (K),1245,0
12304,SC3781 30 40,GIRLS SET (K),950,0
12305,SC3787 24 34,GIRLS SET (K),675,0
12306,SC3862 30 40,GIRLS SET (K),1160,0
12307,SC3863 30 40,GIRLS SET (K),1215,0
12308,SC3882 24 34,GIRLS SET (K),796,0
12309,SC3890 24 34,GIRLS SET (K),748,0
12310,SC3897 30 40,GIRLS SET (K),1075,0
12311,SC3900 24 34,GIRLS SET (K),843,0
12312,SC3904 30 40,GIRLS SET (K),1195,0
12313,SC3905 30 40,GIRLS SET (K),1140,0
12314,SC3907 30 40,GIRLS SET (K),1255,0
12315,SC3909 30 40,GIRLS SET (K),1240,0
12316,SC3912 30 40,GIRLS SET (K),1200,0
12317,SC3917 30 40,GIRLS SET,1270,0
12318,SC3920 24 34,MIDI SET(K),777,0
12319,SC3924 30 40,GIRLS SET (K),1270,0
12320,SC3925 30 40,GIRLS SET (K),1365,0
12321,SC3926 30 40,GIRLS SET,1335,0
12322,SC3927 30 40,GIRLS SET (K),1340,0
12323,SC3928 30 40,GIRLS SET (K),1225,0
12324,SC3929 30 40,GIRLS SET (K),1188,0
12325,SC3930 30 40,GIRLS SET (K),1190,0
12326,SC3931 30 40,GIRLS SET (K),1245,0
12327,SC3932 30 40,GIRLS SET (K),1215,0
12328,SC3933 30 40,GIRLS SET (K),1270,0
12329,SC3934 30 40,GIRLS SET (K),1195,0
12330,SC3935 30 40,GIRLS SET (K),1185,0
12331,SC3936 30 40,GIRLS SET (K),1280,0
12332,SC3937 30 40,GIRLS SET (K),1278,0
12333,SC3938 30 40,GIRLS SET (K),1435,0
12334,SC3939 30 40,GIRLS SET (K),1288,0
12335,SC3940 30 40,GIRLS SET (K),1475,0
12336,SC3942 30 40,GIRLS SET (K),1335,0
12337,SC3943 28 38,GIRLS SET (K),1330,0
12338,SC3944(L) 30 40,GIRLS SET (K),1625,0
12339,SC3944(P) 30 40,GIRLS SET (K),1415,0
12340,SC3945 30 40,GIRLS SET,1245,0
12341,SC3947 30 40,GIRLS SET (K),1310,0
12342,SC3949 30 40,GIRLS SET,1375,6
12343,SC3950 30 40,GIRLS SET (K),1196,0
12344,SC3951 30 40,GIRLS SET (K),1288,0
12345,SC3952 30 40,GIRLS SET (K),859,0
12346,SC3953 30 40,GIRLS SET (K),1340,0
12347,SC3955 30 40,GIRLS SET (K),1520,0
12348,SC3957 28 38,GIRLS SET (K),1245,0
12349,SC3957 30 40,GIRLS SET (K),1245,0
12350,SC3958 30 40,GIRLS SET (K),1215,0
12351,SC3959 24 34,GIRLS SET (K),843,0
12352,SC395A 18 24,PLAZO SET,840,0
12353,SC395B 18 24,PLAZO SET,855,4
12354,SC3960 24 34,GIRLS SET (K),796,0
12355,SC3962 24 34,GIRLS SET (K),796,0
12356,SC3964 30 40,GIRLS SET (K),1530,0
12357,SC3965 30 40,GIRLS SET (K),1499,0
12358,SC3968 30 40,GIRLS SET (K),1280,0
12359,SC3969 28 38,GIRLS SET (K),1243,0
12360,SC3969 30 40,GIRLS SET (K),1243,0
12361,SC3970 24 34,GIRLS SET (K),748,0
12362,SC3970 30 40,GIRLS SET (K),1245,0
12363,SC3971 30 40,PLAZO SET,1381,0
12364,SC3973 30 40,GIRLS SET (K),1435,0
12365,SC3974 30 40,GIRLS SET (K),1287,0
12366,SC3975 30 40,GIRLS SET (K),1099,0
12367,SC3976 30 40,GIRLS SET (K),1522,0
12368,SC3979 24 34,MIDI SET(K),785,0
12369,SC398 18 24,KALI PLAZO,1125,0
12370,SC3981 30 40,GIRLS SET (K),955,0
12371,SC3982 30 40,GIRLS SET (K),964,0
12372,SC3983 30 40,GIRLS SET (K),1147,0
12373,SC3984 30 40,GIRLS SET (K),1214,0
12374,SC3985 30 40,GIRLS SET (K),1474,0
12375,SC3986 30 40,GIRLS SET (K),1435,0
12376,SC3987 28 38,GIRLS SET (K),1147,0
12377,SC3987 30 40,GIRLS SET (K),1172,0
12378,SC3988 30 40,GIRLS SET (K),1454,0
12379,SC3989 30 40,GIRLS SET (K),1243,0
12380,SC399 18 24,KALI PLAZO,1190,0
12381,SC3990 28 38,GIRLS SET (K),1306,0
12382,SC3991 28 38,GIRLS SET (K),1259,0
12383,SC3993 30 40,GIRLS SET (K),1378,0
12384,SC3995 30 40,GIRLS SET (K),1295,0
12385,SC3996 30 40,GIRLS SET (K),1289,0
12386,SC3999 30 40,GIRLS SET (K),1795,0
12387,SC4000 30 40,GIRLS SET (K),1613,0
12388,SC4003 30 40,PLAZO SET,1463,0
12389,SC4004 30 40,GIRLS SET (K),1483,0
12390,SC4005 30 40,GIRLS SET (K),1255,0
12391,SC4007 30 40,GIRLS SET (K),1531,0
12392,SC4008 30 40,GIRLS SET (K),1560,0
12393,SC4009 30 40,HIRA MANDI(K),1623,0
12394,SC4010 30 40,GIRLS SET (K),1483,0
12395,SC4011 30 40,PLAZO SET,1379,0
12396,SC4012 30 40,PLAZO SET,1474,0
12397,SC4013 30 40,GIRLS SET (K),1426,0
12398,SC4015 30 40,GIRLS SET (K),1526,0
12399,SC4016 30 40,HEERAMANDI,1559,0
12400,SC4017 30 40,PLAZO SET,1559,0
12401,SC4018 30 40,GIRLS SET (K),1531,0
12402,SC4020 30 40,GIRLS SET (K),1191,0
12403,SC4023 30 40,GIRLS SET (K),1168,0
12404,SC4024 30 40,GIRLS SET (K),1559,0
12405,SC4025 30 40,PLAZO SET,1286,0
12406,SC4026 26 36,GIRLS SET (K),1288,0
12407,SC4028 26 36,GIRLS SET (K),1329,0
12408,SC403 22 28,LANCHA SET,1215,0
12409,SC4031 30 40,GIRLS SET (K),1533,0
12410,SC4032 30 40,GIRLS SET (K),1559,0
12411,SC4033 30 40,PLAZO SET,1275,0
12412,SC4034 30 40,GIRLS SET (K),1560,0
12413,SC4037 30 40,PLAZO SET,1309,0
12414,SC4038 30 40,HIRA MANDI(K),1560,0
12415,SC4039 30 40,HIRA MANDI(K),1548,0
12416,SC4040 30 40,PLAZO SET,1467,0
12417,SC4041 30 40,PLAZO SET,1287,0
12418,SC4043 30 40,PLAZO SET,1090,0
12419,SC4044 30 40,PLAZO SET,1546,0
12420,SC4045 30 40,HEERAMANDI,1347,0
12421,SC4046 30 40,PLAZO SET,1370,0
12422,SC4047 30 40,PLAZO SET,1375,0
12423,SC4049 30 40,PLAZO SET,1230,0
12424,SC4050 30 40,PLAZO SET,1348,0
12425,SC4054 30 40,PLAZO SET,1259,0
12426,SC4059 24 34,MIDI SET(K),794,0
12427,SC4060 24 34,MIDI SET(K),747,0
12428,SC4061 24 34,MIDI SET(K),794,0
12429,SC4062 30 40,LANCHA,1255,0
12430,SC4063 30 40,LANCHA,1375,0
12431,SC4064 30 40,LANCHA,1375,0
12432,SC4065 26 36,CORD SET,1123,0
12433,SC4066 30 40,LANCHA,1375,12
12434,SC4067 30 40,PLAZO SET,1499,0
12435,SC4068 30 40,PLAZO SET,1499,0
12436,SC4069 26 36,HIRA MANDI(K),1255,0
12437,SC407 18 24,PLAZO SET,955,0
12438,SC4070 30 40,PLAZO SET,1366,0
12439,SC4071 30 40,PLAZO SET,1439,0
12440,SC4072 26 36,PLAZO SET,1029,0
12441,SC4073 30 40,SHARARA (A),1405,0
12442,SC4074 26 36,CORD SET,835,0
12443,SC4075 26 36,CORD SET,982,0
12444,SC4076 26 36,PLAZO (PANT),1012,0
12445,SC4077 30 40,PLAZO SET,1125,0
12446,SC4078 30 40,PLAZO (PANT),1399,0
12447,SC4079 30 40,PLAZO SET,1593,0
12448,SC4080 30 40,PLAZO SET,1217,0
12449,SC4083 26 36,CORD SET,1118,0
12450,SC4084 26 36,PLAZO SET,1170,0
12451,SC4085 26 36,CORD SET,800,0
12452,SC4086 18 24,CORD SET,619,0
12453,SC4087 26 36,CORD SET,830,0
12454,SC4088 18 24,CORD SET,624,0
12455,SC4089 26 36,GIRLS SET (K),1115,0
12456,SC4091 26 36,PLAZO SET,1255,0
12457,SC4092 26 36,PLAZO SET,1217,0
12458,SC4093 26 36,PLAZO SET,1235,0
12459,SC4094 26 36,HIRA MANDI(K),1166,0
12460,SC4096 26 36,CORD SET,859,0
12461,SC4097 30 40,GIRLS SET (K),1283,0
12462,SC4098 30 40,GIRLS SET (K),1264,0
12463,SC4099   30 40     [620442],PLAZO SET,1095,0
12464,SC4100 30 40,PLAZO SET,1499,0
12465,SC4101 30 40,PLAZO SET,1363,0
12466,SC4103 30 40,PLAZO SET,1471,0
12467,SC4104 26 36,PLAZO SET,1094,0
12468,SC4106 26 36,PLAZO SET,1041,0
12469,SC4108 30 40,PLAZO SET,1471,0
12470,SC4109B   24 34     [620442],MIDDY,745,0
12471,SC4109S   16 22     [620442],MIDDY,635,0
12472,SC4113   24 34     [620442],MIDDY,765,0
12473,SC4113  24 34      [620419],MIDI SET(K),745,0
12474,SC4114  30 40      [620419],AFGANI SET,1215,0
12475,SC4120  30 40             [620419],PLAZO SET,1299,0
12476,SC4122 30 40       [620419],PLAZO SET,1305,0
12477,SC4123 30 40,PLAZO SET,1310,0
12478,SC4128 30 40,GIRLS SET (K),1217,0
12479,SC4134  24 34,MIDI SET(K),815,0
12480,SC4135   24 34,MIDI SET(K),820,0
12481,SC4140 24 34,MIDI SET,765,6
12482,SC4146 24 34,MIDI SET(K),745,0
12483,SC4147 30 40,PLAZO SET,1380,0
12484,SC4157 30 40,PLAZO SET,1405,0
12485,SC4160 24 34,MIDI SET,775,30
12486,SC4161-B  24 34,MIDI SET(K),745,0
12487,SC4161-S 16 22,MIDI SET(K),625,0
12488,SC4162 24 34,MIDI SET(K),835,0
12489,SC4163  30 40,PLAZO SET,1255,0
12490,SC4164 30 40,PLAZO SET,1405,0
12491,SC4165 30 40,GIRLS SET (K),1215,0
12492,SC4166 30 40,GIRLS SET (K),1205,0
12493,SC4167 30 40,GIRLS SET (K),1295,0
12494,SC4168 30 40,GIRLS SET (K),1215,0
12495,SC4169  30 40,PLAZO SET,1310,0
12496,SC4171 30 40,PLAZO SET,1190,0
12497,SC4172  30 40,PLAZO SET,1190,0
12498,SC4173  30 40,PLAZO SET,1215,0
12499,SC4174  30 40,PLAZO SET,1055,0
12500,SC4175 30 40,PLAZO SET,1125,0
12501,SC4176  30 40,PLAZO SET,999,0
12502,SC4177 30 40,PLAZO SET,1170,0
12503,SC4178 30 40,PLAZO SET,1350,0
12504,SC4179 30 40,PLAZO SET,1295,0
12505,SC4180  30 40,PLAZO SET,1335,0
12506,SC4190 30 40,PLAZO SET,1035,0
12507,SC4191 30 40,PLAZO SET,1195,6
12508,SC4192 16 22,MIDDY,655,0
12509,SC4192 24 34,MIDDY,815,0
12510,SC4193 30 40,PLAZO SET,1060,0
12511,SC4195  30 40,PLAZO SET,1140,0
12512,SC4196  30 40,PLAZO SET,1215,0
12513,SC4197 30 40,GIRLS SET (K),1330,0
12514,SC4198 34 40,PLAZO SET,1265,0
12515,SC4199 30 40,PLAZO SET,1125,0
12516,SC4200 30 40,PLAZO SET,1065,0
12517,SC4201 30 40,PLAZO SET,1405,0
12518,SC4202 30 40,PLAZO SET,1405,0
12519,SC4203 30 40,PLAZO SET,1310,0
12520,SC4204 30 40,PLAZO SET,1310,0
12521,SC4205 30 40,PLAZO SET,1405,0
12522,SC4206 34 40,PLAZO SET,1125,0
12523,SC4207 30 40,PLAZO SET,1205,0
12524,SC4209 30 40,PLAZO SET,1405,0
12525,SC4210 30 40,PLAZO SET,1299,0
12526,SC4211 30 40,PLAZO SET,1220,0
12527,SC4213 30 40,PLAZO SET,1299,0
12528,SC4216 16 22,MIDDY,635,0
12529,SC4216 24 34,MIDDY,840,0
12530,SC4220 34 40,PLAZO SET,1215,0
12531,SC4221 34 40,PLAZO SET,1310,0
12532,SC4224 30 40,PLAZO SET,1190,0
12533,SC4226 34 40,AFGANI SET,1125,0
12534,SC4227 30 40,LANCHA,1310,0
12535,SC4228 30 40,PLAZO SET,1075,0
12536,SC4229 30 40,PLAZO SET,1190,0
12537,SC4230 34 40,LAHANGA CHOLI,1310,0
12538,SC4231 30 40,AFGANI SET,1075,0
12539,SC4232 34 40,PLAZO SET,1030,0
12540,SC4233 30 40,LAHANGA CHOLI,1350,0
12541,SC4235 16 22,MIDI SET,655,0
12542,SC4235 24 34,MIDI SET,795,6
12543,SC4237 30 40,LANCHA,1310,0
12544,SC4238 34 40,LAHANGA CHOLI,1310,0
12545,SC4239 30 40,LANCHA,1585,0
12546,SC4240 30 40,PLAZO SET,1215,0
12547,SC4241 34 40,LANCHA,1310,0
12548,SC4242 34 40,LANCHA,1275,4
12549,SC4243 30 40,LEHANGA CHOLI,1310,0
12550,SC4244 30 40,PLAZO SET,1305,0
12551,SC4245 30 40,FARSI,1290,0
12552,SC4246 30 40,FARSI,1299,0
12553,SC4248 34 40,LAHANGA CHOLI,1285,24
12554,SC4249 30 40,FARSI,1265,0
12555,SC4250 34 40,PLAZO SET,1020,0
12556,SC4251 30 40,PLAZO SET,1595,0
12557,SC4252 30 40,LANCHA,1405,0
12558,SC4254 30 40,PLAZO SET,1265,0
12559,SC4255 34 40,PLAZO SET,1120,0
12560,SC4257 30 40,PLAZO SET,1595,0
12561,SC4259 34 40,PLAZO SET,1410,0
12562,SC4260 30 40,FARSI,1350,0
12563,SC4261 34 40,PLAZO SET,1195,0
12564,SC4262 30 40,PLAZO SHRUG,1365,0
12565,SC4263 30 40,PLAZO SET,1440,0
12566,SC4264 30 40,PLAZO SET,1499,0
12567,SC4265 30 40,PLAZO SHRUG,1450,0
12568,SC4266 30 40,PLAZO SHRUG,1470,0
12569,SC4267 34 40,PLAZO SET,1360,0
12570,SC4268 30 40,PLAZO SET,1210,0
12571,SC4269 30 40,PLAZO SET,1585,0
12572,SC4270 30 40,PLAZO SET,1565,0
12573,SC4271 30 40,FARSI,1480,0
12574,SC4272 20 30,FARSI,1195,0
12575,SC4273 30 40,KALI PLAZO,1499,0
12576,SC4274 30 40,SHARARA,1485,0
12577,SC4275 22 28,SHARARA,1125,0
12578,SC4276 30 40,PLAZO SET,1390,0
12579,SC4278 30 40,PLAZO SET,1495,1
12580,SC4279 28 34,PLAZO SET,905,0
12581,SC4279 30 40,PLAZO SET,999,0
12582,SC4280 20 30,KALI PLAZO,1125,0
12583,SC4281 30 40,SHARAG,1570,0
12584,SC4283 30 40,KALI SET,1520,0
12585,SC4284 34 40,PLAZO SET,1360,0
12586,SC4285 30 40,KALI PLAZO,1545,0
12587,SC4286 30 40,KALI PLAZO,1499,0
12588,SC4287 30 40,PLAZO SET,1490,0
12589,SC4288 30 40,PLAZO SHRUG,1440,0
12590,SC4291 30 40,PLAZO SET,1595,0
12591,SC4292 30 40,SHRUG SET,1615,0
12592,SC4293 30 40,PLAZO SET,1453,0
12593,SC4294 30 40,PLAZO SET,1499,0
12594,SC4295 34 40,PLAZO SET,1310,0
12595,SC4297 30 40,PLAZO SET,1520,0
12596,SC4298 22 28,PLAZO SET,1160,0
12597,SC4299 30 40,PLAZO SET,1495,0
12598,SC4300 22 28,PLAZO SET,1125,0
12599,SC4301 30 40,PLAZO SHRUG,1595,0
12600,SC4302 34 40,KALI SHARARA,1290,0
12601,SC4303 30 40,PLAZO SET,1595,0
12602,SC4304 30 40,PLAZO SET,1350,0
12603,SC4305 30 40,SHRUG SET,1595,0
12604,SC4306 34 40,PLAZO SET,1610,0
12605,SC4307 34 40,PLAZO SET,1385,0
12606,SC4308 30 40,GIRLS SET (K),1499,0
12607,SC4309 30 40,PLAZO SHRUG,1365,0
12608,SC4310 30 40,PLAZO SET,1375,0
12609,SC4311 28 38,SHRUG SET,1595,0
12610,SC4312 30 40,PLAZO SET,1675,0
12611,SC4313 34 40,PLAZO SET,1380,0
12612,SC4314 30 40,PLAZO SHRUG,1375,0
12613,SC4316 34 40,KALI SET,1125,0
12614,SC4317 22 28,SHARARA (K),1160,0
12615,SC4317 30 40,SHARARA (K),1445,0
12616,SC4318 22 28,FARSI,1125,0
12617,SC4318 30 40,FARSI,1405,0
12618,SC4319 30 40,PLAZO SET,1315,0
12619,SC4320 34 40,KALI SET,1725,0
12620,SC4321 26 36,PLAZO SET,1385,0
12621,SC4322 26 36,PLAZO SET,1385,0
12622,SC4323 30 40,PLAZO SET,1680,0
12623,SC4324 30 40,FARSI,1575,0
12624,SC4325 30 40,PLAZO SET,1450,0
12625,SC4326 22 28,SHARARA,1170,0
12626,SC4326 30 40,SHARARA,1525,0
12627,SC4328 30 40,FARSI,1499,0
12628,SC4329 30 40,LEHANGA CHOLI,1405,0
12629,SC4330 30 40,PLAZO SET,1395,0
12630,SC4331 34 40,PLAZO SET,1375,0
12631,SC4332 30 40,PLAZO SET,1565,0
12632,SC4334 34 40,SHRUG SET,1575,0
12633,SC4338 30 40,SHARAG SET,1470,0
12634,SC4341 30 40,PLAZO SET,1310,0
12635,SC4342 30 40,SHARAG SET,1470,0
12636,SC4343 30 40,LANCHA,840,0
12637,SC4345 26 36,KALI SET,1440,0
12638,SC4346 32 38,PLAZO SET,1499,12
12639,SC4348 34 40,PLAZO SET,1670,0
12640,SC4349 34 40,PLAZO SET,1640,0
12641,SC435 18 24,KALI PLAZO,825,8
12642,SC4355 34 40,PLAZO SET,1360,0
12643,SC4356 30 40,FARSI,1380,0
12644,SC4357 30 40,PLAZO SET,1405,0
12645,SC4360 34 40,SHARAG SET,1545,0
12646,SC4361 30 40,LANCHA,1465,6
12647,SC4363 30 40,PLAZO SET,885,0
12648,SC4365 30 40,PLAZO SET,1595,0
12649,SC4366 20 30,FARSI,1125,0
12650,SC4375 26 34,PLAZO SET,935,0
12651,SC4376 34 40,LANCHA,1460,12
12652,SC4377 34 40,PLAZO SET,1170,0
12653,SC4378 30 40,PLAZO SET,1405,0
12654,SC4381 30 40,LANCHA,1465,24
12655,SC4382 30 40,LANCHA,1460,6
12656,SC4383 30 40,LANCHA SET,1595,0
12657,SC4384 30 40,LANCHA SET,1595,0
12658,SC4386 30 40,LANCHA SET,1650,18
12659,SC4387 30 40,LANCHA SET,1395,0
12660,SC4388 30 40,PLAZO SET,1310,0
12661,SC4389 34 40,PLAZO SET,1185,-4
12662,SC4391 34 40,PLAZO SET,1310,0
12663,SC4392 30 40,PLAZO SET,1499,0
12664,SC4394 18 24,PLAZO SET,955,0
12665,SC4394 26 36,PLAZO SET,1185,0
12666,SC4395A 26 36,PLAZO SET,980,0
12667,SC4395B  26 36,PLAZO SET,1050,0
12668,SC4396 30 40,PLAZO SET,1160,0
12669,SC4398 26 36,KALI PLAZO,1399,0
12670,SC4399 26 36,KALI PLAZO,1410,0
12671,SC4400 30 40,PLAZO SET,1099,12
12672,SC4401 30 40,PLAZO SET,1470,0
12673,SC4402 30 40,LANCHA SET,1580,0
12674,SC4403 30 40,LANCHA SET,1595,0
12675,SC4406 30 40,LANCHA SET,1560,6
12676,SC4407 26 36,PLAZO SET,1185,0
12677,SC4408 26 36,CORD SET,1115,0
12678,SC4410 30 40,SHRUG SET,1285,18
12679,SC4416 30 40,PLAZO SET,1410,0
12680,SC4420 30 40,PLAZO SET,1345,24
12681,SC4421 30 40,PLAZO KOTI,1465,18
12682,SC4423 30 40,SHRUG SET,1460,0
12683,SC4424 26 36,KALI PLAZO,1170,0
12684,SC4426 30 40,PLAZO SET,1165,12
12685,SC4433 30 40,LAHANGA KURTI SET,1595,0
12686,SC4439 30 40,PLAZO SET,1190,6
12687,SC4440 26 36,KALI PLAZO,1145,12
12688,SC4441 30 40,SHRUG SET,1375,0
12689,SC4442 34 40,PLAZO SET,1125,0
12690,SC4443 30 40,STEP PLAZO SET,1099,6
12691,SC4445 34 40,PLAZO SET,1358,0
12692,SC4446 34 40,PLAZO SET,1190,0
12693,SC4447 16 26,PLAZO SET,695,0
12694,SC4452 34 40,PLAZO SET,1310,0
12695,SC4453 30 40,PLAZO SET,1275,0
12696,SC4454 30 40,PLAZO KURTI,1375,0
12697,SC4455 30 40,PLAZO SET,1290,0
12698,SC4456 30 40,KURTA SET,1220,0
12699,SC4459 30 40,KOTI PLAZO SET,1375,6
12700,SC4460 30 40,PLAZO KURTI,1375,18
12701,SC4465 30 40,STEP PLAZO SET,1265,12
12702,SC4467 30 40,STEP PLAZO SET,1440,6
12703,SC4469 30 40,PLAZO SET,1285,0
12704,SC4473 30 40,STEP PLAZO SET,1299,6
12705,SC4482 34 40,PLAZO SET,1290,24
12706,SC4498 30 40,PLAZO SET,1310,18
12707,SC4499 34 40,PLAZO SET,1099,0
12708,SC4502 34 40,PLAZO SET,1295,12
12709,SC4503 34 40,PLAZO SET,1099,8
12710,SC4506 34 40,PLAZO SET,1085,0
12711,SC4508 30 40,PLAZO SET,1295,0
12712,SC4509 30 40,PLAZO SET,1099,6
12713,SC4510 34 40,PLAZO SET,1199,16
12714,SC4512 30 40,PLAZO SET,1390,0
12715,SC4514 34 40,PLAZO SET,1295,0
12716,SC4515 30 40,PLAZO SET,1670,0
12717,SC4516 34 40,PLAZO SET,1295,4
12718,SC4517 30 40,PLAZO SET,1455,12
12719,SC4520 30 40,PLAZO SET,1470,54
12720,SC4521 30 40,PLAZO SET,1425,6
12721,SC4522 30 40,PLAZO SET,1290,12
12722,SC4525 30 40,PLAZO SET,1295,6
12723,SC4527 30 40,PLAZO SET,1299,0
12724,SC4528 30 40,PLAZO SET,1485,42
12725,SC4530 30 40,PLAZO SET,1390,-6
12726,SC4531 30 40,PLAZO SET,1455,18
12727,SC4532 34 40,PLAZO SET,1325,0
12728,SC4533 34 40,PLAZO SET,1150,4
12729,SC4534 30 40,PLAZO SET,1295,12
12730,SC4535 34 40,PLAZO SET,1270,12
12731,SC4539 30 40,PLAZO SET,1330,24
12732,SC4540 34 40,PLAZO SET,1390,28
12733,SC4541 30 40,PLAZO SET,1290,18
12734,SC4542 34 40,PLAZO SET,1265,12
12735,SC4543 34 40,PLAZO SET,1199,16
12736,SC4546 30 40,PLAZO SET,1295,6
12737,SC4547 30 40,PLAZO SET,1295,24
12738,SC4876 30 40,PLAZO SET,1405,0
12739,SC5107 24 34,MIDI SET(K),815,0
12740,SC528 30 40,PLAZO SET,1475,18
12741,SC753 24 34,GIRLS SET (K),760,0
12742,SC793 26 36,GIRLS SET (K),925,0
12743,SC892 30 40,GIRLS SET (K),1099,0
12744,SC917 30 40,GIRLS SET,1240,0
12745,SE1203 32 38,GIRLS SET (A),865,3
12746,SE5000 20 30,GIRLS SET (A),845,17
12747,SF166 12 14,GIRLS SET (A),410,16
12748,SF2002 16 22,GIRLS SET (K),652,0
12749,SF336 16 26,GIRLS SET (A),605,12
12750,SG1563 30 40,GIRLS SET (K),1080,0
12751,SG3967 20 30,GIRLS SET (K),1050,0
12752,SG4086 20 30,GIRLS SET (K),965,0
12753,SG4126 20 30,PLAZO SET,1150,0
12754,SG4198 18 28,PLAZO SET,730,0
12755,SG4209 20 30,AFGANI SET,705,0
12756,SG4217 18 28,PLAZO SET,860,0
12757,SG4221 18 28,AFGANI SET,810,0
12758,SG4222 18 28,AFGANI SET,895,0
12759,SG4227  18  28,GOWN INNER (K),860,0
12760,SG4230 18 28,PLAZO SET,995,0
12761,SG4233 18 28,PLAZO SET,925,0
12762,SG4234 18 28,PLAZO SET,995,0
12763,SG4255  20 30,AFGANI SET,740,0
12764,SG4259 18 28,PLAZO SET,995,0
12765,SG4263  18 28,AFGANI SET,880,0
12766,SG4310 18 28,FARSI,1305,0
12767,SG4311 18 28,FARSI,1240,0
12768,SG4313 18 28,FARSI,1245,0
12769,SG4318 20 30,GOWN INNER (K),935,0
12770,SG4390 20 30,LANCHA,1199,0
12771,SG4393 18 28,LANCHA,1190,0
12772,SG4427 18 28,LAHANGA,999,0
12773,SG4433 18 28,PLAZO SET,920,0
12774,SG4445 18 28,PLAZO KURTI,940,0
12775,SG4456 18 28,PLAZO KURTI,830,0
12776,SG4465 18 28,PLAZO KURTI,1045,0
12777,SG801 24 34,GIRLS SET (K),660,0
12778,SG823 24 34,GIRLS SET (K),800,0
12779,SG825 24 34,GIRLS SET (K),985,0
12780,SG828 24 34,GIRLS SET (K),995,0
12781,SG831 24 34,GIRLS SET (K),855,0
12782,SHOBHA M-XXL,LADIES SUIT (L),2395,8
12783,SI1113 30 40,GOWN,1295,0
12784,SI1114 22 30,GOWN,1250,0
12785,SI1114 32 40,GIRLS SET (K),1450,0
12786,SI1115 30 40,SHARARA (A),1145,0
12787,SI701 16 26,SHARARA (A),740,0
12788,SI703 16 22,FROCK(L),925,0
12789,SI704 16 22       [620442],FROCK (A),925,0
12790,SI705 16 26,GIRLS SET (K),845,0
12791,SI712  16 22     [620442],FROCK (A),845,0
12792,SI717  16 22     [620442],FROCK (A),645,12
12793,SI719  16 22     [620442],FROCK (A),845,0
12794,SI904 16 26,GIRLS SET (A),585,0
12795,SI907 16 26,GIRLS SET (A),630,5
12796,SMARTY M-2XL,CORD SET (L),755,24
12797,SN104 16 20,GIRLS SET,505,0
12798,SN104 22 32,GIRLS SET,615,0
12799,SN1051 16 26 (620442),FROCK (A),835,0
12800,SN1074 22 32   [620442],GOWN,1305,0
12801,SN1074 34 40   [620442],GOWN,1505,0
12802,SN1075 16 26    [620442],FROCK (A),770,0
12803,SN1080 16 26   [620442],FROCK (A),820,0
12804,SN1093 16 26,FROCK (A),840,0
12805,SN111 16 20A,GIRLS SET,525,0
12806,SN111 22 32,GIRLS SET,610,0
12807,SN115 18 22,GIRLS SET,535,6
12808,SN115 24 34A,GIRLS SET,645,12
12809,SN116 16 20A,GIRLS SET,525,0
12810,SN116 22 32,GIRLS SET,610,0
12811,SN121 16 20,GIRLS WEAR,490,0
12812,SN121 22 32,GIRLS WEAR,575,0
12813,SN123 16 20A,GIRLS SET,500,-2
12814,SN123 22 32,GIRLS SET,610,6
12815,SN1308 16 20,GIRLS SET,475,0
12816,SN1308 22 32,GIRLS SET,585,0
12817,SN1311 16 20A,GIRLS SET,495,3
12818,SN1311 22 32,GIRLS SET,585,0
12819,SN13128 16 20,GIRLS SET,515,4
12820,SN13128 22 32,GIRLS SET,605,0
12821,SN13174 22 32,GIRLS SET,620,0
12822,SN13174 34 38,GIRLS SET,730,0
12823,SN13211 16 20A,GIRLS SET,620,6
12824,SN13211 24 34,GIRLS SET,730,6
12825,SN13297 22 32,WESTERN DRESS,870,0
12826,SN13297 34 38,WESTERN DRESS,985,0
12827,SN1330 16 20,GIRLS SET,620,0
12828,SN1330 22 32,GIRLS SET,670,0
12829,SN1346 22 32,GIRLS SET,705,0
12830,SN1347 22 32,DRESS (G),675,6
12831,SN1348 16 26,GIRLS SET,545,6
12832,SN13502 22 32,GIRLS SET,615,0
12833,SN13502 34 38,GIRLS SET,725,6
12834,SN13503 18 22,GIRLS SET,510,0
12835,SN13503 24 34A,GIRLS SET,620,0
12836,SN13517 16 20A,GIRLS SET,655,0
12837,SN13517 22 32,GIRLS SET,765,0
12838,SN13521 16 20,GIRLS SET,685,0
12839,SN13521 22 32,GIRLS SET,795,0
12840,SN13560 16 20,WESTERN DRESS,730,0
12841,SN13560 22 32,WESTERN DRESS,845,0
12842,SN13563 16 20,GIRLS SET,565,0
12843,SN13563 22 32,GIRLS SET,675,0
12844,SN13563 34 38,GIRLS SET,785,0
12845,SN13568 22 32,GIRLS SET,685,0
12846,SN13571 22 32,GIRLS SET,710,0
12847,SN13607 16 20,WESTERN DRESS,765,0
12848,SN13607 22 32,WESTERN DRESS,880,0
12849,SN13608 22 32,GIRLS SET,730,6
12850,SN13608 34 38,GIRLS SET,840,6
12851,SN13611 22 32,GIRLS SET,660,0
12852,SN13611 34 38,GIRLS SET,770,0
12853,SN13612 22 32,GIRLS SET,655,0
12854,SN13612 34 38,GIRLS SET,765,3
12855,SN13613 22 32,GIRLS SET,620,0
12856,SN13613 34 38,GIRLS SET,730,3
12857,SN13616 16 20,GIRLS SET,645,0
12858,SN13616 22 32,GIRLS SET,755,6
12859,SN13616 34 38,GIRLS SET,865,3
12860,SN13617 16 20,GIRLS SET,499,3
12861,SN13617 22 32,GIRLS SET,610,0
12862,SN13617 34 38,GIRLS SET,720,0
12863,SN1362 16 20,GIRLS SET,655,0
12864,SN1362 22 32,GIRLS SET,765,6
12865,SN13622 22 32,GIRLS SET,690,0
12866,SN13622 34 38,GIRLS SET,810,3
12867,SN13624 22 32,GIRLS SET,675,0
12868,SN13624 34 38,GIRLS SET,785,0
12869,SN1363 16 20,GIRLS SET,655,0
12870,SN1363 22 32,GIRLS SET,765,0
12871,SN13634 18 22,GIRLS SET,580,0
12872,SN13637 22 32,GIRLS WEAR,730,0
12873,SN13637 34 38,WESTERN DRESS,840,0
12874,SN13640 22 32,GIRLS SET,765,0
12875,SN13640 34 38,GIRLS SET,875,3
12876,SN13643 18 22,GIRLS SET,599,0
12877,SN13643 24 34,GIRLS SET,685,0
12878,SN13645 22 32,GIRLS SET,675,0
12879,SN13645 34 38,GIRLS SET,785,0
12880,SN13651 16 20,GIRLS SET,760,0
12881,SN1366 22 32,GIRLS SET,835,6
12882,SN13661 22 32,GIRLS SET,765,0
12883,SN13668 18 22,GIRLS SET,610,0
12884,SN13668 24 34,GIRLS SET,720,0
12885,SN13672 16 26,GIRLS SET,525,0
12886,SN13673 16 26,DRESS (G),535,0
12887,SN13674 18 22,GIRLS SET,380,0
12888,SN13674 24 34,GIRLS SET,525,0
12889,SN1368 16 20,GIRLS SET,685,0
12890,SN1368 22 32,GIRLS SET,810,12
12891,SN13684 16 20,GIRLS SET,595,3
12892,SN13684 22 32,GIRLS SET,705,6
12893,SN13690 16 20A,GIRLS SET,499,3
12894,SN13690 22 32,GIRLS SET,655,0
12895,SN13691 18 22,GIRLS SET,515,0
12896,SN13691 24 34,GIRLS SET,625,0
12897,SN13694 16 20,GIRLS SET,540,3
12898,SN13694 22 32,GIRLS SET,630,6
12899,SN1373 22 32,GIRLS SET,840,0
12900,SN1378 16 20,GIRLS SET,640,0
12901,SN1378 22 32,GIRLS SET,750,6
12902,SN13783 22 32,WESTERN DRESS,870,5
12903,SN13808 16 20,GIRLS SET,720,0
12904,SN13808 22 32,GIRLS SET,830,0
12905,SN13812 16 20,WESTERN DRESS,755,1
12906,SN13812 22 32,WESTERN DRESS,830,0
12907,SN1384 22 32,GIRLS SET,630,6
12908,SN13853 16 20,WESTERN DRESS,799,0
12909,SN13853 22 32,WESTERN DRESS,915,0
12910,SN1390 16 20,GIRLS SET,735,0
12911,SN1390 22 32,GIRLS SET,845,0
12912,SN1392 16 20,GIRLS SET,725,6
12913,SN1392 22 32,GIRLS SET,835,0
12914,SN1393 16 20,GIRLS SET,740,3
12915,SN1393 22 32,GIRLS SET,850,6
12916,SN13945 16 20,WESTERN DRESS,595,0
12917,SN13945 22 32,WESTERN DRESS,705,0
12918,SN13945 34 38,WESTERN DRESS,825,0
12919,SN1395 16 20,GIRLS SET,730,6
12920,SN1395 22 32,GIRLS SET,840,12
12921,SN1397 22 32,GIRLS SET,850,6
12922,SN1402 22 32,GIRLS SET,685,0
12923,SN1404 16 20,GIRLS SET,625,6
12924,SN1404 22 32,GIRLS SET,735,12
12925,SN1411 16 20,GIRLS SET,545,6
12926,SN1411 22 32,GIRLS SET,655,0
12927,SN1413 22 32,GIRLS SET,710,6
12928,SN1426 16 20,GIRLS SET,730,0
12929,SN1426 22 32,GIRLS SET,840,6
12930,SN1427 16 20,GIRLS SET,730,0
12931,SN143 16 26,GIRLS SET,550,0
12932,SN1458 22 32,GIRLS SET,765,12
12933,SN250 16 20A,GIRLS SET,535,0
12934,SN250 22 32,GIRLS SET,645,0
12935,SN3568 22 32,GIRLS SET,685,0
12936,SN481 16 20A,GIRLS SET,545,0
12937,SN481 22 32,GIRLS SET,655,0
12938,SN804 16 26,GIRLS SET,565,6
12939,SN971 16 20A,GIRLS SET,525,0
12940,SON PARI 16 26,GIRLS SET (A),775,0
12941,SP3 34 40,GIRLS SET (K),775,8
12942,SR1563 30 40,GOWN INNER (K),1080,0
12943,SR1583 20 30,GIRLS SET (K),890,0
12944,SR1641 30 40,HEERAMANDI,1435,0
12945,SR2536 22 28,PLAZO SET,915,0
12946,SR2540 22 28,PLAZO SET,945,0
12947,SR2543 22 28,PLAZO SET,1130,0
12948,SR3149 30 40,FARSI,1340,0
12949,SR3171 20 30,SHARARA (K),1245,0
12950,SR5151 28 38,GIRLS SET (K),915,0
12951,SR5155 28 38,GOWN INNER (K),1140,0
12952,SR5156 30 40,GIRLS SET (K),950,0
12953,SR5160 30 40,GIRLS SET,1120,0
12954,SR5161 20 30,GIRLS SET (K),905,0
12955,SR5162 30 40,GIRLS SET,1100,0
12956,SR5229 30 40,GIRLS SET (K),1170,0
12957,SR5240 30 40,GIRLS SET,1150,0
12958,SR5243 28 38,GIRLS SET (K),905,0
12959,SR5244 30 40,LAHANGA CHOLI,1235,0
12960,SR5245 30 40,GIRLS SET (K),1175,0
12961,SR5247 30 40,GIRLS SET (K),1205,0
12962,SR5254 30 40,HIRA MANDI(K),1350,0
12963,SR5255 30 40,LAHANGA CHOLI,1300,0
12964,SR5258 30 40,GIRLS SET (K),1051,0
12965,SR5259 28 38,GIRLS SET (K),1022,0
12966,SR5261 20 30,GIRLS SET (K),955,0
12967,SR5264 28 38,GIRLS SET (K),1080,0
12968,SR5267 28 38,GIRLS SET (K),1080,0
12969,SR5270 28 38,GOWN INNER (K),1080,0
12970,SR5278 30 40,GIRLS SET (K),1301,0
12971,SR5283 30 40,GIRLS SET (K),1243,0
12972,SR5293 30 40,HEERAMANDI,955,0
12973,SR5295 30 40,GIRLS SET (K),1147,0
12974,SR5296 30 40,GIRLS SET (K),1339,0
12975,SR5297 30 40,GIRLS SET (K),1214,0
12976,SR5301 30 40,SARARA HERAMANDI,1205,0
12977,SR5302(5304) 30 40,GIRLS SET (K),1147,0
12978,SR5304(5330) 28 38,GIRLS SET (K),1099,0
12979,SR5306 20 30,HIRA MANDI(K),1128,0
12980,SR5308 28 38,GIRLS SET (K),1320,0
12981,SR5310 28 38,GIRLS SET (K),1147,0
12982,SR5312 30 40,HIRA MANDI(K),1195,0
12983,SR5317 30 40,GIRLS SET (K),1147,0
12984,SR5318 20 30,HEERAMANDI,1195,0
12985,SR5322 28 38,GOWN,1195,0
12986,SR5330 30 40,SHERWANI SARARA,1243,0
12987,SR5331 30 40,SARARA HERAMANDI,1176,0
12988,SR5336 28 38,GOWN INNER (K),917,0
12989,SR5364 20 30,GOWN INNER (K),765,0
12990,SR5366 28 38,PLAZO SET,860,0
12991,SR5368 30 40,PLAZO SET,860,0
12992,SR5602 30 40,FARSI,1340,0
12993,SR5603 20 30,FARSI,1020,0
12994,SR5604 30 40,KALI SHARARA,1340,0
12995,SR5605 30 40,FARSI,1340,0
12996,SR5610 30 40,PLAZO SET,1050,0
12997,SR5628 30 40,PLAZO SET,1145,0
12998,SR5631 30 40,FARSI,1530,0
12999,SR5634 20 30,FARSI,1215,0
13000,SR5635 30 40,FARSI,1145,0
13001,SR5637 28 38,GOWN INNER (K),1050,0
13002,SR5640 30 40,PLAZO SET,1205,0
13003,SR5644 30 40,PLAZO SEMI,1245,0
13004,SR5645 20 30,PLAZO FARSI,1340,0
13005,SR5647 30 40,PLAZO SHRUG,1435,0
13006,SR5669 30 40,PLAZO SET,1195,0
13007,SR5671 30 40,PLAZO KOTI,1245,6
13008,SR5679 30 40,LAHANGA,1205,6
13009,SR5680 30 40,PLAZO SET,1145,0
13010,SR5705 30 40,PLAZO SET,1405,6
13011,SR5710 30 40,PLAZO SET,1425,0
13012,SR5712 30 40,PLAZO SET,1435,6
13013,SR5715 30 40,PLAZO SET,1320,6
13014,SR5723 20 30,PLAZO SET,1205,6
13015,SR6282 28 38,GIRLS SET (K),1250,0
13016,SR7142 30 40,GIRLS SET (K),1150,0
13017,SR7186 28 38,PLAZO KOTI,1050,0
13018,SR7187 20 30,GIRLS SET (K),975,0
13019,SR798 20 30,FARSI,1145,0
13020,SR806(798) 20 30,FARSI,1145,0
13021,SR8152 30 40,KALI PANT,1340,0
13022,SR8732 22 28,FARSI,888,0
13023,SRCN104 M-XXL,LADIES SUIT (L),930,8
13024,SS9194 32 36,SAREE,1420,0
13025,SS9194 XL,SAREE,1560,0
13026,SS9201 20 30,SAREE,1080,0
13027,SS9201 XL,SAREE,1495,0
13028,SS9202 16 18,SAREE,730,0
13029,SS9202 XL,SAREE,1265,0
13030,SS9255 16 18,SAREE,760,0
13031,SS9255 20 30,SAREE,1040,0
13032,SUMMER M-2XL,CORD SET (L),490,27
13033,SUNAYA 02  M-XXL,LADIES SUIT (L),1675,4
13034,SUZUKI(NNN) 24 34,GOWN,1245,0
13035,SUZUKI(NNN) 36 42,GOWN,1495,0
13036,T1135 30 38,GENTS PANT,480,4
13037,T1136 30 38,GENTS PANT,490,-4
13038,T1145 36 40,DRESS (G),680,3
13039,T121 30 38,GENTS PANT,650,1
13040,T1218 30 36,GENTS PANT,490,-1
13041,T1239 30 36,GENTS PANT,480,5
13042,T1345 24 34,DRESS (G),685,6
13043,T1345 36 40,DRESS (G),980,4
13044,T138 32 40,GENTS PANT,715,-1
13045,T149 30 38,GENTS PANT,700,-1
13046,T2137 30 36,GENTS PANT,585,6
13047,T2157 30 36,GENTS PANT,640,-1
13048,T2187 30 36,GENTS PANT,660,1
13049,T4103 30 36,GENTS PANT,510,-1
13050,T5102 32 38,GENTS PANT,525,-4
13051,T5106 30 38,GENTS PANT,470,1
13052,T5119 30 36,GENTS PANT,495,1
13053,T5128 30 36,GENTS PANT,480,2
13054,T5177 32 38,GENTS PANT,465,-1
13055,T6102 30 36,GENTS PANT,535,-1
13056,T7159 30 36,GENTS PANT,530,1
13057,T721 34 40,GIRLS SET (K),1115,1
13058,T740 34 40,GIRLS SET (K),1080,15
13059,T744 34 40,GIRLS SET (K),890,4
13060,T824 34 40,GIRLS SET (K),930,8
13061,T826 34 40,GIRLS SET (K),650,8
13062,T9190 30 38,GENTS PANT,585,1
13063,T9193 30 38,GENTS PANT,650,5
13064,T9231 30 36,GENTS PANT,590,-1
13065,TASAN M-XXL,LADIES SUIT (L),1675,8
13066,TB6059 0 8,BABA SUIT,1130,4
13067,TB6140 1 10,BABA SUIT,925,0
13068,TB6150 1 10,BABA SUIT,870,8
13069,TB6151 1 10,BABA SUIT,890,9
13070,TG1378 28 38,GIRLS SET (K),815,0
13071,TG1379 20 30,GIRLS SET (K),760,0
13072,TG1382 20 30,GIRLS SET (K),860,0
13073,TG1385 28 38,GIRLS SET (K),1325,0
13074,TG1393 28 38,GIRLS SET,1010,6
13075,TG1399 28 38,GIRLS SET (K),1175,0
13076,TG1402 20 30,GIRLS SET (K),725,0
13077,TG1403 28 38,GIRLS SET (K),1195,0
13078,TG1406 28 38,GIRLS SET (K),1283,0
13079,TG1413 28 38,GIRLS SET (K),1513,0
13080,TG1415 28 38,GIRLS SET (K),1419,0
13081,TG1417 28 38,GIRLS SET (K),1137,0
13082,TG1427 28 38,PLAZO SET,1311,0
13083,TG1429 28 38,LANCHA,715,0
13084,TG1435 28 38,GOWN INNER (K),780,0
13085,TG1436 28 38,GOWN INNER (K),750,0
13086,TG1438 28 38,LANCHA,750,0
13087,TG1465 24 34,PLAZO SET,1060,0
13088,TG1468 28 38,PLAZO SET,1199,0
13089,TG1477 30 40,PLAZO SET,1399,0
13090,TG1479 20 30,PLAZO SET,870,0
13091,TG1482 20 30,PLAZO SET,820,0
13092,TG1484 20 30,PAKISTANI SET,960,0
13093,TG1493 20 30,PLAZO SET,925,0
13094,TG1494 28 38,PLAZO SET,1285,12
13095,TG1495 20 30,LANCHA,1170,0
13096,TG801 16 26,GIRLS SET (A),655,0
13097,TG833 16 26,FROCK(L),855,0
13098,TG835 16 26,GIRLS SET (A),695,0
13099,TG853 16 26,GIRLS SET (A),645,0
13100,TG854 16 26,FROCK (A),855,-1
13101,TM3566 24 34,GIRLS SET (H),825,0
13102,TM3589 24 34,GIRLS SET (H),815,0
13103,TOFFY M-2XL,CORD SET (L),990,12
13104,TT1005 32 36,GIRLS SET (A),1235,36
13105,TT624 16 26,GIRLS SET (A),649,0
13106,UG2406 16 22,AFGANI SET,830,4
13107,UG2406 24 34,AFGANI SET,1015,12
13108,UG2577 20 30,GIRLS SET,1250,0
13109,UG2599 30 40,GIRLS SET,1495,0
13110,UG2695 30 40,GIRLS SET (K),1095,0
13111,UG2697 30 40,GIRLS SET (K),1395,0
13112,UG2698 30 40,GIRLS SET (K),1595,-6
13113,UG2703 20 30,GIRLS SET,1095,0
13114,UG2703 30 40,GIRLS SET (K),1395,0
13115,UG2706 20 30,GIRLS SET,995,0
13116,UG2706 30 40,GIRLS SET,1195,0
13117,UG2714 30 40,GIRLS SET (K),1488,0
13118,UG2724 30 40,GIRLS SET (K),1147,0
13119,UG2752 30 40,GIRLS SET (K),1627,0
13120,UG2753 30 40,GIRLS SET (K),1723,0
13121,UG2755 30 40,GIRLS SET (K),1339,0
13122,UG2759 30 40,GIRLS SET (K),1243,0
13123,UG2764 30 40,GIRLS SET (K),1272,0
13124,UG2768 30 40,GIRLS SET (K),1435,0
13125,UG2773 30 40,GIRLS SET (K),1680,0
13126,UG2786 20 30,GIRLS SET (K),1488,0
13127,UG2800 20 30,GIRLS SET (K),1392,0
13128,UG2800 30 40,GIRLS SET (K),1680,0
13129,UG2815 30 40,GIRLS SET (K),1819,0
13130,UG2816 20 30,GIRLS SET (K),1243,0
13131,UG2825 24 34,GIRLS SET (K),1584,0
13132,UG2825 36 42,GIRLS SET (K),1819,0
13133,UG2831 20 30,GIRLS SET (K),1435,0
13134,UG2840 20 30,GIRLS SET (K),1245,0
13135,UG2840 30 40,GIRLS SET (K),1530,0
13136,UG2841 24 34,GIRLS SET (K),1530,0
13137,UG2841 36 42,GIRLS SET (K),1820,0
13138,UG2842 20 30,GIRLS SET (K),1392,0
13139,UG2842 30 40,GIRLS SET (K),1725,0
13140,UG2902 30 40,GIRLS SET (K),1531,0
13141,UG2911 30 40             [620419],PLAZO SET,1530,0
13142,UG2915  20 30             [620419],PLAZO SET,815,0
13143,UG2916 20 30            [620419],LAHANGA CHOLI,1245,0
13144,UG2918 20 30            [620419],GIRLS SET (K),1200,0
13145,UG2918 30 40         [ 620419],GIRLS SET (K),1435,0
13146,UG2919  20 30             [620419],PLAZO SET,1145,0
13147,UG2919 30 40             [620419],PLAZO SET,1390,0
13148,UG2921 24 34,GIRLS SET (K),859,0
13149,UG2928 30 40       [620419],LEHANGA CHOLI,1625,0
13150,UG2935 20 30           [620419],GIRLS SET (K),955,0
13151,UG2935 30 40         [620419],GIRLS SET (K),1145,0
13152,UG2936 30 40            [620419],PLAZO SET,1340,0
13153,UG2972 20 30         [620419],GIRLS SET (K),880,0
13154,UG2973  20 30             [620419],LAHANGA CHOLI,1105,0
13155,UG2990 20 30,SHARARA,1430,0
13156,UG2990 30 40,SHARARA,1685,0
13157,UG2995 20 30,SHARARA,1405,0
13158,UG2995 30 40,SHARARA,1685,0
13159,UG3050 20 30,FARSI,1310,0
13160,UG3050 30 40,FARSI,1595,0
13161,UG3070 20 30,SHARARA,1405,0
13162,UG3070 30 40,SHARARA,1685,0
13163,UG3097 30 40,PLAZO SET,1740,1
13164,UG3116  16 22,PLAZO SET,1030,0
13165,UG3116  36 42,PLAZO SET,1550,8
13166,UG3119 20 30,PLAZO SET,1030,0
13167,UG3119 30 40,PLAZO SET,1215,0
13168,UG3120 20 30,PLAZO SET,1270,0
13169,UG3120 30 40,PLAZO SET,1550,6
13170,UG3127 36 42,CORD SET,1455,0
13171,UG3133 16 22,PLAZO SET,1030,0
13172,UG3134 16 22,PLAZO SET,1030,0
13173,UG3137 16 22,GIRLS SET,1030,0
13174,UG3164 16 22,PLAZO SET,1030,0
13175,UG3164 20 30,PLAZO SET,1310,0
13176,UG3164 30 40,PLAZO SET,1595,6
13177,UG3174 16 22,PLAZO SET,1081,0
13178,UG3175 16 22,GIRLS SET,1030,32
13179,UG3176 24 34,GIRLS SET (K),1310,0
13180,UG3177 30 40,PLAZO SET,1595,6
13181,UG3179 28 38,PLAZO SET,1595,0
13182,UG3200 20 30,KALI PANT,1405,0
13183,UG3200 30 40,KALI PANT,1685,0
13184,UG3201 20 30,KALI PANT,1405,0
13185,UG3201 30 40,KALI PANT,1685,0
13186,UG3205 20 30,KALI PLAZO,1405,0
13187,UG3205 30 40,KALI PLAZO,1685,0
13188,UG3206 20 30,PLAZO SET,1405,0
13189,UG3206 30 40,PLAZO SET,1685,0
13190,UG3207 20 30,PAKISTANI SET,1405,0
13191,UG3207 30 40,PAKISTANI SET,1685,0
13192,UG3209 16 22,GIRLS SET (K),1030,0
13193,UG3211 16 22,PLAZO SET,1030,0
13194,UG3212 20 30,SHARARA,1365,0
13195,UG3212 30 40,SHARARA,1645,0
13196,UG3213 20 30,GIRLS SET (K),1310,0
13197,UG3213 30 40,GIRLS SET,1595,0
13198,UG3214 30 40,GIRLS SET,1645,0
13199,UG3215 16 22,GIRLS SET (K),1030,0
13200,UG3217 16 22,PLAZO SET,1030,0
13201,UG3219 16 22,GIRLS SET (K),1030,0
13202,UG3220 20 30,LAHANGA,1405,0
13203,UG3220 30 40,LAHANGA,1685,0
13204,UG3242 26 36,GIRLS SET,965,0
13205,UG3249 26 36,CORD SET,1125,0
13206,UG3250 30 40,PLAZO KURTI,1270,0
13207,UG3252 16 22,PLAZO SET,1030,4
13208,UG3253 24 34,GIRLS SET,1125,0
13209,UG3254 24 34,GIRLS SET,1125,0
13210,UG3255 24 34,GIRLS SET,1080,0
13211,UG3257 16 22,GIRLS SET (K),1030,0
13212,UG3268 26 36,PLAZO SET,1125,0
13213,UG3296 24 34,KALI PLAZO,1335,12
13214,UG3299 24 34,PLAZO SET,1405,18
13215,UG3302 16 22,LAHANGA,1030,4
13216,UG3307 26 36,PLAZO SET,985,0
13217,UG3313 16 22,SHARARA,985,0
13218,UG3354 36 40,KALI PLAZO,1650,21
13219,UG4035  30 40,GIRLS SET,1502,0
13220,UG4044  30 40,GIRLS SET,1627,0
13221,UG4071  30 40,GIRLS SET,1339,0
13222,UG4083 30 40,GIRLS SET (K),1531,0
13223,UG4099 30 40,GIRLS SET (K),1490,0
13224,UG4100 30 40,GIRLS SET (K),1490,0
13225,UG4102 30 40,GIRLS SET (K),1490,0
13226,UG4103 30 40,GIRLS SET (K),1488,0
13227,UG8075 16 22,PLAZO SET,1030,0
13228,UPPER L XL,JACKETS,350,9
13229,V-08 32 40,BOYS (MICRO) PANT,480,5
13230,V1562 28 38,GIRLS SET (K),875,0
13231,V2(SAANI) 16 22,FROCK (A),895,0
13232,VCRN001 M-XXL,LADIES SUIT (L),1375,8
13233,VIN027 M-XXL,CORD SET (L),620,4
13234,VIN029 M-XXL,LADIES SUIT (L),930,4
13235,VIN030 M-XXL,LADIES SUIT (L),990,16
13236,VIN035 M-XXL,LADIES SUIT (L),955,0
13237,VINY 16 26,GIRLS SET (A),680,0
13238,XTI 16,BOYS SHIRTS,320,22
13239,Y2271 10 16,BOYS SHIRTS,320,12
13240,YP1137 24 34,GIRLS SET (A),1165,6
13241,YP1300 24 34,GIRLS SET (A),980,5
13242,YP1331 24 34,GIRLS SET (A),1065,0
13243,ZC2001 24 34,MIDI COATI(K),835,0
13244,ZC2002 24 34,MIDI COATI(K),995,0
13245,ZC2003 24 34,MIDI COATI(K),1145,0
13246,ZC2004 24 34,MIDI COATI(K),1045,0
13247,ZC2005 24 34,COAT PAINT(k),1045,0
13248,ZC2006 24 34,MIDI COATI(K),1195,0
13249,ZC2007 24 34,SKIRT TOP,895,0
13250,ZC2008 24 34,COAT PAINT(k),1145,0
13251,ZC2011 24 34,COAT PAINT(k),1245,0
13252,ZC2012 24 34,COAT PAINT(k),995,0
13253,ZC2013 24 34,COAT PAINT(k),1045,6
13254,ZC2014 24 34,COAT PAINT(k),1235,0
13255,ZC2017 24 34,COAT PAINT(k),995,0
13256,ZC2021 24 34,COAT PAINT(k),1195,0
13257,ZC2024 24 34,PANT COAT,945,0
13258,ZC2028 24 34,MIDDY,895,0
13259,ZC2032  24 34,MIDI COATI(K),895,0
13260,ZC2036 24 34,PLAZO SET,1095,0
13261,ZC2037 24 34,PANT COAT,965,6
13262,ZC2040 24 34,PANT SHIRT,1095,0
13263,ZC2041 24 34,MIDI SET,895,4
13264,ZC2042 24 34,MIDDY,965,0
13265,ZC2053 24 34,MIDDY,895,0
13266,ZC2054 24 34,FISHCUT,1295,0
13267,ZC2055 24 34,MIDDY,995,12
13268,ZC2056 24 34,FISHCUT,1195,0
13269,ZC2059 24 34,GOWN,1295,6
13270,ZC2060 24 34,MIDDY,945,0
13271,ZC2061 24 34,COAT PAINT(k),1195,0
13272,ZK335 20 30,GIRLS SET (K),810,1
13273,ZK337 20 30,GIRLS SET (K),815,6
13274,ZK355 32 38,GIRLS SET (K),965,4
13275,ZK389 32 34,GIRLS SET (K),1025,4
13276,ZK434 32 34,GIRLS SET (K),820,8
13277,ZK440 32 38,GIRLS SET (K),1050,16
,,,,
